mes,baja_L,baja_M,baja_H,media_L,media_M,media_H,alta_L,alta_M,alta_H,EUR_baja_L,EUR_baja_M,EUR_baja_H,EUR_media_L,EUR_media_M,EUR_media_H,EUR_alta_L,EUR_alta_M,EUR_alta_H
0,0.02049226148448,0.0313278580645,0.044414151724140004,0.09292896129032001,0.12807649999999998,0.17311120000000002,0.2592616,0.29138,0.36172420000000005,0.0006147678445343999,0.0009398357419350001,0.0013324245517242002,0.0027878688387096002,0.0038422949999999995,0.005193336000000001,0.0077778479999999995,0.008741399999999998,0.010851726
1,0.01010674747718048,0.015450844734664874,0.021904981850296438,0.04823270605594578,0.06647525261662232,0.08984950986923154,0.17872429495866807,0.20086540029474748,0.24935780159687457,0.0009179702688498143,0.0014033610839749465,0.0019895740072330935,0.0042348500203879735,0.005836552578498668,0.007888821296076948,0.01313957684876004,0.014767362008842424,0.01833246004790624
2,0.005939813121925062,0.009080580127979217,0.012873726084845133,0.03063773142050313,0.04222551671506535,0.05707299831870034,0.13296083669023617,0.14943257541726584,0.18550819821796338,0.0010961646625075663,0.001675778487814323,0.0023757857897784476,0.005153981963003067,0.00710331807995063,0.009601011245637957,0.017128401949467124,0.019250339271360394,0.02389770599444514
3,0.0038789337789427547,0.005929979322211291,0.008407054219776219,0.02164688852494324,0.029834162350135803,0.040324553258613643,0.10401072242221174,0.11689600117944213,0.14511672904740466,0.0012125326758758489,0.0018536778674806613,0.002627997416371734,0.005803388618751365,0.007998342950454703,0.010810747843396367,0.02024872362213348,0.02275721930674366,0.02825120786586728
4,0.0027179655656631124,0.004155131415328664,0.005890815667454515,0.016335894649503597,0.02251444740182506,0.030431054932535003,0.0843145319672961,0.09475976513541048,0.11763642060468892,0.0012940716428457419,0.001978331809940521,0.0028047218863953695,0.006293465458236473,0.008673776372509455,0.011723679491372417,0.02277815958115236,0.025600012260805976,0.03178030048400794
5,0.00200296629111273,0.0030620653422503345,0.004341153308979268,0.012893149822389448,0.017769589590788545,0.024017793877634964,0.07018946488005799,0.07888482627875203,0.09792899539371461,0.001354160631579124,0.002070193770208031,0.002934956485664748,0.006680259952908156,0.009206864060233112,0.012444213307701468,0.0248838435275541,0.027966557049168537,0.03471817034581938
6,0.0015330511160797247,0.0023436753335664188,0.003322676949149561,0.010512027777857367,0.014487880925351434,0.019582159509704728,0.059647009407491354,0.06703632779075201,0.08322006328865242,0.0014001521650615157,0.0021405040302150237,0.0030346367941392347,0.006995620786243877,0.009641500487993655,0.013031678092992608,0.026673253809778842,0.029977646882891097,0.03721477224447896
7,0.0012085263554164093,0.0018475531438229393,0.002619314269083386,0.008784442884427862,0.01210688985936852,0.016363956165441094,0.05152803778452943,0.05791154436158763,0.07189239843146338,0.001436407955724008,0.0021959306245297123,0.0031132162222117362,0.007259154072776713,0.01000470718377471,0.013522596777955842,0.02821909494331472,0.031714993213738725,0.03937154419742286
8,0.000975488152109112,0.0014912924274375725,0.002114236089837523,0.007484031713898942,0.01031463791799665,0.013941506424284723,0.045115554969719536,0.050704656636682326,0.06294564265968361,0.0014656726002872814,0.0022406693973528393,0.0031766433049068617,0.007483675024193681,0.01031414632131461,0.013940841970684383,0.02957256159240631,0.03323613291283919,0.041259913477213375
9,0.0008027805526885286,0.0012272630441795902,0.0017399161773970521,0.0064761647683301135,0.008925576111410073,0.012064017921613502,0.03994450618017392,0.044892996921947086,0.055730947207062176,0.0014897560168679372,0.002277487288678227,0.0032288407902287737,0.007677959967243585,0.010581913604656913,0.01430276250833279,0.030770896777811526,0.03458292282049761,0.042931841893425235
10,0.0006714068439259897,0.0010264234782470156,0.0014551817747074582,0.005676265793106636,0.007823139802236763,0.010573939160837226,0.03570131035992508,0.04012413644240015,0.04981080086250959,0.0015098982221857168,0.0023082799930256373,0.0032724962434699974,0.007848247941036786,0.010816607798724015,0.014619980683157903,0.031841936088609274,0.03578664691376961,0.04442616591930052
11,0.0005692650502481131,0.0008702726494467181,0.0012338035180801546,0.00502880297914346,0.006930793972248533,0.009367823617046925,0.03216756748376319,0.036152618873828285,0.044880489875902395,0.00152697617369316,0.0023343881725090393,0.003309510349012402,0.00799911203041109,0.011024531617891471,0.014901015391669312,0.03280696311312217,0.03687122547998446,0.04577258061557759
12,0.000488357886500491,0.0007465845858229741,0.0010584483944410074,0.004495962086189965,0.006196422300825719,0.008375229649488404,0.029186940615839617,0.03280273961374668,0.04072189149766913,0.001541626910288175,0.002356785710083728,0.003341263800845632,0.008133990892996788,0.011210424286916243,0.015152272281153964,0.03368257133159736,0.03785530766839686,0.04699423736050766
13,0.00042323373181462666,0.0006470250386195352,0.0009173007671127619,0.004051194298067635,0.005583434693684745,0.0075467012289170835,0.02664485544427368,0.029945730410336373,0.037175150580323287,0.0015543239222426137,0.0023761964612423144,0.0033687828238590147,0.008255526721938817,0.011377927327726786,0.015378673318021476,0.03448191699492557,0.038753679580706954,0.04810949187791736
14,0.00037007571663253276,0.0005657589101409178,0.0008020880975184491,0.003675368537097807,0.005065464327864394,0.006846600339280032,0.02445561250445266,0.027485274994628647,0.03412069843232911,0.0015654261937415898,0.002393169228546542,0.0033928454667845683,0.008365787778051754,0.011529891257562716,0.01558407132819988,0.03521558537005915,0.03957823783054581,0.04913311283088723
15,0.0003261487861669429,0.0004986049435629785,0.0007068825314586931,0.0033543861366575065,0.004623080147096903,0.006248663509387918,0.02255395353768366,0.025348030644762914,0.03146748612311192,0.001575210657326598,0.002408127376853431,0.003414051942728329,0.008466419362151478,0.011668583661975625,0.015771531233481517,0.03589220397618966,0.040338678749888696,0.05007713741458059
16,0.0002894527892130755,0.00044250537714973776,0.0006273490169360521,0.0030776520056776395,0.00424167979101507,0.0057331538466335995,0.02088939452313525,0.023477259170471634,0.029145077876420886,0.0015838942410029903,0.002421402538167923,0.0034328724132364104,0.008558748922321807,0.011795834055706077,0.015943525848880525,0.03651888581188372,0.04104299652500285,0.05095148975087321
17,0.0002584984499736028,0.00039518345775548154,0.0005602597539699481,0.002837066004423612,0.003910099489656196,0.00528498213781429,0.01942232788257808,0.021828446242812667,0.027098212830065277,0.0015916491945021985,0.002433258041900588,0.003449680205855509,0.008643860902454517,0.011913137040395764,0.016102075313014955,0.037101555648361054,0.04169784991228723,0.05176443613577517
18,0.00023215896308121997,0.00035491656444645023,0.0005031725472670529,0.0026263404427802166,0.003619673426337746,0.00489243546194219,0.018121285410534232,0.020366225244777724,0.02528298625055607,0.001598613963394635,0.002443905538833981,0.0034647753822735204,0.008722651115737922,0.012021727243185894,0.01624884837687322,0.03764519421067708,0.04230883666963056,0.052522925723291855
19,0.00020956943348870652,0.00032038247569523784,0.0004542128560461159,0.0024405277924296085,0.003363582821404786,0.004546297396577579,0.016960980335477452,0.01906217677493088,0.02366411779864937,0.0016049010463992962,0.002453517013104838,0.003478401767954904,0.008795866949510811,0.01212263472782804,0.016385237298770543,0.03815402362074141,0.042880701972878486,0.05323284925725134
20,0.00019005734193981206,0.000290553067406248,0.0004119230875320724,0.002275687280941682,0.003136396425727483,0.004239226938067449,0.015920883184923948,0.017893228084772828,0.022212964563051635,0.0016106027666574908,0.0024622336051270256,0.003490759460580866,0.008864137567939063,0.012216726620599864,0.016512414106912565,0.03863165011628913,0.043417498815421667,0.053899238194142884
21,0.000173093578918739,0.00026461945531729034,0.0003751564697919604,0.002128645281486047,0.002933740285146674,0.003965312147428162,0.0149841701845939,0.016840471201238327,0.02090605385713149,0.0016157955740250527,0.0024701721887865446,0.0035020141546746246,0.008927996926383642,0.012304738829154263,0.016631373471335413,0.03908117522182695,0.04392271295145881,0.05452641980985683
22,0.00015825738902406852,0.000241938403175231,0.00034300107349814003,0.001996820312440738,0.0027520565515344467,0.0037197441537205503,0.014136936026835023,0.015888278169613967,0.019723984866089225,0.001620543295695775,0.002477430340881801,0.0035123041868795686,0.008987901535756865,0.012387300525700298,0.01674296579594703,0.039505283302632005,0.044399361296547236,0.0551181393558395
23,0.0001452108944757423,0.00022199337515776285,0.00031472459514184065,0.0018780933439607802,0.0025884247367870747,0.003498575556756273,0.013367597126466959,0.015023630382246899,0.018650596063950697,0.0016248996225300472,0.0024840901421365343,0.003521745924733824,0.00904424433607569,0.012464953267803908,0.016847923062649716,0.03990631121642601,0.04485007020801463,0.05567765723775803
24,0.00013368032457352724,0.00020436584012103846,0.0002897336744720727,0.0017707103943882887,0.002440427469304932,0.0032985389804088966,0.01266643405314232,0.014235604325533011,0.01767232681093407,0.001628910032267253,0.0024902211173401657,0.0035304379349679863,0.009097365647907339,0.012538166091883057,0.016946879232061982,0.040286304238020286,0.045277138337780624,0.056207827042086045
25,0.00012344201093484513,0.00018871386160537355,0.00026754354110430597,0.0016732084818253405,0.0023060484390115066,0.003116909132709036,0.012025236958219172,0.01351497308080295,0.016777722649718524,0.0016326132925952982,0.002495882533188327,0.0035384642412011153,0.009147561902362097,0.012607347545053403,0.01704038650604325,0.04064706134676686,0.04568258753020472,0.0567111587215776
26,0.00011431181683257849,0.00017475593777379592,0.00024775510406742574,0.0015843586985391312,0.0021835939413925656,0.002951396762928381,0.011437028122835497,0.012853894500503765,0.015957048201932614,0.0016360426471002758,0.002501125211321541,0.0035458968943231383,0.009195092663318272,0.012672855363295179,0.017128928408931102,0.04099017219045193,0.04606820436521982,0.05718987016763558
27,0.00010613707279679274,0.00016225867283987578,0.00023003747333221505,0.0015031219960733749,0.002071631939677614,0.0028000662965955462,0.0108958428851853,0.012245664995839308,0.015201981515848645,0.0016392267592841795,0.0025059929715067373,0.0035527980185231043,0.009240186323200474,0.012735004321485506,0.01721293039782897,0.041317047477007485,0.046435574315095006,0.05764592961311105
28,9.879036301219281e-05,0.00015102727792783393,0.0002141144926844437,0.0014286145147094096,0.00196894428122957,0.002661271250048123,0.010396555207652033,0.01168452349443824,0.014505370696021957,0.0016421904701745453,0.002510523789844572,0.003559221453303638,0.009283044758641756,0.012794072649922395,0.017292768535330412,0.04162894413323704,0.046786110019928155,0.0580810907339917
29,9.216469348840545e-05,0.00014089818433898345,0.00019975426740006632,0.001360080156185327,0.0018744888967333702,0.0025336031379698063,0.009934737699546562,0.011165494122129452,0.013861038605710686,0.0016449554109791975,0.0025147507353747416,0.00356521408132564,0.009323847163327317,0.012850307316824395,0.017368776629469507,0.04192698626422344,0.047121074843592035,0.058496921892163024
30,8.616970237763553e-05,0.00013173325001690392,0.00018676095063118446,0.0012968687077980572,0.0017873696504084305,0.002415850722230729,0.009506548468137276,0.010684259036609505,0.013263625000378698,0.0016475405020505264,0.002518702732875249,0.0035708169098445756,0.009362753224561258,0.012903928406336649,0.017441252151136427,0.042212182718267564,0.04744160261469032,0.05889483064217438
31,8.072866377542586e-05,0.00012341517906204192,0.0001749682495572466,0.0012384182603997621,0.0017068121081496694,0.002306967259538784,0.009108639030401232,0.010237054930920393,0.012708458045312773,0.001649962361963789,0.0025224051882471103,0.0035760659573312926,0.00939990577237325,0.012955132769581138,0.017510461168922593,0.0424854418891796,0.04774871426261793,0.05927608438353376
32,7.577610104903386e-05,0.00011584387307097558,0.00016423425260332885,0.0011842409761852963,0.0016321439224156614,0.0022060439891945995,0.008738078884786808,0.009820588260849968,0.012191449077443017,0.0016522356449952603,0.00252588050443924,0.003580992984909393,0.00943543300165881,0.013004097087253608,0.01757664248859843,0.042747584255723205,0.04804333191044343,0.05964182785585705
33,7.125587228644893e-05,0.00010893350423732683,0.0001544372799148182,0.0011339114907455386,0.0015627788477132008,0.0021122885280457347,0.00839229335676475,0.009431965390532624,0.011709005886876593,0.0016543733211638538,0.0025291485095663593,0.0035856261033068372,0.009469450346381176,0.013050980452685004,0.0176400111444398,0.042999353056426146,0.0483262908721594,0.05999309803246335
34,6.71196242947859e-05,0.0001026101518781677,0.00014547253261206082,0.0010870574022966864,0.0014982036326683244,0.0020250071535025775,0.008069012091839694,0.009068634704561918,0.011257960853867448,0.0016563869098926974,0.0025322268141227044,0.003589990279285199,0.009502062068450078,0.013095926561665054,0.01770076135904488,0.043241423419181337,0.048598349913296264,0.06033083685807937
35,6.332553641339311e-05,9.680988201910245e-05,0.00013724937017845027,0.0010433514263077997,0.0014379672073815636,0.0019435901889142146,0.007766226143821088,0.008728338380178896,0.01083551107797209,0.0016582866759850994,0.0025351311105832773,0.0035941077603905526,0.009533362611239313,0.013139065577886501,0.017759069064712307,0.04347441020349597,0.04886020006470163,0.06065590219041853
36,5.983729380634343e-05,9.147717779946533e-05,0.00012968908521344288,0.0010025048878209274,0.0013816717144171024,0.0018674998808431052,0.007482152043462819,0.008409072004586087,0.0104391682462808,0.0016600817947992894,0.0025378754259172613,0.003597998432946956,0.00956343775787394,0.013180515729319013,0.0178150940611376,0.04369887476479986,0.04911247222483921,0.06096907723780696
37,5.6623243648030526e-05,8.656364947814908e-05,0.00012272307458116504,0.0009642622949782388,0.0013289650299324366,0.0017962602904486,0.007215201568241177,0.008109050599680454,0.010066716455930172,0.0016617804921087306,0.002540472335401606,0.003601680125184391,0.009592365626723288,0.013220384680216989,0.017868981869851055,0.0439153308118471,0.049355743742829625,0.061271078731484865
38,5.3655697973982715e-05,8.202696865612755e-05,0.00011629132843566052,0.0009283967916215882,0.0012795344963627416,0.0017294488224361994,0.0069639561935514295,0.00782667990815846,0.009716176568174525,0.00166339016304795,0.0025429331444612895,0.0036051688650374607,0.009620217530471936,0.013258770715107872,0.017920865334524142,0.044124249497653645,0.049590544140074376,0.061562564028530095
39,5.091035483340962e-05,7.782998335456092e-05,0.00011034117564883478,0.0008947063286207996,0.0012331016456711245,0.0016666890928788906,0.006727145407619726,0.00756053202198951,0.009385775953148942,0.0016649174736929522,0.002545268043961927,0.003608479100306926,0.009647058720330559,0.013295763764478006,0.01797086600731051,0.044326063859882234,0.049817360100734065,0.06184413730712456
40,4.836581539469876e-05,7.393997978244033e-05,0.0001048262372031901,0.0008630104259497848,0.00118941773677902,0.001607644897503448,0.006503628230712154,0.0073093246121481445,0.009073922705297544,0.0016663684481547931,0.0025474862433554,0.0036116238874230214,0.009672949033109052,0.013331446296581376,0.01801909535423561,0.04452117270680359,0.050036639839098514,0.06211635498828348
41,4.60031792871228e-05,7.032806370903578e-05,9.970554915076197e-05,0.0008331474227608246,0.0011482599655651363,0.001552015089036158,0.006292377404010148,0.007071903158741892,0.008779183583545146,0.0016677485435334068,0.002549596085266671,0.003614615053897544,0.009697943455791877,0.01336589409554833,0.018065655806906694,0.0447099440289239,0.050248796933860765,0.06237973049578984
42,4.3805704052795595e-05,6.6968639845867e-05,9.494282452218126e-05,0.0008049721325046674,0.0011094282331064135,0.0014995292090815334,0.006092465812478729,0.0068472256918882405,0.008500265068356513,0.0016690627146549906,0.002551605144462047,0.0036174633386332096,0.009722092619767019,0.013399176942541521,0.018110641683179142,0.04489271800329826,0.05045421370461742,0.06263473844784054
43,4.175851738396716e-05,6.38389719250684e-05,9.050582964068198e-05,0.0007783538357723688,0.0010727423793736508,0.001449943749120471,0.005903054784966626,0.006634349642382734,0.008235997037927042,0.0016703154701765094,0.0025535203136197986,0.0036201785135224302,0.009745443234840188,0.01343135921392273,0.018154139995652754,0.04506980964684726,0.0506532441938889,0.06288181835897834
44,3.984837301880654e-05,6.0918809521334815e-05,8.636585505986241e-05,0.0007531745559433937,0.0010380398066962174,0.001403038938329438,0.005723383978040938,0.006432420472301213,0.007985318654014617,0.0016715109213670737,0.002555347877905439,0.003622769489174226,0.009768038471518489,0.013462500408123615,0.01819623116380264,0.04524151116618848,0.05084621680805793,0.06312137791859877
45,3.806344290351044e-05,5.8190070316567304e-05,8.249726510370808e-05,0.000729327572631034,0.001005173430963644,0.001358615974376514,0.005552762601034652,0.0062406618129698995,0.007747266119044158,0.0016726528246541789,0.002557093580014936,0.003625244407127337,0.00978991829869742,0.013492655611052526,0.018236989643033937,0.04540809404421952,0.05103343666244703,0.06335379590217009
46,3.639313960500948e-05,5.5636568610582597e-05,7.887711297061441e-05,0.0007067161358667289,0.0009740099094894704,0.00131649462816062,0.00539056178105918,0.006058366884124081,0.007520962023701958,0.0016737446188423296,0.002558762677073254,0.003627610720516455,0.009811119782773423,0.01352187590833721,0.018276484481878755,0.045569810897651296,0.05121518766897075,0.06357942476288116
47,3.482796405637034e-05,5.324378255956871e-05,7.548481074253573e-05,0.0006852523503775943,0.0009444281033008598,0.0012765111654061115,0.005236207900307648,0.005884891005808969,0.007305606051079158,0.0016747894577640206,0.0025603599905500408,0.003629875264838731,0.00983167735328475,0.013550208751436236,0.018314779816840935,0.04572689713466053,0.051391734399145024,0.06379859294441353
48,3.335937459694615e-05,5.0998653969212484e-05,7.230184554756501e-05,0.0006648562045086081,0.0009163177387802857,0.001238516537706307,0.0050891767654057726,0.005719645045405621,0.007100466841695767,0.001675790239001929,0.002561889950169117,0.003632044320205158,0.00985162303942001,0.013577698283599643,0.018351935312972127,0.045879572437622695,0.051563323750507185,0.06401160694966442
49,3.197967397799192e-05,4.888941555280654e-05,6.931153466018283e-05,0.000645454722572149,0.0008895782394171981,0.0012023748034916514,0.004948988491074959,0.005562089667461056,0.0069048748551397395,0.0016767496292212688,0.0025633566326357013,0.0036341236662449632,0.009870986681097173,0.01360438563078216,0.018388006557076873,0.04602804209235495,0.05173018644053102,0.06421875319531861
50,3.06819115777716e-05,4.690544144109915e-05,6.649881356598232e-05,0.000626981222867581,0.0008641177031961981,0.0011679617458435993,0.004815202998915557,0.005411730274842148,0.006718216089927437,0.001677670086568602,0.0025647637958789342,0.003636118630651943,0.009889796117783201,0.013630309161878046,0.018423045409452183,0.04617249818232241,0.05189253834877629,0.06442029967801643
51,2.945979853601217e-05,4.503711744279324e-05,6.385005202729796e-05,0.0006093746664547651,0.0008398520050640388,0.0011351636593679704,0.004687416047455176,0.0052681125469698905,0.006539926544590043,0.001678553880524682,0.002566114909402218,0.0036380341322127616,0.009908077357776844,0.013655504722029968,0.01845710031923322,0.04631312066374607,0.05205058172518538,0.06461649747435413
52,2.8307633897639842e-05,4.327572813565401e-05,6.135289400993549e-05,0.0005925790841078348,0.0008167040071461855,0.0011038762827051392,0.004565255722339583,0.005130818495200629,0.006369487320755206,0.0016794031095416113,0.002567413181246288,0.00363987471903306,0.009925854730300077,0.013680005842244353,0.018490216607714372,0.046450078335416256,0.05220450628004139,0.06480758209397679
53,2.7220240167092197e-05,4.1613358344178145e-05,5.8996118006027925e-05,0.0005765430708143145,0.0007946028620556774,0.0010740038568659576,0.004448379326152378,0.004999462967343717,0.0062064202837944695,0.001680219716746624,0.002568661581996613,0.0036416446025732403,0.00994315102242451,0.013703843928106023,0.01852243672342035,0.04658352971520083,0.05235449016906171,0.06499377470249063
54,2.6192906930549587e-05,4.004280695121816e-05,5.676951484299429e-05,0.000561219338795209,0.000773483396856733,0.0010454582925825213,0.004336470616219432,0.004873690543273735,0.006050284208982283,0.0016810055039545406,0.0025698628662051497,0.003643347688018531,0.009959987602588365,0.013727048430011725,0.018553800472197828,0.046713623833687414,0.05250070088535993,0.0651752832287601
55,2.5221341414773163e-05,3.855751131405004e-05,5.4663780526637e-05,0.0005465643213644054,0.0007532855670960788,0.0010181584323641164,0.004229237346194601,0.004753172771957678,0.005900671351493494,0.0016817621441969836,0.002571019591544572,0.00364498760143433,0.009976384532229297,0.013749646997024608,0.01858434522516875,0.04684050095407325,0.05264329606851865,0.0653523033693049
56,2.4301625026306583e-05,3.715148082301335e-05,5.267042204585294e-05,0.0005325378210689696,0.0007339539718630702,0.0009920293950411072,0.004126409073485229,0.0046376057072552435,0.005757204387302963,0.001682491192947773,0.002572134135969262,0.003646567714095705,0.009992360666861367,0.0137716656161805,0.01861410610701998,0.046964293226277806,0.05278242423973631,0.06552501950092399
57,2.343017506031752e-05,3.581923836331728e-05,5.078167438182629e-05,0.0005191026964946859,0.0007154374221390018,0.0009670019923357462,0.004027735199862019,0.004526707705791351,0.005619533679426221,0.0016831940981995826,0.002573208713120162,0.0036480911643271604,0.010007933747756206,0.013793128738844668,0.018643116166790055,0.04708512528227367,0.05291822547091005,0.06569360551130679
58,2.26037108897133e-05,3.455576862613416e-05,4.899042722759778e-05,0.000506224582914998,0.0006976885557900489,0.0009430122084776079,0.003932983217073848,0.0044202174552304616,0.005487334830184896,0.0016838722095262736,0.002574245386178946,0.003649560877143988,0.010023120485243658,0.013814059395518368,0.018671406533044384,0.04720311477878588,0.05305083199456696,0.06585822555621233
59,2.1819224046697806e-05,3.335647237032217e-05,4.7290160143963794e-05,0.0004938716426319338,0.0006806634934822807,0.0009200007351302528,0.003841937133088854,0.004317892205553889,0.005360306485483617,0.0016845267862476748,0.002575246080350056,0.0036509795819483068,0.010037936634522616,0.013834479300322838,0.01869900655509829,0.04731837289277855,0.05318036876073357,0.06601903475077683
60,2.1073951694145463e-05,3.22171258663827e-05,4.567488506233674e-05,0.00048201434142552567,0.0006643215305799071,0.0008979125549536757,0.003754396057819589,0.004219506179578741,0.00523816836160058,0.001685159004798499,0.0025762125941260474,0.003652349828500177,0.010052397064765382,0.013854408946240234,0.018725943931746897,0.04743100477451313,0.053306953946120936,0.06617617980162485
61,2.0365353055890278e-05,3.113384486390432e-05,4.413909520064576e-05,0.00047062524801067863,0.0006486248607528378,0.0008766965680258024,0.0036701729299534634,0.004124849142062844,0.005120659468849505,0.0016857699653901757,0.0025771466094719644,0.0036536740013561964,0.010066515822205701,0.01387386769206282,0.018752244828787675,0.047541109962411746,0.053430699420382824,0.06632979958569034
62,1.9691088435572428e-05,3.0103052516303768e-05,4.267771958957925e-05,0.00045967885381143,0.000633538327586066,0.0008563052561119098,0.0035890933688753047,0.004033725109398716,0.0050075365097713076,0.0016863606980432428,0.0025780497010474534,0.003654954332943884,0.010080306187820045,0.013892873841890401,0.01877793398647103,0.047648782763478004,0.053551711173664786,0.06648002568098348
63,1.904900050493682e-05,2.91214507750262e-05,4.12860825175515e-05,0.0004491514107135728,0.0006190292009671812,0.0008366943804247454,0.0035109946376990792,0.003945951184181374,0.004898572432346285,0.0016869321680583911,0.002578923344570704,0.0036561929154194104,0.010093780730141451,0.013911444717919415,0.018803034817883774,0.04775411260260897,0.053670089709190225,0.06662698285395387
64,1.8437097585979577e-05,2.818599483187107e-05,3.9959867297059896e-05,0.00043902078475722815,0.0006050669754426295,0.0008178227090781224,0.003435724705172434,0.003861356500897718,0.004793555121154597,0.0016874852809859705,0.00257976892441566,0.003657391711438322,0.010106951353684166,0.013929596727182695,0.018827569499156118,0.047857184343764146,0.053785930404217155,0.06677078950758851
65,1.785353868835912e-05,2.7293870244705543e-05,3.8695083835336244e-05,0.0004292663239890145,0.0005916231880890066,0.0007996517709174881,0.0033631413957238687,0.0037797812706780367,0.0046922862115141625,0.001688020887146621,0.0025805877405230015,0.003658552563953382,0.010119829343403839,0.013947345422825367,0.01885155905228364,0.04795807858563586,0.053899323842337504,0.06691155809393393
66,1.7296620095073256e-05,2.6442472430113227e-05,3.748803956065107e-05,0.00041986873891555044,0.0005786712537517517,0.0007821456328246812,0.0032931116182242167,0.0037010759145132644,0.004594580013441483,0.0016885397857494733,0.002581381014695905,0.0036596772051402018,0.010132425405571304,0.01396470556043792,0.01887502342126838,0.048056871934182586,0.0540103561197729,0.06704939549433717
67,1.6764763316416328e-05,2.5629388247822e-05,3.6335313314176446e-05,0.00041080999419159254,0.0005661863157676354,0.0007652706979509459,0.003225510665161761,0.003625100275609014,0.004500262533854247,0.0016890427286489658,0.0025821498963433396,0.003660767264539627,0.010144749705397051,0.01398169114991095,0.01889798154220691,0.04815363725413744,0.054119109128041167,0.0671844033703528
68,1.6256504255388386e-05,2.4852379437157613e-05,3.5233731867503985e-05,0.0004020732103417265,0.0005541451105156842,0.0007489955226407869,0.0031602215749092803,0.0035517229026476196,0.004409170586800358,0.0016895304237766274,0.0025828954677264543,0.0036618242764956525,0.010156811901707304,0.013998315503226418,0.018920451407886132,0.04824844390138472,0.05422566081512059,0.0673166784879568
69,1.5770483447627173e-05,2.4109367696190494e-05,3.418034876904293e-05,0.000393642574458034,0.0005425258443389708,0.000733290650076575,0.0030971345506129472,0.003480820396686592,0.004321150982686322,0.0016900035382800562,0.0025836187487573397,0.003662849686958723,0.010168621178941045,0.014014591278556587,0.01894245012738843,0.04834135793790311,0.05433008542702119,0.0674463130174374
70,1.530543725607004e-05,2.339842122044051e-05,3.3172425259663794e-05,0.0003855032589407561,0.0005313080815514161,0.0007181284589059158,0.003036146429975331,0.0034122768152561422,0.004236059788513543,0.0016904627013977385,0.0025843207013939527,0.003663844859716513,0.010180186276709267,0.014030530521003129,0.018963993981155607,0.048432442330802364,0.054432453731478876,0.06757339481109281
71,1.4860189915342823e-05,2.271774254061484e-05,3.220741303000796e-05,0.0003776413474573938,0.0005204726423931854,0.00070348302531577,0.0029771602008531336,0.0033459831279471623,0.004153761652035779,0.0016909085070951988,0.0025850022336701716,0.0036648110821074133,0.010191515517132987,0.014046144700274927,0.01898509847191508,0.04852175713682796,0.05453283322531729,0.06769800766065387
72,1.4433646333664258e-05,2.2065657518409267e-05,3.1282938619607835e-05,0.0003700437673902102,0.0005100015099285207,0.0006893299971933817,0.0029200845581576497,0.003281836718418678,0.0040741291835425285,0.0016913415164852086,0.0025856642033957235,0.0036657495702660014,0.010202616830154694,0.014061444745572782,0.019005778371830883,0.04860935967357269,0.05463128832686985,0.06782023153616015
73,1.4024785571140026e-05,2.144060537635051e-05,3.039678928198827e-05,0.0003626982281246729,0.0004998777449936748,0.0006756464791679119,0.002864833498043385,0.003219740928312876,0.0039970423896672136,0.0016917622600523428,0.002586307421557014,0.003666661473944461,0.010213497776998435,0.014076441077922592,0.01902604776620592,0.04869530467851399,0.054727880554719235,0.06794014280785018
74,1.3632654922947331e-05,2.084112965237417e-05,2.954690016078483e-05,0.0003555931646036462,0.0004900854084022018,0.000662410927461285,0.0028113259458071396,0.003159604639056784,0.003922388154228513,0.0016921712397000312,0.002586932655446585,0.0036675478809492846,0.010224165571936544,0.014091143640174657,0.01904592009402976,0.048779644456888205,0.05482266869389094,0.06805781445247704
75,1.3256364544286686e-05,2.0265869982637586e-05,2.8731342640067784e-05,0.00034871768563551485,0.00048060948970220875,0.0006496030535948204,0.002759485414304246,0.0031013418879617008,0.0038500597616495163,0.0016925689306363598,0.002587540631546064,0.0036684098212284868,0.01023462710250561,0.014105561924865721,0.019065408185637605,0.04886242901931733,0.05491570895052979,0.06817331624532652
76,1.2895082561278797e-05,1.971355462722871e-05,2.7948313747885085e-05,0.00034206152650008664,0.0004714358418568898,0.0006372037361019113,0.00270923969002746,0.003044871515412237,0.003779956458972062,0.001692955783113198,0.002588132038184881,0.0036692482706409237,0.01024488894830061,0.014119705000121429,0.019084524297720663,0.04894370621001816,0.05500705509599216,0.06828671493909567
77,1.2548030618360565e-05,1.9182993663179638e-05,2.7196126505857068e-05,0.0003356150054451066,0.00046255112128717704,0.0006251949394882651,0.0026605205442930676,0.0029901168402729677,0.00371198305290091,0.001693332224031749,0.002588707527994777,0.003670064154436099,0.010254957398463965,0.014133581533760044,0.019103280145905312,0.04902352182634695,0.05509675860120035,0.0683980744306827
78,1.221447981831274e-05,1.8673072777721846e-05,2.6473201129746086e-05,0.0003293689837093942,0.00045394273277485114,0.0006135596397616567,0.0026132634672432612,0.0029370053609379153,0.003646049538681375,0.0016936986584262983,0.0025892677201781083,0.0036708583504699915,0.010264838467975245,0.014147199815743288,0.01912168693509816,0.04910191973036425,0.05518486876202849,0.06850745591684314
79,1.1893747015940363e-05,1.8182747602193462e-05,2.5778056996519794e-05,0.00032331482874673796,0.0004455987787769987,0.0006022817559241609,0.0025674074226080435,0.0028854684797113483,0.0035820707579408465,0.0016940554708367766,0.002589813202606174,0.0036716316921798875,0.010274537912837648,0.014160567779106598,0.019139755387775886,0.04917894195304249,0.05527143281641982,0.06861491803958138
80,1.1585191430718863e-05,1.771103853357023e-05,2.5109305302728577e-05,0.0003174443803583958,0.00043750801274916595,0.0005913460868826321,0.0025228946213777187,0.0028354412484418814,0.0035199660829145483,0.001694403026579698,0.0025903445337621812,0.003672384971338969,0.0102840612442484,0.014173693019489073,0.019157495770382362,0.04925462879168383,0.05535649605387308,0.0687205170220688
81,1.12882115474927e-05,1.7257025996361128e-05,2.44656423471971e-05,0.0003117499194719149,0.00042965979611572184,0.0005807382532888388,0.0024796703127215845,0.0027868621335393104,0.0034596591247333395,0.0016947416729261229,0.002590862244542072,0.0036731189406093846,0.010293413741832558,0.014186582813372544,0.019174917917981028,0.049329018901065474,0.05544010191787927,0.06882430679581081
82,1.1002242277636928e-05,1.6819846102690765e-05,2.3845843378233376e-05,0.0003062241393304696,0.0004220440585624437,0.0005704446438699912,0.002437682590652649,0.002739672798688154,0.003401077463680534,0.0016950717401944522,0.0025913668399251528,0.0036738343159107316,0.010302600466012472,0.014199244135129418,0.019192031257297126,0.04940214937878505,0.05552229210183991,0.06892633911972124
83,1.0726752356024257e-05,1.6398686672872908e-05,2.3248756951913695e-05,0.0003008601188804602,0.00041465126135878887,0.0005604523658542636,0.0023968822150844966,0.0026938179037363057,0.0033441523995287677,0.001695393542765133,0.0025918588005253386,0.0036745317786192892,0.010311626269578886,0.014211683672970182,0.019208844828272755,0.04947405584523759,0.055603106638952,0.06902666369170708
84,1.046124195173044e-05,1.5992783582739868e-05,2.2673299753615966e-05,0.0002956512981660473,0.00040747236344616377,0.0005507491991349042,0.002357222446056973,0.0026492449183839056,0.003288818720250133,0.0016957073800236851,0.0025923385840328213,0.003675211977611897,0.010320495808523868,0.014223907843873567,0.0192253673042468,0.0495447725186193,0.05568258398650352,0.06912532825331459
85,1.0205240472702672e-05,1.5601417407495715e-05,2.21184518399411e-05,0.0002905914555579598,0.0004004987900542245,0.0005413235538512911,0.002318658890023936,0.0026059039494285867,0.0032350144875554127,0.0016960135372378659,0.0025928066265550466,0.0036758755311670954,0.010329213552190608,0.014235922807575192,0.01924160701086234,0.04961433228532002,0.05576076110498638,0.06922237868794126
86,9.958304546646699e-06,1.5223910334966588e-05,2.1583252262564177e-05,0.00028567468666055803,0.0003937224036301822,0.0005321644310962996,0.002281149357200663,0.002563747580440486,0.0031826808378638567,0.0016963122863742654,0.0025932633438650954,0.0036765230287349724,0.010337783792790425,0.014247734479684098,0.019257571943795227,0.049682766766036036,0.055837673532399594,0.06931785911307717
87,9.720016162190259e-06,1.4859623323875885e-05,2.1066795039462475e-05,0.00028089538475600963,0.0003871354768865853,0.0005232613864870531,0.0022446537290619524,0.002522730722845465,0.0031317617974353,0.0016966038868591311,0.0025937091325648116,0.0036771550325861565,0.010346210654333105,0.014259348543990696,0.01927326978538984,0.049750106377907895,0.055913355454084955,0.06941181196700022
88,9.489980955981866e-06,1.450795348522033e-05,2.0568225442438196e-05,0.00027624822265773837,0.0003807306677913906,0.0005146044963609171,0.0022091338351657493,0.002482810477489131,0.0030822041105133297,0.0016968885862878107,0.0025941443711693683,0.0036777720793494295,0.010354498101012839,0.014270770464024437,0.01928870792028067,0.04981638039296287,0.05598783976840964,0.06950427809031562
89,9.26782663280884e-06,1.4168331667001267e-05,2.0086736572942112e-05,0.0002717281358572282,0.00037450099634056116,0.0005061843263807972,0.002174553338552393,0.002443946005838875,0.003033957079433258,0.001697166621086795,0.0025945694211193778,0.003678374681446618,0.010362649945088554,0.014282005493914654,0.019303893450072093,0.049881616993119444,0.056061158148584804,0.06959529680269863
90,9.053201507087839e-06,1.3840220224505994e-05,1.9621566200955367e-05,0.0002673303068589527,0.0003684398229681617,0.0004979919023537187,0.002140877629037255,0.00240609841005716,0.0029869724157430104,0.0016974382171320078,0.002594984627726113,0.003678963328432647,0.010370669854294324,0.0142930586886037,0.019318833207142703,0.049945843321990556,0.05613334110088652,0.06968490597517091
91,8.845773155213863e-06,1.3523110960065728e-05,1.917199384414173e-05,0.0002630501506078027,0.00036254082846215593,0.000490018683084547,0.0021080737237754435,0.002369230621247762,0.002941204101470073,0.0016977035903266641,0.002595390321054915,0.003679538488247971,0.010378561358812557,0.014303934913457562,0.019333533767635237,0.050009085533703826,0.05620441801952395,0.06977314209821502
92,8.645227169265413e-06,1.3216523217763274e-05,1.8737338066675315e-05,0.0002588833009220144,0.00035679799526600514,0.00048225653510279,0.0020761101745321348,0.0023333072952383747,0.0028966082597442003,0.0016979629471417421,0.002595786816751448,0.003680100608389971,0.010386327857840216,0.014314638853315543,0.01934800146368832,0.05007136883893979,0.0562744172383811,0.06986004034600733
93,8.451266003468134e-06,1.292000211994671e-05,1.8316953979109588e-05,0.00025482559785237213,0.00035120559005687505,0.000474697709114894,0.0020449569811416225,0.0022982947153186045,0.0028531430340546712,0.0016982164851218461,0.002596174416815046,0.003680650117009344,0.010393972625775788,0.014325175021017248,0.01936224239496177,0.05013271754837404,0.05634336607984065,0.06994563463702899
94,8.263607905629739e-06,1.2633116933644173e-05,1.7910230922409846e-05,0.00025087307589546047,0.00034575814750091127,0.0004673348180474932,0.002014585510682916,0.0022641607014027066,0.0028107684754833315,0.001698464393359015,0.002596553410323055,0.003681187423937017,0.010401498818052652,0.014335547765442276,0.019376262439503193,0.05019315511369453,0.05641129090088273,0.07002995769129348
95,8.081985926485372e-06,1.2355459556085455e-05,1.75165903208459e-05,0.00024702195299505894,0.0003404504550947479,0.0004601608165588374,0.001984968421940144,0.002230874525131833,0.002769446437311045,0.0016987068529368096,0.0025969240741097375,0.003681712921646642,0.010408909476642504,0.014345761279095119,0.01939006726399996,0.05025270416635273,0.056478217136636685,0.07011304108441281
96,7.906147000544485e-06,1.208664310953258e-05,1.7135483689854334e-05,0.00024326862027147984,0.00033527753901028127,0.00045316898190625617,0.0019560795947526567,0.0021984068304717282,0.002729140476446296,0.0016989440373468261,0.0025972866734030237,0.003682226986157338,0.01041620753525065,0.014355819605265427,0.01940366233345715,0.050311386554195314,0.056544169341550835,0.07019491529870621
97,7.73585109261631e-06,1.1826300636517607e-05,1.6766390786250187e-05,0.00023960963242380636,0.0003302346508668477,0.00044635289606712443,0.0019278940638928655,0.00216672955939909,0.0026898157611709404,0.0016991761128796043,0.002597641462422119,0.0036827299778809256,0.010423395824223363,0.014365726644791433,0.01941705292033916,0.050369223376112104,0.056609171228332804,0.07027560977154133
98,7.570870404718099e-06,1.1574083887391446e-05,1.6408817889309864e-05,0.00023604169875466205,0.00032531725536138686,0.00043970642901950107,0.001900387957139975,0.002135815882303611,0.0026514389847400923,0.001699403238991746,0.0025979886849387414,0.003683222242417605,0.010430477075186004,0.014375486162452274,0.019430244113209746,0.05042623501482631,0.056673245704801915,0.07035515294108355
99,7.410988638544834e-06,1.1329662192813176e-05,1.6062296202275912e-05,0.00023256167477137145,0.00032052101869299804,0.0004332237230964879,0.001873538437245066,0.002105640132763461,0.0026139782844112735,0.0016996255686509024,0.0025983285748045256,0.003683704111303673,0.010437453925429144,0.014385101793013066,0.019443240824902643,0.050482441167943655,0.056736414908784824,0.07043357228961589
100,7.256000309107245e-06,1.1092721414463649e-05,1.5726380364762055e-05,0.00022916655432121102,0.00031584179772359,0.00042689917833551005,0.0018473236475078105,0.002076177746379818,0.0025774031655125358,0.0016998432486601755,0.0025986613564469596,0.003684175902714616,0.01044432892205878,0.014394577046944773,0.019456047800252705,0.05053786087736888,0.05679870024117621,0.07051089438458126
101,7.105710105531015e-06,1.0862962967857508e-05,1.5400647067373575e-05,0.00022585346222193527,0.00031127562982112913,0.0004207274387502115,0.001821722660707709,0.0020474052033814965,0.002541684430190848,0.0017000564199633414,0.002598987245335995,0.0036846379221266374,0.010451104525925438,0.014403915315839408,0.01946866962341521,0.05059251255719012,0.056860122397277654,0.07058714491748698
102,6.959932295359091e-06,1.064010291166125e-05,1.5084693760614715e-05,0.00022261964735192696,0.00030681872333634995,0.0004147033794585545,0.0017967154311532823,0.0020192999747337954,0.0025067941105106823,0.0017002652179322023,0.002599306448423345,0.0036850904629394557,0.010457783115345997,0.0144131198775395,0.01948111072479897,0.05064641402012472,0.05692070139651967,0.0706623487408023
103,6.818490169014457e-06,1.0423871098407174e-05,1.47781374508383e-05,0.00021946247616720546,0.00030246744866777037,0.0004088220946060842,0.0017722827496314078,0.0019918404715067698,0.0024727054055989064,0.0017004697726372725,0.002599619164556297,0.0036855338070629806,0.010464366989631012,0.014422193900999533,0.019493375387637152,0.050699582502613666,0.05698045661066487,0.07073652990297026
104,6.681215521366396e-06,1.0214010381929897e-05,1.4480613576612099e-05,0.00021637942661514569,0.0002982183298734606,0.00040307888602819896,0.001748406201056078,0.0019650059972773446,0.0024393926225559403,0.0017006702091029136,0.002599925584867755,0.003685968225470279,0.010470858372429467,0.014431140450895736,0.019505467754218,0.050752034688645344,0.05703940679058319,0.07080971168164694
105,6.5479481676021e-06,1.001027587724766e-05,1.4191774959437276e-05,0.00021336808241715502,0.0002940680367913176,0.0003974692525997287,0.0017250681246314856,0.0019387767033572354,0.0024068311208749176,0.0017008666475479418,0.0026002258931440724,0.0036863939787190624,0.010477259414901982,0.014439962491999477,0.01951739183179599,0.05080378673238429,0.057097570091683904,0.0708819166152732
106,6.4185354908401095e-06,9.812434268969474e-06,1.3911290823262885e-05,0.00021042612769473252,0.00029001337763259527,0.0003919888802241765,0.001702251576358589,0.0019131335466546747,0.0023749972601305,0.0017010592036126669,0.002600520266172141,0.0036868113174437604,0.010483572198732822,0.014448662893328454,0.019529151498202717,0.05085485427967504,0.057154964098083544,0.07095316653307711
107,6.292832019135255e-06,9.62026316463494e-06,1.3638845877702391e-05,0.00020755134191532864,0.0002860512920161904,0.0003866336324186963,0.0016799402937273612,0.0018880582499925887,0.002343868350717171,0.0017012479885732408,0.0026008088740670805,0.0036872204828200914,0.010489798738990282,0.01445724443208894,0.019540750507175277,0.05090525248848686,0.057211605845583324,0.07102348258359864
108,6.170699029718343e-06,9.433550489689624e-06,1.3374139460277756e-05,0.00020474159513624073,0.0002821788444136868,0.0003813995414542608,0.001658118662448883,0.001863533264719324,0.0023134226074335434,0.0017014331095441325,0.002601091880581771,0.0036876217070038993,0.010495940986844369,0.01446570979742135,0.019552192493418902,0.05095499604836033,0.0572675118435249,0.07109288526182164
109,6.0520041784898675e-06,9.252093921067913e-06,1.3116884733398134e-05,0.00020199484352644457,0.0002783932179774565,0.0003762828000135784,0.0016367716850923602,0.0018395417354602915,0.0022836391057244345,0.0017016146696694871,0.0026013694433994028,0.003688015213545901,0.010502000832150162,0.014474061593960674,0.01956348097741931,0.051004099198913105,0.05732269809558871,0.07116139443499338
110,5.936621152947383e-06,9.07570035660041e-06,1.2866807932127789e-05,0.00019930912514778436,0.000274691708726214,0.00037127975333215216,0.0016158849515021964,0.0018160674668701805,0.002254497740406489,0.0017017927683040755,0.0026016417144101005,0.003688401217783865,0.010507980105904596,0.01448230234522246,0.019574619370019274,0.05105257574745817,0.05737718011959481,0.07122902936720557
111,5.824429346872126e-06,8.904185417686154e-06,1.2623647659114213e-05,0.00019668255597833967,0.00027107172006434323,0.0003663868917904733,0.0015954446108794335,0.0017930948922557344,0.0022259791867159442,0.0017019675011844817,0.0026019088399726314,0.003688779927213638,0.010513880582583946,0.01449043449682439,0.019585610976772992,0.05110043908578455,0.05743097296636248,0.07129580874280704
112,5.715313555233652e-06,8.737372982873402e-06,1.2387154223335969e-05,0.0001941133261620648,0.0002675307576130778,0.0003616008439277232,0.0015754373454203588,0.0017706090439485993,0.0021980648635289727,0.0017021389605911385,0.0026021709611621173,0.003689151541840338,0.010519703982368806,0.014498460419552783,0.01959645900209082,0.051147702206147165,0.057484091237680945,0.07136175068871292
113,5.609163687892704e-06,8.575094750178525e-06,1.215708901959314e-05,0.00019159969646997214,0.0002640664243332347,0.00035691836984954673,0.0015558503454128005,0.0017485955253164441,0.002170736898615796,0.0017023072355017753,0.002602428214004623,0.003689516254510926,0.010525451973262906,0.01450638241228278,0.019607166553186308,0.05119437771650955,0.057536549103440436,0.0714268727956714
114,5.505874500793573e-06,8.417189826142207e-06,1.1933223945903823e-05,0.00018913999495920658,0.00026067641592068634,0.0003523363550044632,0.001536671285697819,0.0017270404843086307,0.002143978095799822,0.0017024724117367994,0.002602680729699407,0.003689874251229303,0.010531126173111683,0.014514202704760401,0.01961773664383644,0.051240477855080485,0.0575883603179697,0.07149119213854539
115,5.405345343438532e-06,8.263504339777139e-06,1.1715340856189774e-05,0.00018673261381734862,0.00025735851645711737,0.00034785180430532806,0.0015178883034110487,0.0017059305884400595,0.002117771903902155,0.0017026345720971025,0.0026029286348296004,0.003690225711454989,0.010536728151526203,0.014521923460254117,0.0196281721979656,0.05128601450418282,0.0576395382356229,0.07155472529566245
116,5.307479921529799e-06,8.113891079703268e-06,1.1503231045835585e-05,0.0001843760063801953,0.00025411059429987265,0.00034346183657395484,0.0014994899769240095,0.0016852530011236444,0.0020921023873603185,0.0017027937964947484,0.002603172051561991,0.0036905708083863637,0.010542259431717611,0.014529546778083113,0.019638476053062816,0.05133099920349053,0.0576900958256566,0.07161748836728325
117,5.212186073749364e-06,7.968209152896581e-06,1.1296694767889748e-05,0.00018206868431210483,0.00025093059819585327,0.00033916367928856585,0.001481465305911291,0.0016649953592681368,0.002066954198417803,0.001702950162076961,0.002603411097836578,0.0036909097092294005,0.010547721492246974,0.014537074696028988,0.019648650963441476,0.05137544316266787,0.05774004568643465,0.07167949699323578
118,5.11937556172487e-06,7.826323663596195e-06,1.1095540777844633e-05,0.0001798092149387641,0.00024781655360548485,0.00033495466361518173,0.0014638036924746515,0.0016451457520637995,0.0020423125507882363,0.0017031037433438128,0.0026036458875464863,0.0036912425754527358,0.010553115768695135,0.014544509192637153,0.01965869960334993,0.05141935727344211,0.05778940005899657,0.07174076636975944
119,5.028963872301039e-06,7.688105411023799e-06,1.0899585905087076e-05,0.00017759621872294717,0.0002447665592237592,0.0003308322197053795,0.0014464949232598338,0.0016256927008837807,0.0020181631947045952,0.0017032546122599816,0.002603876530708817,0.0036915695630298884,0.010558443655256823,0.014551852189413865,0.019668624569941093,0.0514627521211399,0.05783817084002308,0.07180131126560058
120,4.9408700313016655e-06,7.553430604669451e-06,1.0708654649253175e-05,0.00017542836687449106,0.00024177878368625614,0.0003267938722440747,0.0014295291525062792,0.0016066251402339553,0.00199449239327001,0.0017034028383609205,0.0026041031336269567,0.003691890822669366,0.010563706506263058,0.014559105552924455,0.019678428386108417,0.051505637995715094,0.0578863695942301,0.07186114603739867
121,4.855016428027239e-06,7.422180595989632e-06,1.0522578799851079e-05,0.00017330437908632008,0.0002388514624488884,0.0003228372362321114,0.0014128968859739835,0.0015879323996885744,0.001971286900032363,0.0017035484888537615,0.0026043257990448366,0.0036922065000333615,0.010568905637635649,0.01456627109679792,0.01968811350319538,0.05154802490229431,0.057934007566220753,0.07192028464439965
122,4.771328649788533e-06,7.294241625447939e-06,1.0341197077635347e-05,0.00017122302138890733,0.00023598289483087872,0.0003189600129894807,0.001396588965695483,0.0015696041867532633,0.0019485339377101206,0.001703691628713255,0.0026045446262935998,0.00369251673594569,0.010574042328277316,0.01457335058364285,0.019697682303585068,0.05158992257126518,0.05798109569182336,0.07197874066253095
123,4.689735325827263e-06,7.169504583906412e-06,1.0164354796326505e-05,0.00016918310411608093,0.00023317144121119468,0.00031515998636595606,0.0013805965555044322,0.0015516305706008194,0.001926221178001665,0.00170383232077303,0.002604759711431117,0.0036928216665895798,0.010579117821400797,0.014580345726879183,0.019707137103176044,0.05163134046793032,0.05802764460894138,0.07203652729787101
124,4.610167980021664e-06,7.047864787446922e-06,9.99190354337068e-06,0.0001671834799755587,0.00023041552036932172,0.00031143501914682035,0.001364911127295445,0.0015340019666288673,0.0019043367224149009,0.0017039706258124307,0.0026049711473747406,0.0036931214236958806,0.010584133325800063,0.014587258192490266,0.019716480153750448,0.05167228780174918,0.05807366466794024,0.07209365739954345
125,4.53256089181781e-06,6.9292217647678085e-06,9.823700878527408e-06,0.00016522304221803813,0.0002277136069618678,0.00030778304964218495,0.0013495244479728534,0.0015167091217917733,0.0018828690840580406,0.0017041066026391852,0.0026051790240276835,0.003693416134722237,0.010589090017066604,0.014594089600699122,0.019725713645239715,0.05171277353518836,0.058119165941594,0.07215014347206519
126,4.456850964867229e-06,6.813479056361624e-06,9.659610049159779e-06,0.00016330072289907652,0.00022506422912705248,0.00030420208844916135,0.0013344285670487946,0.001499743100662334,0.0018618071703363386,0.0017042403081681315,0.002605383428399374,0.0036937059230237115,0.010593989038753577,0.014600841527572933,0.01973483970789319,0.05175280639219982,0.058164158234613864,0.07220599768717528
127,4.382977602887819e-06,6.700544024735607e-06,9.49949972118008e-06,0.00016141549122837678,0.00022246596620966068,0.0003006902153768554,0.0013196158048535923,0.00148309527218161,0.001841140266503107,0.0017043717974962178,0.0026055844447201164,0.003693990908015347,0.01059883150349043,0.014607515506559225,0.019743860414354494,0.05179239486634543,0.05820865109277931,0.07226123189517036
128,4.3108825922988434e-06,6.5903276749881356e-06,9.343243724677335e-06,0.00015956635200144469,0.00021991744659952234,0.0002972455765248054,0.0013050787413237915,0.001466757297057977,0.0018208580200166763,0.0017045011239739869,0.002605782154550366,0.0036942712053270868,0.010603618494050471,0.01461411302995721,0.019752777781650237,0.05183154722858514,0.058252653811691056,0.07231585763577088
129,4.240509991211915e-06,6.482744485102009e-06,9.19072081332056e-06,0.00015775234410891092,0.00021741734567703089,0.00029386638150609705,0.001290810205335394,0.0014507211157789163,0.0018009504256580272,0.0017046283392737232,0.0026059766368849192,0.0036945469269514864,0.01060835106437374,0.014620635550327521,0.01976159377309542,0.051870271534745216,0.05829617544516442,0.07236988614854062
130,4.171806024388595e-06,6.3777122453592565e-06,9.04181443669384e-06,0.00015597253911911186,0.0002149643838596287,0.00029055090080694714,0.0012768032645519053,0.0014349789372013987,0.0017814078113666905,0.0017047534934544549,0.00260616796825228,0.0036948181813845874,0.010613030240547312,0.01462708448184331,0.01977031030011963,0.05190857563268177,0.05833922481328046,0.07242332838288162
131,4.104718983801825e-06,6.275151906322913e-06,8.896412524776945e-06,0.00015422603992980595,0.00021255732474357637,0.00028729746327507547,0.0012630512157587085,0.0014195232276888383,0.0017622208247551753,0.001704876635023969,0.0026063562228094694,0.003695085073760331,0.010617657021745205,0.014633461201585618,0.019778929224017885,0.051946467169154534,0.058381810510111126,0.07247619500762427
132,4.039199134463013e-06,6.174987434868735e-06,8.75440728383852e-06,0.00015251197948516304,0.00021019497333568248,0.0002841044537296694,0.0012495475756570526,0.001404346700764602,0.001743380420264655,0.0017049978109980029,0.0026065414724325154,0.003695347705978846,0.01062223238112976,0.014639767050785688,0.01978745235762977,0.05198395359642424,0.05842394091113406,0.07252849642023221
133,3.975198625199288e-06,6.07714567778457e-06,8.615695003058085e-06,0.00015082951955440666,0.0002078761743700045,0.00028097031068619716,0.0012362860720925972,0.0013894423072539125,0.001724877846926954,0.0017051170669567588,0.0026067237868028486,0.003695606176828938,0.010626757266716394,0.014646003336016788,0.019795881466950355,0.052021042178587024,0.05846562418035168,0.07258024275564001
134,3.9126714040865454e-06,5.981556232487322e-06,8.480175871238813e-06,0.00014917784956871465,0.00020559981070484304,0.0002778935241897478,0.0012232606356949937,0.001374803225887703,0.0017067046367000094,0.0017052344470988815,0.002606903233489824,0.003695860582105075,0.010631232602203455,0.014652171330337934,0.019804218272676047,0.05205773999765788,0.05850686827712831,0.07263144389474102
135,3.851573138263398e-06,5.88815132443731e-06,8.347753803015338e-06,0.00014755618551319567,0.00020336480179564183,0.00027487263375096697,0.0012104653919064142,0.0013604228543436087,0.0016888525933460036,0.0017053499942930293,0.0026070798780295566,0.0036961110147191657,0.01063565928776885,0.014658272274391804,0.019812464451688577,0.05209405395941507,0.05854768096275862,0.0726821094725414
136,3.791861137869227e-06,5.796865690857398e-06,8.218336273999948e-06,0.00014596376887095249,0.0002011701022396757,0.00027190622637902315,0.001197894653378279,0.0013462948007007707,0.0016713137818232062,0.0017054637501271654,0.0026072537840002826,0.0036963575648073857,0.01064003820083498,0.014664307377458994,0.01982062163847995,0.05212999079901642,0.05858806980677964,0.07273224888599608
137,3.733494283866317e-06,5.7076364703899856e-06,8.09183416434703e-06,0.00014439986561642714,0.00019901470038865903,0.0002689929347063766,0.0011855429127166795,0.0013324128752865295,0.0016540805181643205,0.0017055757549556815,0.002607425013094394,0.003696600319832316,0.010644370196803471,0.014670277818470653,0.01982869142652114,0.052165557086397925,0.05862804219303824,0.07278187130154101
138,3.676432959521645e-06,5.620403098348732e-06,7.968161610249277e-06,0.0001428637652553923,0.0001968976170256432,0.000266131435200443,0.0011734048355581538,0.0013187710828944002,0.0016371453598157414,0.0017056860479444673,0.0026075936251873442,0.0036968393646806233,0.010648656109761134,0.014676184746981421,0.019836675369577155,0.052200759231464666,0.05866760532552508,0.07283098566233549
139,3.6206389853382973e-06,5.535107207243981e-06,7.847235862910521e-06,0.00014135477990911147,0.00019481790410278855,0.0002633204464575364,0.0011614752539585622,0.0013053636153539355,0.0016205010964136526,0.0017057946671140275,0.0026077596784035615,0.0036970747817565105,0.01065289675315841,0.014682029284104507,0.01984457498297088,0.052235603489083425,0.05870676623398569,0.0728796006952279
140,3.5660755572399807e-06,5.451692532281376e-06,7.72897715456917e-06,0.0001398722434403407,0.00019277464353680286,0.0002605587275747557,0.0011497491600788272,0.0012921848444342264,0.0016041407409743123,0.0017059016493807446,0.0026079232291795302,0.0036973066510711475,0.010657092920461618,0.01468781252341061,0.019852391744798123,0.052270095963885786,0.05874553177931872,0.07292772491745714
141,3.51270718782456e-06,5.370104821552311e-06,7.613308571173353e-06,0.00013841551061897928,0.00019076694605902497,0.0002578450765957306,0.0011382217001522396,0.0012792293150638565,0.001588057521477183,0.0017060070305963792,0.002608084332324177,0.003697535050328283,0.010661245385780189,0.01469353553179238,0.019860127097095993,0.052304242614890355,0.05878390865877064,0.07297536664310145
142,3.4604996505141303e-06,5.2902917506525024e-06,7.500155931333907e-06,0.0001369839563253094,0.00018879395011731407,0.0002551783290263896,0.001126888168718938,0.0012664917388511224,0.0015722448728208225,0.0017061108455858948,0.0026082430410766964,0.0036977600550062223,0.010665354904469949,0.014699199350295901,0.01986778244696679,0.05233804925995193,0.058821903410936176,0.07302253398928608
143,3.4094199264399955e-06,5.212202841481582e-06,7.389447671204882e-06,0.00013557697478888296,0.00018685482082706888,0.0002525573564171327,0.0011157440031139797,0.0012539669878892646,0.00155669642913259,0.0017062131281836879,0.002608399407161941,0.003697981738436359,0.010669422213713614,0.014704804994920714,0.019875359167659305,0.05237152158004535,0.058859522420572845,0.07306923488216006
144,3.359436153910947e-06,5.135789384991958e-06,7.2811147349630035e-06,0.00013419397886122838,0.00018494874896885795,0.00024998106500800514,0.0011047847781962112,0.0012416500888323301,0.001541406016414317,0.0017063139112683053,0.002608553480843491,0.003698200171878408,0.010673448033079453,0.01471035345738978,0.019882858599609542,0.05240466512339123,0.05889677192323782,0.07311547706265249
145,3.310517580322605e-06,5.06100436766949e-06,7.175090470577804e-06,0.00013283439932065396,0.00018307495003028619,0.00024744839443366183,0.0010940062013058702,0.0012295362172280986,0.0015263676455071053,0.001706413226795715,0.0026087053109745207,0.003698415424592525,0.010677433065059071,0.014715845705890688,0.019890282051442554,0.052437485309430404,0.058933658009754655,0.0731612680920177
146,3.262634516374339e-06,4.987802401541899e-06,7.071310530583108e-06,0.00013149768420752463,0.0001812326632898603,0.00024495831648509815,0.001083404107439526,0.001217620692095278,0.0015115755053593618,0.0017065111058312062,0.0026088549450465673,0.0036986275639084424,0.010681377995585297,0.014721282685789382,0.019897630800937104,0.052469987432653596,0.058970186630517514,0.07320661535717848
147,3.2157582924684114e-06,4.916139657523293e-06,6.9697127775781775e-06,0.00013018329818848098,0.00017942115094074314,0.00024250983392529605,0.0010729744546316199,0.0012058989707328866,0.001497023956583077,0.0017066075785799803,0.0026090024292362932,0.0036988366552917697,0.010685283494530951,0.014726665320317604,0.019904906095954866,0.05250217666629254,0.059006363599639504,0.07325152607587597
148,3.1698612171735686e-06,4.8459738019147515e-06,6.870237194203289e-06,0.00012889072194815536,0.0001776396972524051,0.0002401019793560923,0.0010627133195324416,0.001194366643750416,0.0014827075252841796,0.0017067026744164956,0.002609147808450351,0.0036990427624075963,0.010689150216189396,0.014731994511235177,0.019912109155335547,0.05253405806587851,0.05904219459895201,0.0732960073016345
149,3.1249165376424183e-06,4.77726393589178e-06,6.772825797349838e-06,0.00012761945160702235,0.00017588760776829414,0.00023773381413373047,0.0010526168931729698,0.0011830194303079976,0.0014686208971536009,0.0017067964219126249,0.002609291126368428,0.0036992459471815167,0.010692978799737607,0.014737271139468227,0.019919241169759558,0.052565636572673706,0.05907768518186125,0.07334006592854911
150,3.08089840187854e-06,4.709970537819583e-06,6.677422556379517e-06,0.00012636899816409543,0.0001741642085377497,0.00023540442733069772,0.0010426814769075035,0.001171853173556394,0.0014547589118063967,0.001706888848864681,0.002609432425484562,0.0036994462698582077,0.01069676986968253,0.01474249606572436,0.01992630330257948,0.05259691701698093,0.05911284077706795,0.07338370869590331
151,3.0377818227554342e-06,4.644055408246478e-06,6.583973315140337e-06,0.0001251388869632551,0.0001724688453804857,0.00023311293474158288,0.0010329034785255256,0.001160863836267182,0.0014411165573569823,0.0017069799823193636,0.0026095717471468095,0.003699643789057662,0.010700524036291426,0.014747670131085775,0.019933296690621726,0.0526279041213367,0.059147666692155966,0.07342694219262401
152,2.9955426436952207e-06,4.579481617434686e-06,6.492425717579948e-06,0.0001239286571820585,0.00017080088318205777,0.0002308584779308136,0.0010232794085246958,0.0011500474966440301,0.0014276889652191796,0.0017070698485986747,0.0026097091315953327,0.0036998385618291895,0.010704241896006888,0.014752794157581234,0.019940222444959653,0.05265860250359244,0.05918216811705528,0.0734697728615806
153,2.9541575059203978e-06,4.516213455295951e-06,6.402729136768333e-06,0.00012273786134194516,0.00016915970521881965,0.0002286402233202511,0.0010138058765373102,0.0011394003443064512,0.0014144714051203778,0.001707158473323852,0.0026098446179989914,0.0037000306437032925,0.010707924031847145,0.0147578689487378,0.019947081651659256,0.05268901667988855,0.05921635012738448,0.0735122070037342
154,2.913603817196991e-06,4.454216383607158e-06,6.3148346071528945e-06,0.00012156606483881148,0.00016754471251095182,0.000226457361314729,0.0010044795879029756,0.0011289186764378875,0.0014014592803196987,0.001707245881438368,0.0026099782444904997,0.0037002200887415074,0.01071157101379231,0.014762895290113128,0.0199538753724987,0.052719151067525644,0.05925021768767761,0.07355425078214378
155,2.873859721992188e-06,4.393456990388355e-06,6.228694759879245e-06,0.00012041284549298372,0.00016595532320222515,0.00022430910546372712,0.000995297340380629,0.0011185988940904004,0.0013886481230205741,0.0017073320972300278,0.0026101100482002117,0.003700406949584304,0.0107151833991571,0.014767873949809194,0.019960604645662617,0.05274900998773706,0.05928377565450033,0.07359591022583441
156,2.8349040729739626e-06,4.333902946332373e-06,6.14426376102057e-06,0.00011927779311766845,0.0001643909719652313,0.0002221946916574669,0.0009862560209934047,0.0011084374986386656,0.0013760335899686749,0.0017074171443522172,0.0026102400652886016,0.0037005912774971342,0.01071876173295063,0.014772805678968152,0.01996727048641234,0.052778597668366865,0.05931702877945949,0.07363719123353346
157,2.7967164037843345e-06,4.275522963181522e-06,6.061497252567417e-06,0.00011816050910501209,0.00016285110943088177,0.00022011337735580895,0.0009773526030001822,0.0010984310883763468,0.0013636114582265889,0.0017075010458443307,0.002610368330977497,0.0037007731224147117,0.010722306548223781,0.01477769121225108,0.01997387388773302,0.05280791824645687,0.05934998171211078,0.07367809957728026
158,2.759276903021795e-06,4.21828675395284e-06,5.980352296038201e-06,0.00011706060602894424,0.00016133520164103888,0.0002180644408484165,0.0009685841429879814,0.0010885763552482821,0.0013513776211171004,0.001707583824151421,0.002610494879580116,0.003700952532983593,0.01072581836640465,0.01478253126830031,0.019980415820958466,0.05283697577074651,0.05938263900276823,0.07371864090591378
159,2.7225663893720884e-06,4.162164994918879e-06,5.900787318578586e-06,0.00011597770726402529,0.0001598427295232042,0.00021604718054473156,0.0009599477780796658,0.0010788700817122667,0.001339328084327354,0.0017076655011431024,0.0026106197445299635,0.0037011295566031503,0.010729297697622568,0.014787326550186006,0.01998689723637481,0.05286577420408891,0.0594150051052196,0.0737588207484436
160,2.6865662878299136e-06,4.107129289256281e-06,5.822762061425316e-06,0.00011491144661955784,0.00015837318838624368,0.00021406091429238553,0.000951440723251706,0.0010693091377245304,0.0013274589621665718,0.0017077460981317371,0.0026107429584086416,0.0037013042394649933,0.010732745041021155,0.014792077745837592,0.019993319063803583,0.05289431742578645,0.05944708437935133,0.07379864451730858
161,2.651258606957362e-06,4.053152132279258e-06,5.746237530617006e-06,0.00011386146798826106,0.000156926087436184,0.0002121049787227379,0.0009430602687570241,0.0010598904778433122,0.0013157664739703822,0.001707825635889946,0.0026108645529726096,0.0037014766265909115,0.010736160885060804,0.014796785528460678,0.01999968221316526,0.052922609233849165,0.05947888109368664,0.0738381175115277
162,2.61662591712786e-06,4.0002068781796955e-06,5.671175949840891e-06,0.00011282742500884329,0.00015550094931116338,0.0002101787286223052,0.0009348037776481893,0.0010506111384452205,0.00130424694064516,0.0017079041346674598,0.0026109845591789555,0.003701646761869407,0.010739545707811068,0.014801450556940012,0.02000598757502393,0.052950653347178606,0.05951039942783999,0.07387724491974705
163,2.5826513297072685e-06,3.948267708199929e-06,5.597540715310724e-06,0.00011180898074184215,0.00015409730963466826,0.00020828153632890495,0.0009266686833964823,0.0010414682350493362,0.0012928967813461225,0.001707981614207351,0.0026111030072102017,0.0037018146880908663,0.010742899977233326,0.014806073476229052,0.020012236021113797,0.0529784534076805,0.059541643474891465,0.07391603182318744
164,2.5493184771263696e-06,3.8973096001682614e-06,5.525296352576641e-06,0.00011080580735813355,0.00015271471658623032,0.00020641279115139968,0.000918652487602567,0.0010324589597442736,0.0012817125102832373,0.0017080580937616646,0.002611219926498207,0.0037019804469814437,0.010746224151454068,0.014810654917726639,0.02001842840484834,0.05300601298230857,0.059572617243683804,0.07395448319849593
165,2.5166114938015323e-06,3.847308299331138e-06,5.454408475173338e-06,0.00010981758583954149,0.0001513527304888011,0.00020457189881198308,0.0009107527577947203,0.0010235805787136452,0.0012706907336492912,0.0017081335921064786,0.0026113353457471867,0.0037021440792356984,0.010749518679029254,0.014815195499641302,0.020024565561812698,0.05303333556504242,0.059603324661045204,0.0739926039205054
166,2.4845149978626346e-06,3.7982402904194267e-06,5.384843745017855e-06,0.00010884400569101015,0.0001500109234120619,0.0002027582809100041,0.0009029671253107779,0.0010148304298556148,0.0012598281466647623,0.0017082081275564146,0.0026114492929558996,0.003702305624548049,0.010752783999199985,0.014819695827343665,0.020030648310239995,0.053060424578801745,0.05963376957394088,0.07403039876490536
167,2.4530140736495546e-06,3.7500827708896597e-06,5.316569834473136e-06,0.00010788476466382477,0.0001486888787909616,0.00020097137440637365,0.0008952932832601398,0.0010062059204924273,0.0012491215307343915,0.0017082817179786241,0.002611561795439026,0.0037024651216430835,0.0107560205421399,0.014824156493707392,0.020036677451472185,0.05308728337729955,0.05966395575155565,0.07406787241082738
168,2.4220942549406e-06,3.702813625284241e-06,5.2495553899979644e-06,0.00010693956848939579,0.00014738619105881252,0.00019921063112764883,0.000887728984562359,0.0009977045251660106,0.0012385677507106016,0.0017083543808062722,0.0026116728798477843,0.0037026226083047833,0.010759228729194582,0.014828578079439155,0.020042653770406017,0.05311391524683642,0.059693886887310636,0.0741050294433487
169,2.3917415088781844e-06,3.656411400657577e-06,5.183769997308074e-06,0.00010600813062314298,0.00014610246529430691,0.00019747551728893146,0.0008802720400590141,0.0009893237835159373,0.0012281637522591658,0.0017084261330515386,0.002611782572189804,0.0037027781214047026,0.010762408973113279,0.014832961153397986,0.02004857803592468,0.05314032340803818,0.059723566600816104,0.07414187435591647
170,2.3619422205589257e-06,3.610855283017956e-06,5.119184147977324e-06,0.00010509017199804051,0.00014483731688184765,0.00019576551303476369,0.0008729203166957126,0.000981061298236209,0.0012179065593227202,0.0017084969913181553,0.002611890897848295,0.003702931696929142,0.010765561678273219,0.01483730627290444,0.020054451001315726,0.05316651101753906,0.0597529984397632,0.07417841155269617
171,2.3326831782570244e-06,3.566125074737558e-06,5.055769207411399e-06,0.00010418542078740421,0.0001435903711846172,0.00019408011199724003,0.0008656717357712415,0.0009729147331075036,0.0012077932716779646,0.001708566971813503,0.0026119978816005365,0.003703083370005364,0.01076868724089684,0.01484161398403998,0.020060273404675644,0.0531924811696122,0.05978218588175642,0.0742146453508465
172,2.3039515592514434e-06,3.5222011728855432e-06,4.993497384130182e-06,0.00010329361217652376,0.0001423612632298366,0.00019241882087059608,0.0008585242712510141,0.0009648818111016845,0.0011978210625825658,0.0017086360903602806,0.0026121035476357234,0.0037032331749268883,0.010771786049262136,0.014845884821936876,0.020066045969301765,0.05321823689774973,0.059811132336089465,0.07425057998272398
173,2.275734916228926e-06,3.4790645484414537e-06,4.932341700298159e-06,0.00010241448814276114,0.00014114963740569295,0.0001907811590015686,0.0008514759481420992,0.0009569603125555226,0.0011879871765079842,0.0017087043624077673,0.0026122079195721763,0.0037033811451778966,0.010774858483906418,0.014850119311059047,0.020071769404071814,0.053243781176194,0.05983984114546613,0.07428621959801922
174,2.2480211642363332e-06,3.436696726348404e-06,4.872275963445424e-06,0.00010154779724375545,0.00013995514716943905,0.00018916665799485624,0.0008445248409272536,0.0009491480734107295,0.001178288926954621,0.0017087718030426944,0.002612311020473967,0.0037035273134568003,0.010777904917823732,0.014854317965474127,0.020077444403811658,0.05326911692142181,0.059868315587668454,0.07432156826582786
175,2.2207985681571545e-06,3.395079766367602e-06,4.813274739324733e-06,0.00010069329441339071,0.00013877745476619243,0.00018757486133304157,0.0008376690720554939,0.0009414429835175352,0.0011687236943458497,0.0017088384269997392,0.0026124128728669577,0.0037036717116989797,0.010780925716656132,0.014858481289117114,0.020083071649651646,0.053294246993583476,0.05989655887717398,0.07435662997665823
176,2.194055730688329e-06,3.354196244697734e-06,4.7553133258529215e-06,9.985074076520058e-05,0.00013761623095798374,0.00018600532401036662,0.0008309068104868668,0.0009338429849991795,0.0011592889239976673,0.00170890424867166,0.002612513498754299,0.003703814371098755,0.010783921238879089,0.014862609776045855,0.02008865180937196,0.053319174197898084,0.059924574166723955,0.07439140864437817
177,2.1677815807947163e-06,3.3140292363245535e-06,4.698367728087564e-06,9.901990340289848e-05,0.00013647115476262583,0.00018445761217978222,0.0008242362702891773,0.0009263460706747952,0.001149982124160834,0.0017089692821190838,0.0026126129196313887,0.0037039553221305975,0.010786891835981175,0.014866703910688733,0.02009418553773735,0.05334390128600676,0.05995236454884419,0.074425908108103
178,2.141965362619708e-06,3.2745622980678196e-06,4.642414634192256e-06,9.820055523773726e-05,0.00013534191320199512,0.00018293130281271913,0.000817655709284549,0.0009189502825383007,0.0011408008641325446,0.0017090335410799625,0.0026127111565003307,0.0037040945945696234,0.010789837852638307,0.014870764168084792,0.020099673476821737,0.0533684309572853,0.05997993305732035,0.07446013213402698
179,2.116596624831565e-06,3.235779452294337e-06,4.587431392346263e-06,9.739247481241521e-05,0.00013422820105933567,0.0001814259833710546,0.0008111634277437814,0.0009116537102910073,0.0011317427724347809,0.0017090970389787073,0.0026128082298838996,0.003704232217511394,0.01079275962688268,0.01487479101411657,0.020105116256322865,0.053392765860117604,0.06000728266862908,0.07449408441720001
180,2.091665210386067e-06,3.197665171267457e-06,4.533395988556476e-06,9.659544613125956e-05,0.0001331297206452146,0.00017994125149077214,0.0008047577671265639,0.0009044544899257669,0.0011228055350566482,0.001709159788935019,0.0026129041598390375,0.003704368219391051,0.01079565749026662,0.014878784905735928,0.020110514493867592,0.053416908593131404,0.060034416303326864,0.07452776858325172
181,2.067161246687025e-06,3.1602043621048057e-06,4.480287025331684e-06,9.580925849643069e-05,0.0001320461815717756,0.00017847671467683743,0.0007984371088656997,0.0008973508023605793,0.0011139868937581122,0.0017092218037724194,0.0026129989659699005,0.003704502628001811,0.010798531768021511,0.01488274629118308,0.020115868795307898,0.05344086170639737,0.060061336827397685,0.07456118819006445
182,2.043075136127156e-06,3.123382352317506e-06,4.428083701181218e-06,9.503370634990157e-05,0.00013097730053495202,0.00017703199000883215,0.0007921998731935694,0.0008903408721196746,0.001105284644432671,0.0017092830960265034,0.00261309266744047,0.003704635470512846,0.01080138277921201,0.014886675610199131,0.02012117975500816,0.053464627702593186,0.06008804705356126,0.07459434672939744
183,2.0193975469926187e-06,3.0871848759053437e-06,4.376765790901787e-06,9.426858912097919e-05,0.00012992280110431774,0.00017560670385691188,0.000786044518009152,0.0008834229660601751,0.0010966966355266117,0.0017093436779529129,0.0026131852829867474,0.0037047667734865734,0.010804210836885637,0.014890573294232257,0.020126447956123866,0.053488209038133464,0.06011454974254308,0.07462724762846323
184,1.9961194047153857e-06,3.051598059983699e-06,4.326313626618202e-06,9.35137110791445e-05,0.00012888241352026851,0.0001742004916076713,0.0007799695377839906,0.0008765953921425277,0.0010882207665126027,0.0017094035615350545,0.0026132768309285468,0.0037048965628953723,0.010807016248218013,0.014894439766637867,0.020131673970872097,0.05351160812426698,0.06014084760430735,0.07465989425145861
185,1.973231883458361e-06,3.0166084119191686e-06,4.276708079545282e-06,9.276888119199823e-05,0.00012785587449824,0.00017281299739952083,0.0007739734625055644,0.0008698564982429767,0.001079854986415479,0.0017094627584915583,0.002613367329180904,0.0037050248641377586,0.010809799314653772,0.014898275442872816,0.020136858360794083,0.05353482732814215,0.060166943299254635,0.07469228990105106
186,1.9507263980188965e-06,2.9822028069519374e-06,4.227930542439832e-06,9.203391298810893e-05,0.0001268429270396824,0.00017144387386719558,0.0007680548566566013,0.0008632046710064294,0.0010715972923881663,0.0017095212802834988,0.0026134567952651126,0.003705151702054032,0.010812560332043414,0.014902080730684006,0.0201420016770101,0.05355786897384185,0.06019283943938483,0.07472443781982271
187,1.9285945960370445e-06,2.9483684762840318e-06,4.1799629127131144e-06,9.130862442456929e-05,0.00012584332024952386,0.00017009278189503445,0.0007622123182289207,0.000856638334738129,0.0010634457283357883,0.00170957913812138,0.002613545246319401,0.0037052771009414135,0.01081529959077615,0.01490585603029149,0.020147104460466952,0.05358073534338872,0.060218538589426975,0.07475634119167279
188,1.9068283504955573e-06,2.915092995613575e-06,4.132787576175629e-06,9.059283775907484e-05,0.00012485680915986694,0.0001687593903786843,0.0007564444777704697,0.0008501559503326349,0.0010553983835860806,0.0017096363429718949,0.0026136326991092695,0.003705401084568699,0.010818017375908925,0.014909601734566286,0.02015216724217831,0.05360342867772183,0.060244043267936954,0.07478800314318036
189,1.8854197524992248e-06,2.882364274096089e-06,4.0863873913873194e-06,8.988637942634828e-05,0.0001238831545596742,0.00016744337599489896,0.0007507499974642651,0.0008437560142386592,0.0010474533916043232,0.0017096929055644696,0.0026137191700374924,0.00370552367619044,0.010820713967291715,0.014913318229203077,0.02015719054345816,0.05362595117764576,0.060269355948364106,0.0748194267449285
190,1.864361104321776e-06,2.8501705437148427e-06,4.040745674587695e-06,8.918907991873934e-05,0.0001229221228302086,0.0001661444229791165,0.0007451275702380165,0.0008374370574583866,0.0010396089287510776,0.0017097488363975995,0.002613804675153804,0.003705644898560678,0.010823389639689276,0.014917005892887983,0.020162174876147534,0.05364830500475289,0.060294479060087856,0.07485061501279103
191,1.8436449127090893e-06,2.8185003490430264e-06,3.995846185181459e-06,8.850077367083867e-05,0.00012197348578600618,0.00016486222291051426,0.0007395759189032536,0.0008311976445799533,0.0010318632130810901,0.0017098041457449806,0.002613889230164275,0.0037057647739462333,0.010826044662899402,0.014920665097461564,0.02016712074283485,0.053670492282319994,0.06031941498942526,0.07488157090918347
192,1.823263882428006e-06,2.7873425373814088e-06,3.951673111756455e-06,8.782129894795049e-05,0.00012103702052116681,0.0001635964745042519,0.0007340937953228357,0.0008250363728418241,0.001024214503181792,0.0017098588436614535,0.0026139728504403965,0.0037058833241395864,0.010828679301867842,0.0149242962080772,0.020172028637069978,0.05369251509617968,0.06034416608061052,0.07491229734427891
193,1.803210910050525e-06,2.756686249255823e-06,3.9082110586117604e-06,8.715049773827618e-05,0.00012011250926075954,0.00016234688341062726,0.000728679979605769,0.0008189518712278601,0.0010166610970499031,0.0017099129399887549,0.002614055551027874,0.0037060005704713447,0.01083129381679999,0.014927899583355022,0.020176899043572297,0.05371437549556785,0.060368734636747357,0.07494279717719042
194,1.7834790779636547e-06,2.72652090925964e-06,3.865445032774874e-06,8.648821564866672e-05,0.00011919973921714665,0.00016111316202088068,0.0007233332793282997,0.0008129427995919178,0.001009201331004691,0.0017099664443610938,0.0026141373466551515,0.0037061165338223277,0.010833888463269449,0.014931475575531535,0.020181732438432923,0.0537360754939477,0.060393122920735114,0.07497307321712054
195,1.7640616485956151e-06,2.6968362172269863e-06,3.823360431487796e-06,8.58343018038083e-05,0.00011829850245103924,0.00015989502927939435,0.0007180525287802994,0.0008070078478108739,0.0010018335786365234,0.0017100193662105516,0.0026142182517416685,0.003706231234635273,0.010836463492323563,0.014935024530605068,0.020186529289311306,0.05375761706981111,0.06041733315616944,0.07500312822447965
196,1.7449520588495406e-06,2.667622139723181e-06,3.781943030142853e-06,8.518860874871181e-05,0.00011740859573710635,0.00015869221050204658,0.0007128365882359991,0.0008011457349650137,0.0009945562497893875,0.001710071714772317,0.0026142982804058606,0.003706344692926177,0.010839019150586026,0.014938546788477182,0.020191290055626365,0.05377900216745819,0.060441367528218395,0.07503296491197332
197,1.726143914736224e-06,2.638868901839461e-06,3.741178970649908e-06,8.455099235438115e-05,0.00011652982043396523,0.00015750443720048758,0.000707684343248166,0.0007953552085447694,0.0009873677895761203,0.0017101234990897591,0.0026143774464729157,0.0037064569282952964,0.010841555680356657,0.0149420426830902,0.020196015188742384,0.053800232697755634,0.06046522818447474,0.0750625859456606
198,1.7076309861978298e-06,2.6105669792796553e-06,3.701054750217472e-06,8.392131172654182e-05,0.00011566198235838927,0.00015633144691211583,0.0007025947039648589,0.0007896350436828307,0.0009802666774251392,0.0017101747280193452,0.0026144557634822942,0.003706567959937803,0.010844073319708453,0.014945512542560952,0.020200705132149742,0.05382131053887458,0.060488917235785214,0.07509199394598336
199,1.6894072021148703e-06,2.582707090727021e-06,3.6615572105310132e-06,8.329942911731574e-05,0.00011480489166357656,0.00015517298303554313,0.0006975666044679307,0.0007839840424106989,0.0009732514261575132,0.0017102254102354085,0.0026145332446950156,0.0037066778066541187,0.010846572302581972,0.01494895668931086,0.02020536032164081,0.05384223753700862,0.060512436757057544,0.07512119148876807
200,1.6714666454890857e-06,2.5552801904800003e-06,3.622673527312517e-06,8.268520983973288e-05,0.00011395836272132812,0.00015402879467134393,0.0006925990021324838,0.0007784010329387888,0.0009663205810932704,0.001710275554234773,0.0026146099031007304,0.0037067864868599383,0.010849052858877165,0.014952375440192501,0.02020998118548095,0.0538630155070726,0.060535788788045705,0.07515018110620088
201,1.6538035487952067e-06,2.528277461346153e-06,3.5843912002460654e-06,8.20785221849754e-05,0.00011312221400799219,0.0001528986364678949,0.0006876908770065128,0.00077288486895922,0.0009594727191858698,0.0017103251683412367,0.002614685751424571,0.003706894018595945,0.010851515214542716,0.01495576910661274,0.020214568144574986,0.05388364623338279,0.060558975334114494,0.07517896528777646
202,1.63641228949487e-06,2.50169030778399e-06,3.546698043254876e-06,8.147923734225355e-05,0.0001122962679940356,0.00015178226847211706,0.0006828412312100081,0.0007674344289704768,0.0009527064481838238,0.0017103742607099217,0.002614760802133804,0.003707000419537243,0.01085395959166298,0.01495913799465256,0.020219121612629152,0.05390413147031909,0.060581998366983594,0.07520754648122197
203,1.6192873857062897e-06,2.4755103492829154e-06,3.5095821751159034e-06,8.088722932121759e-05,0.00011148035103711045,0.00015067945598494213,0.0006780490883528127,0.0007620486156231488,0.0009460204058184882,0.0017104228393314928,0.0026148350674442826,0.0037071057070024965,0.010856386208542618,0.014962482405183672,0.0202236419963087,0.05392447294296969,0.060604859825452294,0.07523592709339652
204,1.6024234920235329e-06,2.4497294139718787e-06,3.4730320103987013e-06,8.030237487681349e-05,0.00011067429327848871,0.00014958996942133115,0.0006733134929705651,0.0007567263550859952,0.0009394132590170829,0.0017104709120362536,0.002614908559326702,0.003707209897962808,0.010858795279788924,0.014965802633982029,0.020228129695391343,0.05394467234775881,0.060627561616104865,0.07526410949116703
205,1.5858153954795504e-06,2.4243395324477997e-06,3.4370362507158444e-06,7.972455343649376e-05,0.00010987792854274278,0.00014851358417468044,0.0006686335099780772,0.0007514665964316047,0.000932883703140041,0.001710518486498118,0.0026149812895126753,0.0037073130090503298,0.010861187016392018,0.01496909897183831,0.02023258510291658,0.05396473135305815,0.06065010561399781,0.07529209600226125
206,1.5694580116473481e-06,2.399332931815171e-06,3.4015838762727574e-06,7.915364702969895e-05,0.00010909109424055552,0.0001474500804854572,0.0006640082241395327,0.0007462683110409603,0.0009264304612418236,0.0017105655702384674,0.0026150532695006297,0.0037074150565666176,0.010863561625802909,0.014972371704665527,0.020237008605331144,0.05398465159978233,0.06067249366332904,0.0753198889160985
207,1.5533463808739425e-06,2.374702029928664e-06,3.3666641377053325e-06,7.858954021952813e-05,0.00010831363127454721,0.0001463992433139132,0.0006594367395549065,0.000741130492026234,0.0009200522833543686,0.0017106121706298937,0.002615124510561528,0.003707516056490749,0.010865919312009496,0.014975621113603763,0.02024140058263056,0.05400443470196898,0.060694727578089816,0.07534749048459913
208,1.5374756646419668e-06,2.3504394298308734e-06,3.332266548194209e-06,7.803212003652072e-05,0.00010754538394801238,0.00014536086221673115,0.0006549181791620384,0.0007360521536711751,0.0009137479457923775,0.001710658294899833,0.0026151950237444225,0.003707616024487195,0.010868260275610591,0.014978847475122205,0.020245761408497064,0.05402408224734384,0.06071680914269995,0.07537490292297291
209,1.5218411420540203e-06,2.3265379143777176e-06,3.2983808758450905e-06,7.748127591447441e-05,0.00010678619987646273,0.00014433473122746422,0.0006504516842538078,0.0007310323308884714,0.0009075162504796749,0.0017107039501340945,0.0026152648198818538,0.0037077149759134702,0.010870584713888026,0.014982051061118499,0.020250091450433886,0.054043595797871456,0.06073874011262661,0.0754021284104873
210,1.5064382064350651e-06,2.302990441044298e-06,3.264997136324904e-06,7.693689962822718e-05,0.00010603592990187724,0.00014332064874063435,0.0006460364140098882,0.0007260700786934942,0.0009013560242959067,0.0017107491432802877,0.002615333909595085,0.00370781292582756,0.01087289282087687,0.014985232139015554,0.02025439106989611,0.05406297689029175,0.060760522214987414,0.07542916909121618
211,1.4912623620483748e-06,2.279790136904355e-06,3.232105585744072e-06,7.639888523333479e-05,0.00010529442800956446,0.00014231841739936147,0.0006416715450425707,0.0007211644716938576,0.0008952661184428697,0.0017107938811511492,0.0026154023032991924,0.003707909888995132,0.01087518478743387,0.014988390971855841,0.020258660622418087,0.05408222703664303,0.060782157149138226,0.07545602707476945
212,1.4763092209207235e-06,2.2569302937767297e-06,3.1996967137755504e-06,7.586712900757716e-05,0.00010456155124754536,0.0001413278439863994,0.0006373562709561734,0.0007163146035942453,0.0008892454078297947,0.0017108381704277768,0.002615470011208006,0.0037080058798965453,0.010877460801304098,0.014991527818393267,0.020262900457737675,0.054101347724771716,0.06080364658724607,0.07548270443700436
213,1.4615744997727046e-06,2.234404363532538e-06,3.1677612370017134e-06,7.534152939422976e-05,0.00010383715964836906,0.00014034873931846007,0.0006330898019195678,0.0007115195867159798,0.0008832927904769322,0.0017108820176627698,0.0026155370433389117,0.0037081009127336558,0.010879721047185925,0.01499464293318272,0.02026711091991723,0.0541203404188293,0.06082499217484754,0.07550920322071866
214,1.4470540170502172e-06,2.2122059535570153e-06,3.136290092480513e-06,7.48219869470391e-05,0.0001031211161532768,0.00013938091814371203,0.0006288713642513754,0.0007067785515308312,0.0008774071869368137,0.0017109254292832813,0.0026156034095175186,0.00370819500143643,0.010881965706794337,0.014997736566667317,0.020271292347461542,0.05413920655975683,0.06084619553139346,0.07553552543632674
215,1.4327436900533463e-06,2.1903288223602416e-06,3.105274431522719e-06,7.430840427684364e-05,0.00010241328653863392,0.000138424199042344,0.000624700200017399,0.0007020906462085774,0.0008715875397325854,0.001710968411593983,0.0026156691193821896,0.0037082881596693755,0.010884194958922644,0.015000808965263478,0.020275445073432808,0.05415794756575736,0.060867258250779724,0.07556167306251874
216,1.418639532159008e-06,2.1687668753312247e-06,3.0747056136723907e-06,7.380068599978308e-05,0.00010171353934455096,0.00013747840433008736,0.0006205755666398783,0.0006974550361778518,0.0008658328128128373,0.001711010970779948,0.0026157341823884496,0.0037083804008377855,0.010886408979502637,0.015003860371443812,0.020279569425562714,0.05417656483275656,0.06088818190186506,0.07558764804690313
217,1.4047376501338865e-06,2.1475141606300056e-06,3.044575200883033e-06,7.329873868704227e-05,0.00010102174580561955,0.0001365433599645975,0.000616496736518167,0.0006928709036998287,0.000860141991022368,0.001711053112909452,0.002615798607813268,0.0037084717380938123,0.010888607941663247,0.015006891023817982,0.02028366572636165,0.0541950597348521,0.060908968028976045,0.07561345230663379
218,1.3910342415343307e-06,2.1265648652127154e-06,3.014874951882233e-06,7.280247081607704e-05,0.00010033777978369118,0.00013561889545459567,0.0006124629966604489,0.0006883374474543148,0.0008545140795883523,0.001711094843936698,0.002615862404759225,0.0037085621843423685,0.01089079201578773,0.015009901157211491,0.02028773429322529,0.054213433624751915,0.060929618152399674,0.07563908772902143
219,1.377525592190023e-06,2.105913310984692e-06,2.9855968167178597e-06,7.231179272327242e-05,9.96615177026295e-05,0.00013470484377167897,0.0006084736483261241,0.0006838538821378332,0.0008489481036213949,0.0017111361697044638,0.0026159255821585543,0.00370865175224687,0.010892961369569428,0.015012891002742569,0.020291775438538436,0.0542316878342017,0.060950133768863816,0.07566455617213008
220,1.3642080737683497e-06,2.0855539510769766e-06,2.9567329314791713e-06,7.182661655798391e-05,9.899283848496942e-05,0.00013380104126470697,0.0006045280066785073,0.0006794194380732953,0.000843443107630971,0.001711177095946677,0.0026159881487770862,0.003708740454234815,0.010895116168066167,0.01501586078789712,0.020295789469776376,0.05424982367440205,0.06097051635200602,0.07568985946535901
221,1.351078141416543e-06,2.0654813662417003e-06,2.928275613186483e-06,7.134685623791636e-05,9.833162349041928e-05,0.00013290732757668014,0.000600625400447501,0.0006750333608308861,0.0008379981550547863,0.0017112176282909192,0.002616050113218074,0.00370882830250321,0.010897256573753305,0.01501881073660183,0.020299776689603678,0.05426784243641548,0.060990767352830946,0.07571499941001067
222,1.3381323314787731e-06,2.0456902613620556e-06,2.9002173548432813e-06,7.08724274057952e-05,9.767775645614418e-05,0.00013202354556402518,0.0005967651716019097,0.000670694910859782,0.0008326123278015856,0.0017112577722608634,0.002616111483925915,0.0037089153090238557,0.01089938274657548,0.015021741069295517,0.0203037373959706,0.054285745391563535,0.061010888200156745,0.0757399777798447
223,1.3253672592854918e-06,2.02617546207272e-06,2.8725508206449264e-06,7.040324738728708e-05,9.703112343877164e-05,0.00013114954121820857,0.000592946675031079,0.000666403363130351,0.0008272847258069729,0.0017112975332786422,0.002616172269189777,0.0037090014855484747,0.010901494843997097,0.015024652002998679,0.020307671882207147,0.054303533791814476,0.061030880301050645,0.07576479632161892
224,1.3127796170124232e-06,2.006931911486756e-06,2.8452688413383147e-06,6.99392351501287e-05,9.639161275806196e-05,0.00013028516358960012,0.000589169278235557,0.0006621580067864913,0.0008220144666018197,0.0017113369166671525,0.0026162324771471217,0.003709086843613715,0.010903593021051603,0.015027543751381421,0.020311580437114833,0.05432120887016154,0.06105074504125425,0.07578945675561698
225,1.3003661716067272e-06,1.987954667025202e-06,2.8183644097271197e-06,6.948031126442364e-05,9.575911494218864e-05,0.0001294302647135127,0.000585432361026482,0.0006579581448077784,0.0008168006848928473,0.001711375927652301,0.002616292115787133,0.0037091713945460064,0.010905677430389534,0.015030416524829688,0.020315463345056236,0.05433877184099233,0.06107048378559848,0.07581396077616377
226,1.2881237627779263e-06,1.9692388973456704e-06,2.791830676317407e-06,6.902639786406937e-05,9.513352267457628e-05,0.00012858469953834712,0.0005817353152334123,0.0006538030936810992,0.0008116425321549891,0.0017114145713651842,0.002616351192954053,0.003709255149466296,0.010907748222325455,0.015033270530509924,0.020319320886042387,0.05435622390044933,0.06109009787840891,0.07583831005212842
227,1.2760493010513153e-06,1.9507798793664696e-06,2.765660945098665e-06,6.857741860927686e-05,9.451473074224438e-05,0.0001277483258557723,0.0005780775444203287,0.0006496921830814721,0.0008065391762351536,0.0017114528528442158,0.0026164097163504344,0.003709338119294649,0.010909805544883733,0.015036105972432193,0.020323153335818064,0.05437356622678194,0.06110958864390136,0.07586250622741549
228,1.2641397658816421e-06,1.932572995382861e-06,2.7398486694554685e-06,6.813329865014766e-05,9.390263598560863e-05,0.00012692100423287563,0.0005744584636095435,0.0006456247555617523,0.0008014898009670205,0.0017114907770371924,0.002616467693540296,0.003709420314754733,0.010911849543843237,0.015038923051511761,0.020326960965945048,0.054390799980690234,0.06112895738656822,0.07588655092144449
229,1.2523922038249403e-06,1.9146137302722244e-06,2.7143874482051806e-06,6.769396459127394e-05,9.329713724969194e-05,0.00012610259794621867,0.0005708774990132652,0.000641600166250942,0.0007964936057965167,0.0017115283488033071,0.002616525131952204,0.003709501746378179,0.010913880362780976,0.015041721965629253,0.020330744043883436,0.054407926305660624,0.06114820539155574,0.07591044572961837
230,1.2408037267664841e-06,1.896897668785015e-06,2.6892710217572848e-06,6.725934445732875e-05,9.269813533670026e-05,0.00012529297291773736,0.0005673340877725731,0.0006376177825608279,0.0007915498054176316,0.00171156557291511,0.0026165820388822673,0.003709582424508831,0.010915898143114696,0.015044502909689355,0.020334502833070967,0.0544249463282938,0.061167333925032576,0.07593419222378091
231,1.2293715102029089e-06,1.879420492918527e-06,2.664493268390122e-06,6.682936765961424e-05,9.210553295991874e-05,0.00012449199765242718,0.0005638276777035678,0.000633676983900684,0.0007866576294182437,0.001711602454060416,0.0026166384214970553,0.003709662359306883,0.010917903024144485,0.015047266075678151,0.02033823759300054,0.05444186115862491,0.061186344234549585,0.07595779195266346
232,1.2180927915766148e-06,1.8621779793705922e-06,2.640048200640938e-06,6.640396496353766e-05,9.151923469888644e-05,0.00012369954317775607,0.0005603577270504702,0.0006297771613997831,0.0007818163219356423,0.0017116389968441633,0.0026166942868364363,0.003709741560752902,0.01091989514309339,0.015050011652719117,0.02034194857929587,0.054458671890436426,0.061205237549391577,0.07598124644232153
233,1.2069648686606521e-06,1.845165997070444e-06,2.6159299618053453e-06,6.598306845698502e-05,9.09391469558084e-05,0.00012291548298475007,0.0005569237042454495,0.0006259177176374714,0.000777025141321437,0.0017116752057902231,0.002616749641816348,0.0037098200386517562,0.0109218746351471,0.01505273982712779,0.020345636043785413,0.054475379601563796,0.06122401508092069,0.07600455719656117
234,1.1959850979923488e-06,1.8283805047841058e-06,2.592132822542428e-06,6.556661151956478e-05,9.036517791316657e-05,0.00012213969297069927,0.0005535250876749711,0.0006220980663805711,0.0007722833598155641,0.001711711085343163,0.0026168044932314916,0.0037098978026364323,0.010923841633492689,0.015055450782465186,0.02034930023457453,0.05449198535419404,0.06124267802291212,0.07602772569735564
235,1.1851508933540146e-06,1.8118175487917408e-06,2.568651177581876e-06,6.515452879269298e-05,8.97972374924907e-05,0.00012137205138343146,0.0005501613654524591,0.0006183176323278786,0.0007675902632291031,0.0017117466398699638,0.0026168588477579555,0.0037099748621717598,0.010925796269356467,0.01505814469958996,0.020352941396116035,0.05450849019515761,0.06126122755188195,0.07605075340525251
236,1.1744597242991097e-06,1.7954732606345113e-06,2.545479542529659e-06,6.474675615049438e-05,8.923523731425361e-05,0.00012061243876710577,0.0005468320351970776,0.0006145758508615409,0.0007629451506356313,0.0017117818736616926,0.002616912711955775,0.0037100512265580356,0.010927738672040983,0.01506082175670939,0.02035655976927905,0.054524895156213525,0.06127966482740779,0.07607364175977158
237,1.1639091147223415e-06,1.7793438549285924e-06,2.5226125507689083e-06,6.434323067149326e-05,8.867909065885489e-05,0.00011986073790947726,0.0005435366038184417,0.0006108721678050955,0.000758347334070849,0.0017118167909351341,0.002616966092271423,0.003710126904934558,0.010929668968961128,0.015063482129429156,0.020360155591416334,0.05454120125432808,0.061297990992441945,0.07609639217979369
238,1.1534966414721955e-06,1.7634256272440577e-06,2.5000449504527704e-06,6.394389061106974e-05,8.812871242865982e-05,0.0001191168337905878,0.0005402745873070756,0.0006072060391879695,0.0007537961382402257,0.0017118513958343784,0.00261701899504024,0.003710201906283072,0.01093158728567946,0.015066125990802018,0.020363729096430052,0.05455740949194729,0.06131620717361758,0.0761190060639409
239,1.1432199330044788e-06,1.7477149520464617e-06,2.4777716015861456e-06,6.354867537465752e-05,8.758401911105977e-05,0.00011838061353283776,0.0005370455105304397,0.0006035769310162382,0.0007492909002344156,0.0017118856924323684,0.002617071426488801,0.0037102762394311192,0.010933493745940702,0.015068753511375349,0.02036728051483604,0.054573520857263205,0.06133431448154807,0.07614148479094793
