pozo,fecha,cuenca,contrato,aceite_Mbd,gas_asociado_MMpcd,gas_no_asociado_MMpcd,agua_Mbd,condensado_Mbd,ano_de_perforacion,campo,clasificacion,disponible,entidad,estado_actual,profundidad_total,profundidad_vertical,tipo_de_hidrocarburo,trayectoria,ubicacion,tiempo_perforacion,dias_perforacion,first_oil,days_online,Qi_hist,mes,pct_cambio_Qo,exponencial,hiperbolica,harmonica,residual_exponencial,residual_hiperbolica,residual_harmonica,gas_exponencial,gas_hiperbolica,gas_harmonica,residual_gas_exponencial,residual_gas_hiperbolica,residual_gas_harmonica,condensado,Np_MMb,Gp_MMMpc,Cp_MMb,Wp_MMb
MIQUETLA-122,2020-02-01,TAMPICO-MISANTLA,CNH-M5-MIQUETLA/2018,0.013455556690200002,0.0130461432075,0.0,0.00267691485055,0.0,1962.0,MIQUETLA,DESARROLLO,Disponible,VERACRUZ DE IGNACIO DE LA LLAVE,PRODUCTOR,2060.0,,ACEITE-GAS,VERTICAL,TERRESTRE,0.0,29.0,1966-01-01,19754,0.169151,658.0,-0.5951793810028437,0.019739045438853128,0.01871922466453345,0.018719090962577557,3.948223085445042e-05,2.7706200544023572e-05,2.7704793036493114e-05,0.0,0.022204938161537614,0.02220493789996631,0.00017020185259059836,8.388352501010486e-05,8.388352021874907e-05,4.6165148802739176e-52,0.38936775273993585,0.32574644287746585,0.0,0.09011172836084193
MIQUETLA-64,2020-02-01,TAMPICO-MISANTLA,CNH-M5-MIQUETLA/2018,0.00516554053433,0.0234274492128,0.0,0.000936099133671,0.0,1961.0,MIQUETLA,DESARROLLO,Disponible,VERACRUZ DE IGNACIO DE LA LLAVE,PRODUCTOR,2156.0,,ACEITE-GAS,VERTICAL,TERRESTRE,1.0,33.0,1966-03-01,19695,0.111187,656.0,0.0386108403384009,0.0045684851113221275,0.00594409569435611,0.005944117739722077,3.564751781431097e-07,6.061481372032814e-07,6.061824647561358e-07,0.004669803141705312,0.011482203447302877,0.011704585278674618,0.000351849286128454,0.00014268889639812692,0.00013742553881801762,4.6446986663490926e-52,0.14595970809778755,0.3150133330140757,0.0,0.042171105049472656
MIQUETLA-2,2020-02-01,TAMPICO-MISANTLA,CNH-M5-MIQUETLA/2018,0.0161894834521,0.0350221465069,0.0,7.17769728426e-05,0.0,1960.0,MIQUETLA,DESARROLLO,Disponible,VERACRUZ DE IGNACIO DE LA LLAVE,PRODUCTOR,2414.6,,ACEITE-GAS,VERTICAL,TERRESTRE,2.0,72.0,1968-03-01,18964,0.092927,632.0,0.15165536571061589,0.0,0.015268443104105942,0.015487137087265094,0.00026209937444581974,8.483153226330166e-07,4.932904161968078e-07,0.0,0.02266667807923086,0.02320132448562133,0.0012265507459507678,0.00015265760006712888,0.0001397318332587467,5.004042766150773e-52,0.17289077367712682,0.2560279419039619,0.0,0.020630419696329998
MIQUETLA-3,2020-02-01,TAMPICO-MISANTLA,CNH-M5-MIQUETLA/2018,0.0152584808478,0.0352245866602,0.0,4.05081692391e-05,0.0,1960.0,MIQUETLA,DESARROLLO,Disponible,VERACRUZ DE IGNACIO DE LA LLAVE,PRODUCTOR,2100.4,,ACEITE-GAS,VERTICAL,TERRESTRE,1.0,37.0,1968-04-01,18933,0.214692,631.0,0.18660291085465586,0.0,0.011351133186633748,0.01135123142754214,0.0002328212377826794,1.5267365745221383e-05,1.526659803210538e-05,0.0,0.06427684615025309,0.06427684668489009,0.00124077150538194,0.0008440337814773796,0.0008440338125422056,5.0199109748908066e-52,0.3239930036133431,0.9024469307223516,0.0,0.021140492323695467
MIQUETLA-9,2020-02-01,TAMPICO-MISANTLA,CNH-M5-MIQUETLA/2018,0.0111713758813,0.0208738291319,0.0,0.000325826578662,0.0,1960.0,MIQUETLA,EXPLORATORIO,Disponible,VERACRUZ DE IGNACIO DE LA LLAVE,PRODUCTOR,2145.0,,ACEITE,VERTICAL,TERRESTRE,1.0,48.0,1968-10-01,18750,0.127419,625.0,0.15987762007744633,0.0,0.005128053930205738,0.005128055890336663,0.00012479963908129137,3.652174020457776e-05,3.652171651317712e-05,0.0,0.015460826262199199,0.015460826264793752,0.00043571674262775714,2.9300600067389127e-05,2.930060003930048e-05,5.116724772193179e-52,0.06643874363936814,0.09833085504218556,0.0,0.022206897359093387
MIQUETLA-13,2020-02-01,TAMPICO-MISANTLA,CNH-M5-MIQUETLA/2018,0.00613412417953,0.0217748127768,0.0,0.0005995543456039999,0.0,1960.0,MIQUETLA,DESARROLLO,Disponible,VERACRUZ DE IGNACIO DE LA LLAVE,INACTIVO,2075.5,,ACEITE-GAS,VERTICAL,TERRESTRE,1.0,40.0,1969-02-01,18627,0.239686,621.0,1.0397394150876802,0.0,0.005340979713396507,0.005340982890658738,3.762747944989459e-05,6.290781441581835e-07,6.290731041123663e-07,0.0,0.004160507295932859,0.013647916054516266,0.0004741424714646925,0.00031026375757330625,6.604645033466611e-05,5.1828316421408164e-52,0.14247102092416,0.2395197476269458,0.0,0.015305712459319281
MIQUETLA-14,2020-02-01,TAMPICO-MISANTLA,CNH-M5-MIQUETLA/2018,0.00595041328526,0.035415780138199994,0.0,0.000929995669488,0.0,1961.0,MIQUETLA,DESARROLLO,Disponible,VERACRUZ DE IGNACIO DE LA LLAVE,PRODUCTOR,2032.0,,ACEITE-GAS,VERTICAL,TERRESTRE,0.0,24.0,1969-03-01,18599,0.116666,620.0,-0.011910502037188908,0.0,0.0021311291239086766,0.006902932641521658,3.540741826539871e-05,1.4586931505149085e-05,9.072931240531233e-07,0.0,0.0010528894352765876,0.017024502588464795,0.0012542774827973213,0.0011808082574610598,0.000338239089911394,5.199558536682001e-52,0.12025576883652182,0.27341228482239704,0.0,0.006007882179050367
MIQUETLA-15,2020-02-01,TAMPICO-MISANTLA,CNH-M5-MIQUETLA/2018,0.00966208167971,0.0221851914578,0.0,0.0015280010851199998,0.0,1960.0,MIQUETLA,DESARROLLO,Disponible,VERACRUZ DE IGNACIO DE LA LLAVE,PRODUCTOR,2054.0,,ACEITE-GAS,VERTICAL,TERRESTRE,1.0,34.0,1969-04-01,18568,0.16008599999999998,619.0,0.2922128257870249,0.0,0.0008118795118266071,0.011899265834077116,9.33558223853876e-05,7.832607841240791e-05,5.004992940551308e-06,0.0,0.001685604622095641,0.018319372249093042,0.000492182720019242,0.0004202330604345835,1.4944558154407687e-05,5.216366537801548e-52,0.1657730241348808,0.24857098488004054,0.0,0.010650026441465867
MIQUETLA-16,2020-01-01,TAMPICO-MISANTLA,CNH-M5-MIQUETLA/2018,0.00761432210354,0.0341502911847,0.0,0.000269185598352,0.0,1960.0,MIQUETLA,DESARROLLO,Disponible,VERACRUZ DE IGNACIO DE LA LLAVE,PRODUCTOR,2071.5,,ACEITE-GAS,VERTICAL,TERRESTRE,0.0,27.0,1969-05-01,18507,0.220143,617.0,2.0446540933059034,0.0,0.001595001686760766,0.015532357549298536,5.797790109645781e-05,3.623221827985533e-05,6.269528532028855e-05,0.0,0.07092985503125988,0.07092984707031581,0.0011662423879997984,0.001352736316743175,0.001352735731143137,5.250227964898236e-52,0.34903501662449665,0.7575307667354546,0.0,0.005599294782330111
MIQUETLA-17,2020-02-01,TAMPICO-MISANTLA,CNH-M5-MIQUETLA/2018,0.0107774577171,0.06140793990330001,0.0,9.60475642082e-05,0.0,1960.0,MIQUETLA,DESARROLLO,Disponible,VERACRUZ DE IGNACIO DE LA LLAVE,PRODUCTOR,2092.4,,ACEITE-GAS,VERTICAL,TERRESTRE,1.0,55.0,1969-06-01,18507,0.101266,617.0,0.1435493999009272,0.0,0.012321510866555538,0.012321585550340667,0.00011615359484387833,2.384100128343567e-06,2.3843307653885165e-06,0.0,0.029097182925775268,0.029097182916179177,0.003770935083167306,0.0010439850164606639,0.001043985017080778,5.250227964898236e-52,0.11056617084766805,0.22870385816470193,0.0,0.006885311038048414
MIQUETLA-19,2020-02-01,TAMPICO-MISANTLA,CNH-M5-MIQUETLA/2018,0.017332974712599997,0.130234624125,0.0,0.00236968170343,0.0,1960.0,MIQUETLA,DESARROLLO,Disponible,VERACRUZ DE IGNACIO DE LA LLAVE,PRODUCTOR,2064.0,,ACEITE-GAS,VERTICAL,TERRESTRE,1.0,32.0,1969-08-01,18446,0.336809,615.0,0.02839230207929333,0.0,0.015715250708982272,0.015715245559803585,0.00030043201238763096,2.6170309518809615e-06,2.617047611807399e-06,0.0,0.05374019875702783,0.053739666268371136,0.016961057320980032,0.005851397112376264,0.005851478577487426,5.284420176508089e-52,0.4367053477654963,0.8975444147160487,0.0,0.018483456823272876
MIQUETLA-21,2020-02-01,TAMPICO-MISANTLA,CNH-M5-MIQUETLA/2018,0.0140444847442,0.046966115546900014,0.0,0.00017593901404099998,0.0,1960.0,MIQUETLA,DESARROLLO,Disponible,VERACRUZ DE IGNACIO DE LA LLAVE,PRODUCTOR,2078.0,,ACEITE-GAS,VERTICAL,TERRESTRE,1.0,33.0,1969-10-01,18385,0.363997,613.0,0.16874852668569473,0.0,0.006109092587969066,0.006109092492596329,0.00019724755173006653,6.297044867317143e-05,6.297045018681159e-05,0.0,0.006623799506355477,0.015970983980278252,0.0022058160095647632,0.001627502463515177,0.0009606981808321928,5.3189474951799694e-52,0.12853576263123392,0.2039927781780708,0.0,0.006143613686590959
MIQUETLA-22,2020-02-01,TAMPICO-MISANTLA,CNH-M5-MIQUETLA/2018,0.00535340310984,0.052950283965,0.0,1.04139227202e-05,0.0,1960.0,MIQUETLA,DESARROLLO,Disponible,VERACRUZ DE IGNACIO DE LA LLAVE,PRODUCTOR,2100.0,,ACEITE-GAS,VERTICAL,TERRESTRE,1.0,33.0,1969-11-01,18354,0.377598,612.0,0.15270868482794242,0.0,0.007263468548863977,0.007623416095905886,2.8658924856444578e-05,3.6483499813538605e-06,5.152958956907761e-06,0.0,0.015879412397224787,0.02131933788454452,0.0028037325719741358,0.0013742495187944843,0.0010005167499446816,5.336338189792417e-52,0.22183569662685093,0.4856604734048059,0.0,0.014675622988434302
MIQUETLA-23A,2020-02-01,TAMPICO-MISANTLA,CNH-M5-MIQUETLA/2018,0.0144587079707,0.034637197808199995,0.0,5.49702647791e-05,0.0,1960.0,MIQUETLA,DESARROLLO,Disponible,VERACRUZ DE IGNACIO DE LA LLAVE,PRODUCTOR,2108.0,,ACEITE-GAS,VERTICAL,TERRESTRE,0.0,28.0,1970-01-01,18293,0.293592,610.0,0.14552570314657176,0.0,0.006791305131872294,0.008188000180555908,0.00020905423618198374,5.878906629286317e-05,3.9321776189373814e-05,0.0,0.025416824254458535,0.02541631949423984,0.0011997354720043746,8.50152884705349e-05,8.502459688086067e-05,5.371376429175555e-52,0.20596590969687284,0.37677282268252216,0.0,0.011217228154690057
MIQUETLA-24,2020-02-01,TAMPICO-MISANTLA,CNH-M5-MIQUETLA/2018,0.00931637209767,0.0145520730139,0.0,0.0021401496224600003,0.0,1960.0,MIQUETLA,EXPLORATORIO,Disponible,VERACRUZ DE IGNACIO DE LA LLAVE,PRODUCTOR,2040.0,,ACEITE,VERTICAL,TERRESTRE,0.0,30.0,1970-02-01,18262,0.171622,609.0,-0.040575006113753864,0.0,0.004583850065183206,0.004583869100493203,8.679478906224413e-05,2.2396764787972942e-05,2.2396584618287368e-05,0.0,0.01963474569291936,0.01963474567750875,0.0002117628290018766,2.5833561562049836e-05,2.583356140539566e-05,5.389025099492181e-52,0.14270883525002362,0.20204153303494318,0.0,0.019179335948271984
MIQUETLA-25,2020-02-01,TAMPICO-MISANTLA,CNH-M5-MIQUETLA/2018,0.0003289949304140001,0.00170949462719,0.0,3.06240787964e-05,0.0,1960.0,MIQUETLA,DESARROLLO,Disponible,VERACRUZ DE IGNACIO DE LA LLAVE,PRODUCTOR,1995.0,,ACEITE-GAS,VERTICAL,TERRESTRE,1.0,31.0,1970-03-01,18234,0.168404,608.0,-0.9103774374944578,0.0,0.007976996060518613,0.007976995969490494,1.0823766423811279e-07,5.849192128608143e-05,5.849191989371512e-05,0.0,0.027005544006934033,0.027005543797605572,2.9223718803914773e-06,0.0006398901142224484,0.0006398901036320824,5.4067608949746424e-52,0.08074126690470917,0.1515011019941993,0.0,0.016939758773445526
MIQUETLA-26,2020-02-01,TAMPICO-MISANTLA,CNH-M5-MIQUETLA/2018,0.0502528542882,0.0247876720942,0.0,0.00937573361427,0.0,1961.0,MIQUETLA,DESARROLLO,Disponible,VERACRUZ DE IGNACIO DE LA LLAVE,PRODUCTOR,2005.0,,ACEITE-GAS,VERTICAL,TERRESTRE,0.0,26.0,1970-04-01,18203,0.313861,607.0,0.05500310491780125,0.0,0.021389306043308617,0.021389306021429785,0.002525349364111061,0.0008331044172851723,0.0008331044185481738,0.0,0.05178741786766081,0.05340397973051695,0.0006144286878495813,0.0007289862718315148,0.0008188930627363319,5.424584390042372e-52,0.23987468838302997,0.4578387869477866,0.0,0.035661949099147064
MIQUETLA-27,2020-02-01,TAMPICO-MISANTLA,CNH-M5-MIQUETLA/2018,0.0154122969424,0.0182383582484,0.0,0.0401825759999,0.0,1960.0,MIQUETLA,DESARROLLO,Disponible,VERACRUZ DE IGNACIO DE LA LLAVE,PRODUCTOR,2004.0,,ACEITE-GAS,VERTICAL,TERRESTRE,0.0,26.0,1970-05-01,18173,0.361156,606.0,0.05816978510684723,0.0,0.016369729913860223,0.016979980008541878,0.0002375388970407124,9.166778948391511e-07,2.4576301958679965e-06,0.0,0.02753383682072112,0.03135849852074506,0.0003326377115969804,8.640592188848104e-05,0.0001721380807660106,5.442496163856578e-52,0.20058991700257958,0.30884036644632684,0.0,0.279602308593055
MIQUETLA-28,2020-02-01,TAMPICO-MISANTLA,CNH-M5-MIQUETLA/2018,0.0606298903448,0.0247876720942,0.0,0.0273202596061,0.0,1960.0,MIQUETLA,DESARROLLO,Disponible,VERACRUZ DE IGNACIO DE LA LLAVE,PRODUCTOR,2049.7,,ACEITE-GAS,VERTICAL,TERRESTRE,0.0,0.0,1970-06-01,18142,0.222449,605.0,-0.0390020482939224,0.0,0.02146371082368045,0.02146371018734982,0.0036759836032224723,0.001533989618280564,0.0015339896681258443,0.0,0.02760850455477177,0.03419733002069383,0.0006144286878495813,7.95709577061539e-06,8.854166229362812e-05,5.460496800367295e-52,0.21505017426315326,0.29603441040062656,0.0,0.19448126104397306
MIQUETLA-31,2020-02-01,TAMPICO-MISANTLA,CNH-M5-MIQUETLA/2018,0.0201029960118,0.05601781462,0.0,0.00406868787618,0.0,1961.0,MIQUETLA,DESARROLLO,Disponible,VERACRUZ DE IGNACIO DE LA LLAVE,PRODUCTOR,2030.0,,ACEITE-GAS,VERTICAL,TERRESTRE,0.0,22.0,1970-09-01,18050,0.25222100000000003,602.0,0.030683006031441584,0.0,0.005079504579159027,0.00507950461741578,0.0004041304486504467,0.00022570529482663672,0.0002257052936771367,0.0,0.015593713758286679,0.01559305090185543,0.003137995554800686,0.001634107930477972,0.001634161521667818,5.5150377984145586e-52,0.12277187560918316,0.18733990790170957,0.0,0.012916464345321118
MIQUETLA-32,2020-02-01,TAMPICO-MISANTLA,CNH-M5-MIQUETLA/2018,0.0172107678517,0.07630869108850001,0.0,0.0066670300954,0.0,1960.0,MIQUETLA,DESARROLLO,Disponible,VERACRUZ DE IGNACIO DE LA LLAVE,PRODUCTOR,2029.0,,ACEITE-GAS,VERTICAL,TERRESTRE,0.0,25.0,1970-10-01,18020,0.320983,601.0,0.058897129718555874,0.0,0.01203489301867165,0.012034892913986834,0.00029621053004511027,2.678968028717625e-05,2.6789681370847274e-05,0.0,0.05235508236867758,0.05235508184105002,0.005823016335640121,0.0005737753707023533,0.0005737753959795217,5.533399822665602e-52,0.11098952752039144,0.3109891861861589,0.0,0.015848320925207104
MIQUETLA-35,2020-02-01,TAMPICO-MISANTLA,CNH-M5-MIQUETLA/2018,0.00920573083375,0.0691989179296,0.0,0.00102438852844,0.0,1960.0,MIQUETLA,DESARROLLO,Disponible,VERACRUZ DE IGNACIO DE LA LLAVE,PRODUCTOR,2000.0,,ACEITE-GAS,VERTICAL,TERRESTRE,1.0,38.0,1971-01-01,17928,0.292171,598.0,0.10307867994097486,0.0,0.011286743481088744,0.011286760960556839,8.474548018345547e-05,4.330613638383806e-06,4.330686388677687e-06,0.0,0.019954773524306295,0.026362665083046345,0.004788490242627517,0.00242498575820942,0.001834944557933877,5.5890394911470174e-52,0.4203736201075073,0.8102214512510791,0.0,0.027762752931302606
MIQUETLA-36,2020-02-01,TAMPICO-MISANTLA,CNH-M5-MIQUETLA/2018,0.00607384425237,0.072677577044,0.0,0.0006495888408080001,0.0,1960.0,MIQUETLA,DESARROLLO,Disponible,VERACRUZ DE IGNACIO DE LA LLAVE,INACTIVO,2001.0,,ACEITE-GAS,VERTICAL,TERRESTRE,1.0,32.0,1971-02-01,17897,0.266418,597.0,0.13288126582873017,0.0,0.010418847825065048,0.010418922053835262,3.6891584002048086e-05,1.887905604673273e-05,1.887970110078619e-05,0.0,0.027705605527743767,0.02770533268749004,0.005282030204986556,0.0020224782220589627,0.0020225027624616427,5.607772642054975e-52,0.2827344589823911,0.46656670266165273,0.0,0.02033078326380356
MIQUETLA-39,2020-02-01,TAMPICO-MISANTLA,CNH-M5-MIQUETLA/2018,0.0109665782067,0.011239364840000002,0.0,0.0483709940216,0.0,1960.0,MIQUETLA,DESARROLLO,Disponible,VERACRUZ DE IGNACIO DE LA LLAVE,PRODUCTOR,2045.0,,ACEITE-GAS,VERTICAL,TERRESTRE,1.0,38.0,1971-05-01,17808,0.387533,594.0,-0.011977878106313344,0.0,0.00885096916925212,0.008850969017249561,0.00012026583756366739,4.475801599331148e-06,4.475802242487143e-06,0.0,0.01413595144945249,0.014135951297544991,0.00012632332200662827,8.39021398605946e-06,8.39021310603303e-06,5.664540689018869e-52,0.0765798750570537,0.0606432317252517,0.0,0.057956167636637086
MIQUETLA-40,2020-02-01,TAMPICO-MISANTLA,CNH-M5-MIQUETLA/2018,0.000342936864339,0.000179946802862,0.0,0.00014536592959900002,0.0,1961.0,MIQUETLA,DESARROLLO,Disponible,VERACRUZ DE IGNACIO DE LA LLAVE,PRODUCTOR,2060.0,,ACEITE-GAS,VERTICAL,TERRESTRE,0.0,23.0,1971-06-01,17777,0.222659,593.0,-0.8825110484725402,0.0,0.0060977604792635115,0.006097760516339641,1.176056929226657e-07,3.3117994838892826e-05,3.3117995265626e-05,0.0,0.01811711478439059,0.018117516996138346,3.2380851860255495e-08,0.0003217419951975745,0.000321756424438716,5.683655035786565e-52,0.12948584456507983,0.18439126720925028,0.0,0.017536366431683558
MIQUETLA-41,2020-02-01,TAMPICO-MISANTLA,CNH-M5-MIQUETLA/2018,0.0310207644156,0.0833378630753,0.0,0.00801320102033,0.0,1961.0,MIQUETLA,DESARROLLO,Disponible,VERACRUZ DE IGNACIO DE LA LLAVE,PRODUCTOR,2040.4,,ACEITE-GAS,VERTICAL,TERRESTRE,0.0,28.0,1971-07-01,17747,0.203505,592.0,0.08064370013365019,0.0,0.00929584574382281,0.00929571767317155,0.0009622878249281553,0.0004719720912953333,0.000471977655960701,0.0,0.008312211095514626,0.025043166488596728,0.006945199421957452,0.005628848454991874,0.0033982716501357946,5.702866294816973e-52,0.2923580690642849,0.6234777101577242,0.0,0.015485220039657598
MIQUETLA-42,2020-02-01,TAMPICO-MISANTLA,CNH-M5-MIQUETLA/2018,0.013009322033,0.08610454516930001,0.0,0.00111111488572,0.0,1961.0,MIQUETLA,DESARROLLO,Disponible,VERACRUZ DE IGNACIO DE LA LLAVE,PRODUCTOR,2025.0,,ACEITE-GAS,VERTICAL,TERRESTRE,0.0,21.0,1971-08-01,17716,0.164549,591.0,0.07862073185674023,0.0,0.007461866194130424,0.007461865806334843,0.00016924245975829928,3.077426628420816e-05,3.077427058676603e-05,0.0,0.02365626837656446,0.02365626837506518,0.007413992698812026,0.003899787274382113,0.003899787274569368,5.722175122362992e-52,0.0539868751751578,0.1036144554896565,0.0,0.01010193536450283
MIQUETLA-43,2020-02-01,TAMPICO-MISANTLA,CNH-M5-MIQUETLA/2018,0.0104541115754,0.0180546625538,0.0,0.00152994265419,0.0,1961.0,MIQUETLA,EXPLORATORIO,Disponible,VERACRUZ DE IGNACIO DE LA LLAVE,PRODUCTOR,3117.0,,ACEITE,VERTICAL,TERRESTRE,3.0,103.0,1971-09-01,17685,0.187017,590.0,0.02582463518655409,0.0,0.009206784616307835,0.009206783961124381,0.00010928844883091228,1.5558245428781075e-06,1.5558261773345083e-06,0.0,0.01859205203495848,0.018592050846341936,0.000325970839931588,2.8878745445977696e-07,2.8878617696113615e-07,5.741582180241815e-52,0.03664712166976512,0.04796749118327822,0.0,0.009481235542943998
MIQUETLA-44,2020-02-01,TAMPICO-MISANTLA,CNH-M5-MIQUETLA/2018,0.018763625466,0.034313605970700004,0.0,0.00265526881085,0.0,1961.0,MIQUETLA,DESARROLLO,Disponible,VERACRUZ DE IGNACIO DE LA LLAVE,PRODUCTOR,2035.0,,ACEITE-GAS,VERTICAL,TERRESTRE,0.0,28.0,1971-10-01,17655,0.145477,588.0,0.011598831035610768,0.0,0.011013073427027328,0.011013545923432408,0.0003520736406283238,6.007105690882346e-05,6.006373291612471e-05,0.0,0.037926779839830296,0.03792677980721647,0.0011774235547124588,1.305502540856597e-05,1.3055025172887107e-05,5.780693662428994e-52,0.13138930352207845,0.2685216012622699,0.0,0.012603128698121698
MIQUETLA-45,2020-02-01,TAMPICO-MISANTLA,CNH-M5-MIQUETLA/2018,0.00994403027101,0.051524767886,0.0,0.00301419498834,0.0,1961.0,MIQUETLA,DESARROLLO,Disponible,VERACRUZ DE IGNACIO DE LA LLAVE,INACTIVO,2030.0,,ACEITE-GAS,VERTICAL,TERRESTRE,0.0,20.0,1971-11-01,17624,0.196032,587.0,10.655917065211293,0.0,0.005156686017742524,0.008839133434291088,9.888373803076322e-05,2.291866499929313e-05,1.2207970197914586e-06,0.0,0.009240806325206045,0.01618460409947407,0.002654801705706177,0.0017879334052747007,0.001248927176458479,5.800399438706947e-52,0.15176663346591884,0.2307798221509137,0.0,0.01115477836112579
MIQUETLA-47,2020-02-01,TAMPICO-MISANTLA,CNH-M5-MIQUETLA/2018,0.00360449828172,0.0579428705214,0.0,2.59697144209e-05,0.0,1960.0,MIQUETLA,DESARROLLO,Disponible,VERACRUZ DE IGNACIO DE LA LLAVE,PRODUCTOR,2062.0,,ACEITE-GAS,VERTICAL,TERRESTRE,0.0,30.0,1972-01-01,17563,0.339446,585.0,-0.5181551496353707,0.0,0.001279065495010369,0.011903919341835096,1.2992407862922432e-05,5.407637645504121e-06,6.888038993308196e-05,0.0,0.01850884394821214,0.020781032829318875,0.0033573762442597253,0.001555042451774886,0.0013810021806525813,5.8401144849322704e-52,0.302813259764011,0.5199138318299324,0.0,0.01296458262298488
MIQUETLA-50,2020-01-01,TAMPICO-MISANTLA,CNH-M5-MIQUETLA/2018,0.007167920200810002,0.0631406974191,0.0,0.00123123513978,0.0,1961.0,MIQUETLA,DESARROLLO,Disponible,VERACRUZ DE IGNACIO DE LA LLAVE,PRODUCTOR,2055.0,,ACEITE-GAS,VERTICAL,TERRESTRE,2.0,83.0,1972-04-01,17441,0.218675,581.0,-0.15023681683624712,0.0,0.0064048911988007695,0.007152846163139647,5.13790800051801e-05,5.82213257907205e-07,2.272266116872822e-10,0.0,0.023161700178049853,0.023161699998386756,0.003986747670570341,0.0015983202203998952,0.0015983202347653962,5.9207780944473044e-52,0.016659266976425398,0.029878593224013,0.0,0.006584511673910156
MIQUETLA-52,2020-02-01,TAMPICO-MISANTLA,CNH-M5-MIQUETLA/2018,0.0196110421923,0.230916734772,0.0,3.46741122562e-05,0.0,1962.0,MIQUETLA,DESARROLLO,Disponible,VERACRUZ DE IGNACIO DE LA LLAVE,PRODUCTOR,2300.0,,ACEITE-GAS,VERTICAL,TERRESTRE,0.0,30.0,1972-06-01,17411,0.15389,580.0,0.15675126530494232,0.0,0.0034706095723228358,0.00347087986532459,0.00038459297586817084,0.000260513565160023,0.00026050483994111633,0.0,0.05116980172498983,0.05116980153527052,0.053322538397762194,0.032308959939806356,0.03230896000800928,5.941205121176225e-52,0.09429726717139314,0.31469428079617673,0.0,0.008265087959706242
MIQUETLA-54,2020-02-01,TAMPICO-MISANTLA,CNH-M5-MIQUETLA/2018,0.0131420037588,0.06481458905569999,0.0,0.000164633393531,0.0,1962.0,MIQUETLA,DESARROLLO,Disponible,VERACRUZ DE IGNACIO DE LA LLAVE,PRODUCTOR,2080.3,,ACEITE-GAS,VERTICAL,TERRESTRE,0.0,29.0,1972-07-01,17381,0.17063599999999998,579.0,0.19626828637222693,0.0,0.0017362711613341868,0.0017362832988578986,0.00017271226279631333,0.00013009073608489423,0.00013009045921034187,0.0,0.03768070381286174,0.037680703954161496,0.004200930954459265,0.0007362477283715155,0.0007362477207034927,5.9617380421843045e-52,0.1271252552275831,0.2973007547182113,0.0,0.019844108150190484
MIQUETLA-92,2020-02-01,TAMPICO-MISANTLA,CNH-M5-MIQUETLA/2018,0.012110200672,0.0326584702735,0.0,0.00154578632545,0.0,1962.0,MIQUETLA,DESARROLLO,Disponible,VERACRUZ DE IGNACIO DE LA LLAVE,PRODUCTOR,1974.0,,ACEITE-GAS,VERTICAL,TERRESTRE,0.0,22.0,1972-09-01,17319,0.05234,577.0,-0.009215795951693528,0.0,0.01264817409754098,0.01264813010813641,0.00014665696031610927,2.8941540658829616e-07,2.8936807826203543e-07,0.0,0.0066587402840263665,0.006658734015477856,0.0010665756806050833,0.0006759859595255347,0.0006759862854867115,6.003124506243009e-52,0.1477069129585731,0.2674976907709589,0.0,0.01836521649381827
MIQUETLA-95,2020-02-01,TAMPICO-MISANTLA,CNH-M5-MIQUETLA/2018,0.00975451145889,0.023415577722400004,0.0,0.00344032966049,0.0,1961.0,MIQUETLA,DESARROLLO,Disponible,VERACRUZ DE IGNACIO DE LA LLAVE,PRODUCTOR,1978.0,,ACEITE-GAS,VERTICAL,TERRESTRE,0.0,23.0,1973-01-01,17197,0.097282,573.0,0.0322332650172501,0.010622580656607638,0.01062251393675269,0.01171304246936621,7.535441320261441e-07,7.534283015757697e-07,3.83584371899697e-06,0.0071293853683087275,0.00914418580163237,0.0124143251472032,0.0002652400613944611,0.00020367262735615169,0.00012102755822327433,6.0872008566882995e-52,0.1557526779604638,0.23120739512651522,0.0,0.006527995768680285
MIQUETLA-60,2020-02-01,TAMPICO-MISANTLA,CNH-M5-MIQUETLA/2018,0.0246417751951,0.00634531165438,0.0,0.0245163168368,0.0,1961.0,MIQUETLA,DESARROLLO,Disponible,VERACRUZ DE IGNACIO DE LA LLAVE,PRODUCTOR,2112.5,,ACEITE-GAS,VERTICAL,TERRESTRE,1.0,33.0,1973-01-01,17197,0.120318,573.0,0.2174812750901507,0.0,0.012742816934379633,0.012742932259500725,0.0006072170847658457,0.00014158520769036546,0.00014158246320606076,0.0,0.011816621964832533,0.011816620581546663,4.0262979991210653e-05,2.9935236513264188e-05,2.993522137649362e-05,6.0872008566882995e-52,0.0716363692905438,0.04537582834667132,0.0,0.030600616672220582
MIQUETLA-107,2020-02-01,TAMPICO-MISANTLA,CNH-M5-MIQUETLA/2018,0.00861858885707,0.0175525609886,0.0,0.00210167660732,0.0,1961.0,MIQUETLA,DESARROLLO,Disponible,VERACRUZ DE IGNACIO DE LA LLAVE,PRODUCTOR,2064.0,,ACEITE-GAS,VERTICAL,TERRESTRE,1.0,36.0,1973-01-01,17197,0.135738,573.0,0.04243567089378675,0.010461479802657415,0.010723280119930264,0.010723507947858545,3.3962470373280783e-06,4.429725311960331e-06,4.4306843787660766e-06,0.0028094465049581983,0.010262358179698904,0.01026219608008568,0.00021735942467776862,5.314705699490941e-05,5.3149420499296985e-05,6.0872008566882995e-52,0.2513987804170409,0.430808068380462,0.0,0.017921112160923115
MIQUETLA-61,2020-02-01,TAMPICO-MISANTLA,CNH-M5-MIQUETLA/2018,0.00622003686767,0.00299137931035,0.0,0.00015808473942899998,0.0,1962.0,MIQUETLA,DESARROLLO,Disponible,VERACRUZ DE IGNACIO DE LA LLAVE,PRODUCTOR,2120.4,,ACEITE-GAS,VERTICAL,TERRESTRE,0.0,28.0,1973-02-01,17166,0.115912,572.0,0.23468578853995248,0.0,0.00011699001924680084,0.00011698999196279549,3.868885863517403e-05,3.724718083404834e-05,3.724718116707947e-05,0.0,0.01360853791974464,0.013608515898712868,8.948350178390043e-06,0.00011272405693704274,0.00011272358933595352,6.108495928259869e-52,0.022772090010198306,0.038844615481681506,0.0,0.009528067719725255
MIQUETLA-62,2020-02-01,TAMPICO-MISANTLA,CNH-M5-MIQUETLA/2018,0.00373014493791,0.0141633129419,0.0,6.16899193882e-05,0.0,1962.0,MIQUETLA,DESARROLLO,Disponible,VERACRUZ DE IGNACIO DE LA LLAVE,INACTIVO,2098.0,,ACEITE-GAS,VERTICAL,TERRESTRE,0.0,28.0,1973-03-01,17138,0.112202,571.0,0.05877606708216021,0.0,0.002574527403176009,0.0025745185157524304,1.3913981257815598e-05,1.3354518865846665e-06,1.3354724275887053e-06,0.0,0.01646355243945038,0.01646355254960833,0.00020059943349019202,5.2911017460908335e-06,5.291102252870175e-06,6.129902941568784e-52,0.06362510034380432,0.102238661394345,0.0,0.008300385842439894
MIQUETLA-66,2020-02-01,TAMPICO-MISANTLA,CNH-M5-MIQUETLA/2018,0.000644094572115,0.14520357389900002,0.0,7.3843016842e-05,0.0,1961.0,MIQUETLA,DESARROLLO,Disponible,VERACRUZ DE IGNACIO DE LA LLAVE,PRODUCTOR,2120.0,,ACEITE-GAS,VERTICAL,TERRESTRE,1.0,43.0,1973-07-01,17016,0.08055,567.0,0.15364171889346423,0.0,0.003469918947353097,0.005685263060379336,4.1485781782800495e-07,7.98528339968978e-06,2.5413379727069337e-05,0.0,0.0345579221801095,0.034557921480456125,0.02108407787304236,0.01224246024429802,0.012242460399125228,6.216666235644474e-52,0.019242231991209866,0.0860492244884484,0.0,0.020721683611923017
MIQUETLA-73,2020-02-01,TAMPICO-MISANTLA,CNH-M5-MIQUETLA/2018,0.0116705492741,0.0257923750768,0.0,0.0126166022261,0.0,1962.0,MIQUETLA,DESARROLLO,Disponible,VERACRUZ DE IGNACIO DE LA LLAVE,PRODUCTOR,2026.5,,ACEITE-GAS,VERTICAL,TERRESTRE,0.0,16.0,1973-11-01,16893,0.181566,563.0,0.04134857309494344,0.0,0.005910267856502965,0.008853403156990125,0.00013620172035919603,3.318084200991371e-05,7.936312245147246e-06,0.0,0.000988437374525472,0.017796604198294996,0.0006652466121023338,0.0006152353255383158,6.393235194154868e-05,6.305284736570247e-52,0.1283372939904668,0.20350910180596252,0.0,0.027670366604384086
MIQUETLA-74,2020-02-01,TAMPICO-MISANTLA,CNH-M5-MIQUETLA/2018,0.00589388325338,0.08678122012589999,0.0,0.0006950453358270001,0.0,1961.0,MIQUETLA,DESARROLLO,Disponible,VERACRUZ DE IGNACIO DE LA LLAVE,PRODUCTOR,2020.0,,ACEITE-GAS,VERTICAL,TERRESTRE,0.0,16.0,1973-12-01,16863,0.15825899999999998,562.0,0.03169377507765825,0.0,0.0066899888016822865,0.008029307902568318,3.4737859804473214e-05,6.337840440376842e-07,4.560038432361051e-06,0.0,0.01740825588333679,0.02415346673037786,0.00753098016653991,0.004812608167799952,0.003922235495370333,6.327735438899956e-52,0.21119047016031162,0.4729838868709724,0.0,0.009499632667335334
MIQUETLA-112,2020-02-01,TAMPICO-MISANTLA,CNH-M5-MIQUETLA/2018,0.0129092222899,0.115610197501,0.0,0.0024759675563000003,0.0,1961.0,MIQUETLA,DESARROLLO,Disponible,VERACRUZ DE IGNACIO DE LA LLAVE,PRODUCTOR,2047.0,,ACEITE-GAS,VERTICAL,TERRESTRE,0.0,23.0,1974-02-01,16801,0.11699,560.0,0.28967274833830436,0.0011344483405071478,0.004665356156264876,0.004665299919614731,0.00013864530155930052,6.79613288292961e-05,6.796225604728988e-05,0.0002679552117594296,0.008835655825101766,0.008835801341678155,0.013303832856309877,0.011400802750098131,0.011400771675187805,6.372998066050006e-52,0.17163466450624928,0.3191461790257008,0.0,0.004515673112872472
MIQUETLA-85,2020-02-01,TAMPICO-MISANTLA,CNH-M5-MIQUETLA/2018,0.00428847162421,0.0299630171223,0.0,0.00318460731115,0.0,1961.0,MIQUETLA,DESARROLLO,Disponible,VERACRUZ DE IGNACIO DE LA LLAVE,PRODUCTOR,2155.0,,ACEITE-GAS,VERTICAL,TERRESTRE,0.0,29.0,1974-06-01,16681,0.237389,556.0,0.02929767940826644,0.01233656025993705,0.01278534463774567,0.01278523953659631,6.477173068851888e-05,7.219685100815073e-05,7.21950649569576e-05,0.03886895395194836,0.03886895394831435,0.03886895395269074,7.931571081368703e-05,7.93157107489585e-05,7.931571082691017e-05,6.464992518064159e-52,0.23040102541176685,0.4675935160399348,0.0,0.012967735593788998
MIQUETLA-94,2020-02-01,TAMPICO-MISANTLA,CNH-M5-MIQUETLA/2018,0.006972579058720001,0.016735052666100002,0.0,0.000614895124,0.0,1962.0,MIQUETLA,DESARROLLO,Disponible,VERACRUZ DE IGNACIO DE LA LLAVE,PRODUCTOR,1959.9,,ACEITE-GAS,VERTICAL,TERRESTRE,0.0,14.0,1974-07-01,16651,0.131187,555.0,0.03194939992064261,0.008161638776224873,0.00896013407682586,0.009027276178613526,1.413863011792767e-06,3.950374949997782e-06,4.221780254498747e-06,0.013001736737646511,0.013001732294290674,0.014560864660365932,1.3937647821644546e-05,1.393768099856654e-05,4.7270934842778926e-06,6.488302369424212e-52,0.11030364988134259,0.15486772932964815,0.0,0.011370516672451484
MIQUETLA-96,2020-02-01,TAMPICO-MISANTLA,CNH-M5-MIQUETLA/2018,0.0140876170104,0.0220828467137,0.0,0.00175953023323,0.0,1961.0,MIQUETLA,DESARROLLO,Disponible,VERACRUZ DE IGNACIO DE LA LLAVE,PRODUCTOR,1996.9,,ACEITE-GAS,VERTICAL,TERRESTRE,0.0,28.0,1974-08-01,16620,0.084703,554.0,0.02910207512352958,0.01186439440156243,0.012074023524697207,0.012074023236105241,4.942718768446535e-06,4.054558725664725e-06,4.054559887878615e-06,0.011948109316943102,0.014255489754869252,0.014255479032277949,0.00010271290210122281,6.126751696095616e-05,6.126768482017044e-05,6.5117385156700426e-52,0.11406841238327708,0.19352969683170634,0.0,0.007612900701424533
MIQUETLA-82,2020-02-01,TAMPICO-MISANTLA,CNH-M5-MIQUETLA/2018,0.0104205060938,0.0259798196631,0.0,0.0023937904099,0.0,1961.0,MIQUETLA,DESARROLLO,Disponible,VERACRUZ DE IGNACIO DE LA LLAVE,PRODUCTOR,2065.0,,ACEITE-GAS,VERTICAL,TERRESTRE,0.0,26.0,1974-08-01,16620,0.171502,554.0,0.030490876848052517,0.0,0.00991661486281823,0.010591349340916007,0.00010858694725092294,2.53906372660323e-07,2.9187415085140988e-08,0.0,0.0147822196207359,0.01733709607863296,0.0006749510297271974,0.0001253862467087525,7.469667095750278e-05,6.5117385156700426e-52,0.24684090754788757,0.3783132406850707,0.0,0.0134375399311725
MIQUETLA-102,2020-02-01,TAMPICO-MISANTLA,CNH-M5-MIQUETLA/2018,0.00721725517824,0.0696394127074,0.0,0.000918342368619,0.0,1962.0,MIQUETLA,DESARROLLO,Disponible,VERACRUZ DE IGNACIO DE LA LLAVE,PRODUCTOR,2023.0,,ACEITE-GAS,VERTICAL,TERRESTRE,0.0,17.0,1974-08-01,16620,0.104289,554.0,0.02030202611272891,0.011132363054606888,0.011014044531836591,0.011014136637086088,1.5328069683590044e-05,1.4415609395584421e-05,1.4416308812529199e-05,0.03459313244902485,0.03459313218158431,0.034593132452708224,0.0012282417599485756,0.0012282417786941679,0.0012282417596903984,6.5117385156700426e-52,0.06295415495624551,0.18784070928839847,0.0,0.013496952999910893
MIQUETLA-83,2020-02-01,TAMPICO-MISANTLA,CNH-M5-MIQUETLA/2018,0.0120010110323,0.031310743697900004,0.0,0.0017563289371099998,0.0,1961.0,MIQUETLA,DESARROLLO,Disponible,VERACRUZ DE IGNACIO DE LA LLAVE,PRODUCTOR,2080.0,,ACEITE-GAS,VERTICAL,TERRESTRE,0.0,30.0,1974-09-01,16589,0.147303,553.0,0.054157168865961,0.0,0.009065283320983863,0.009065275766643309,0.00014402426579738633,8.618497194989484e-06,8.618541550020363e-06,0.0,0.009906340906782538,0.015113248685086109,0.0009803626709155848,0.0004581484588443972,0.000262358844690131,6.535301870821654e-52,0.23112699361161002,0.33197507255217845,0.0,0.014855089900794568
MIQUETLA-101,2020-02-01,TAMPICO-MISANTLA,CNH-M5-MIQUETLA/2018,0.0160245271777,0.039528314361900005,0.0,0.00185278066699,0.0,1962.0,MIQUETLA,EXPLORATORIO,Disponible,VERACRUZ DE IGNACIO DE LA LLAVE,PRODUCTOR,2071.0,,,VERTICAL,TERRESTRE,0.0,26.0,1975-06-01,16316,0.11091,544.0,-0.0061178945808582075,0.0,0.022366524089784286,0.02236652397121232,0.00025678547126884593,4.0220924832886615e-05,4.022092332892056e-05,0.0,0.04538523865621342,0.0453852386491871,0.0015624876362931902,3.430356218931868e-05,3.430356210701346e-05,6.753251454211401e-52,0.0603896150784526,0.12254014436777846,0.0,0.012486525427533566
MIQUETLA-113,2020-02-01,TAMPICO-MISANTLA,CNH-M5-MIQUETLA/2018,0.00159789648862,0.00548462859555,0.0,0.00133389110774,0.0,1962.0,MIQUETLA,DESARROLLO,Disponible,VERACRUZ DE IGNACIO DE LA LLAVE,INACTIVO,2045.0,,ACEITE-GAS,VERTICAL,TERRESTRE,0.0,27.0,1975-07-01,16286,0.063455,543.0,25.3412036251257,0.01077182382632684,0.01141327649199014,0.011413163924508913,8.416094279752491e-05,9.63416846105584e-05,9.63394748380213e-05,0.00017612445292144487,0.008796505853812751,0.009770790032825176,2.818021623230453e-05,1.0968530973797996e-05,1.8371179866384805e-05,6.778139037525946e-52,0.1086867745531412,0.24958364761845847,0.0,0.0072899407632694285
MIQUETLA-103,2020-02-01,TAMPICO-MISANTLA,CNH-M5-MIQUETLA/2018,0.0127802414029,0.0278390804598,0.0,0.000277271801196,0.0,1961.0,MIQUETLA,DESARROLLO,Disponible,VERACRUZ DE IGNACIO DE LA LLAVE,PRODUCTOR,2021.5,,ACEITE-GAS,VERTICAL,TERRESTRE,0.0,23.0,1975-08-01,16255,0.137158,542.0,0.1516553657121309,0.0,0.009295083067895275,0.01714613182777602,0.00016333457031639934,1.2146328620052899e-05,1.906099920202412e-05,0.0,0.04044907526614723,0.040449075273352515,0.0007750144008472181,0.00015901196901610415,0.00015901196919782136,6.803164451125454e-52,0.18320925085294862,0.31671625939472825,0.0,0.016493419378121897
MIQUETLA-104,2020-02-01,TAMPICO-MISANTLA,CNH-M5-MIQUETLA/2018,0.00362696123223,0.0492191994744,0.0,0.00033841220443599993,0.0,1962.0,MIQUETLA,DESARROLLO,Disponible,VERACRUZ DE IGNACIO DE LA LLAVE,PRODUCTOR,2035.0,,ACEITE-GAS,VERTICAL,TERRESTRE,0.0,29.0,1975-09-01,16224,0.08910599999999999,541.0,0.023550221314722064,0.0,0.010764581364166552,0.011306784683384705,1.315484778009936e-05,5.0945621147825945e-05,5.897968824090575e-05,0.0,0.037454563192713196,0.03988236812863296,0.0024225295969007767,0.00013840666684038143,8.71764195792979e-05,6.828328714651791e-52,0.12327493697908717,0.36289943447680306,0.0,0.20633887292979916
MIQUETLA-105,2020-02-01,TAMPICO-MISANTLA,CNH-M5-MIQUETLA/2018,0.00744133078875,0.046536867444199985,0.0,0.000843296492584,0.0,1962.0,MIQUETLA,DESARROLLO,Disponible,VERACRUZ DE IGNACIO DE LA LLAVE,PRODUCTOR,2020.0,,ACEITE-GAS,VERTICAL,TERRESTRE,1.0,31.0,1975-10-01,16194,0.162487,540.0,0.10355125545372212,0.0,0.008230148775398146,0.008230149257462547,5.537340390759869e-05,6.222338160596357e-07,6.222345765820079e-07,0.0,0.028429816484335988,0.028429815896216685,0.0021656800315190405,0.0003278652944631117,0.0003278653157613244,6.853632857193182e-52,0.056762298242084994,0.13134574947544791,0.0,0.02234565776673691
MIQUETLA-106,2020-02-01,TAMPICO-MISANTLA,CNH-M5-MIQUETLA/2018,0.00681133999653,0.050319499196,0.0,0.00320348521081,0.0,1962.0,MIQUETLA,DESARROLLO,Disponible,VERACRUZ DE IGNACIO DE LA LLAVE,PRODUCTOR,2073.0,,ACEITE-GAS,VERTICAL,TERRESTRE,0.0,25.0,1975-11-01,16163,0.08931499999999999,539.0,-0.0149914098135282,0.0,0.009623214226229188,0.009623208538239546,4.639435254832929e-05,7.906636683646404e-06,7.906604695855771e-06,0.0,0.021737795204434786,0.021737795206982446,0.0025320519993362444,0.0008169138030614547,0.0008169138029158219,6.879077917389428e-52,0.06325896244696921,0.09521154302383349,0.0,0.007792129212215607
MIQUETLA-109,2020-02-01,TAMPICO-MISANTLA,CNH-M5-MIQUETLA/2018,0.00441646377882,0.0191193478041,0.0,0.000412076431895,0.0,1961.0,MIQUETLA,DESARROLLO,Disponible,VERACRUZ DE IGNACIO DE LA LLAVE,PRODUCTOR,1991.0,,ACEITE-GAS,VERTICAL,TERRESTRE,0.0,20.0,1976-02-01,16071,0.093479,536.0,0.029971000671342507,0.0,0.010545132908566061,0.010545243654901412,1.950515230962903e-05,3.756058530190235e-05,3.756194276946049e-05,0.0,0.02055924396410295,0.020764051834784924,0.0003655494604541435,2.073300951591245e-06,2.7050513485512345e-06,6.95626913582686e-52,0.0775849302449553,0.12080598856302549,0.0,0.015470291550896617
MIQUETLA-124,2020-02-01,TAMPICO-MISANTLA,CNH-M5-MIQUETLA/2018,0.00297304509651,0.00940222044952,0.0,0.00205396956416,0.0,1962.0,MIQUETLA,DESARROLLO,Disponible,VERACRUZ DE IGNACIO DE LA LLAVE,PRODUCTOR,2006.0,,ACEITE-GAS,VERTICAL,TERRESTRE,0.0,21.0,1976-04-01,16011,0.06695599999999999,534.0,-0.6063696167306769,0.0069883456535081824,0.008092306299198018,0.00809227988201091,1.6122638563029913e-05,2.6206835261346765e-05,2.6206564789082543e-05,0.004199223372798276,0.010424507712461272,0.011130733479969438,2.707117858037481e-05,1.045071247971956e-06,2.9877572964334976e-06,7.008454017743443e-52,0.13097570829995087,0.24259182213596922,0.0,0.0057183852324953315
MIQUETLA-111,2020-02-01,TAMPICO-MISANTLA,CNH-M5-MIQUETLA/2018,0.00975495754935,0.0390259628706,0.0,0.00187098477839,0.0,1961.0,MIQUETLA,DESARROLLO,Disponible,VERACRUZ DE IGNACIO DE LA LLAVE,PRODUCTOR,1960.0,,ACEITE-GAS,VERTICAL,TERRESTRE,0.0,19.0,1976-04-01,16011,0.090573,534.0,0.04021348500854449,0.0,0.009649908711584438,0.009650248576832478,9.515919678962054e-05,1.1035258315895308e-08,1.0963968925675095e-08,0.0,0.01714159612209857,0.0171418245944538,0.0015230257779774497,0.00047892550798291506,0.0004789155080894872,7.008454017743443e-52,0.09668743532416946,0.1515723253141825,0.0,0.010647125125646067
MIQUETLA-114,2020-02-01,TAMPICO-MISANTLA,CNH-M5-MIQUETLA/2018,0.00560236484986,0.0310858101944,0.0,0.00144718792644,0.0,1961.0,MIQUETLA,DESARROLLO,Disponible,VERACRUZ DE IGNACIO DE LA LLAVE,PRODUCTOR,1991.3,,ACEITE-GAS,VERTICAL,TERRESTRE,0.0,19.0,1976-07-01,15920,0.063101,531.0,1.895019034248238,0.0,0.00530162237430705,0.0058865375455675,3.1386491910946866e-05,9.044603660171672e-08,8.07541209856671e-08,0.0,0.005742712357765309,0.00659631739495562,0.0009663275954422631,0.0006422726079572381,0.0005997352575740382,7.087839309043402e-52,0.06256938734397098,0.10439617938821037,0.0,0.004746137917817496
MIQUETLA-115,2020-02-01,TAMPICO-MISANTLA,CNH-M5-MIQUETLA/2018,0.00417305738038,0.0016551724137899998,0.0,0.0,0.0,1962.0,MIQUETLA,DESARROLLO,Disponible,VERACRUZ DE IGNACIO DE LA LLAVE,PRODUCTOR,2070.0,,ACEITE-GAS,VERTICAL,TERRESTRE,0.0,27.0,1976-08-01,15889,0.025565,530.0,-0.017983797907396903,0.0,0.006345013542281954,0.006435735853014971,1.7414407899943988e-05,4.7173935692238655e-06,5.1197138705257246e-06,0.0,0.004201530188479608,0.00420151966513598,2.739595719371414e-06,6.483937916722215e-06,6.48388432443723e-06,7.114600996812516e-52,0.0034975821011058003,0.0018906918310359002,0.0,0.001189180168618431
MIQUETLA-116,2020-02-01,TAMPICO-MISANTLA,CNH-M5-MIQUETLA/2018,0.00986415240101,0.0219647566243,0.0,0.000833904483476,0.0,1962.0,MIQUETLA,DESARROLLO,Disponible,VERACRUZ DE IGNACIO DE LA LLAVE,PRODUCTOR,2065.5,,ACEITE-GAS,VERTICAL,TERRESTRE,0.0,27.0,1976-09-01,15858,0.064724,529.0,0.04666704834574964,0.0,0.011886350926860495,0.01208497054718225,9.730150259035136e-05,4.089286877951913e-06,4.932033238367945e-06,0.0,0.023683354423035964,0.02368335665134596,0.0004824505335647307,2.9535783938201048e-06,2.953586052962374e-06,7.141514538123976e-52,0.15762128131893946,0.2550697515707952,0.0,0.005993509702216956
MIQUETLA-118,2020-02-01,TAMPICO-MISANTLA,CNH-M5-MIQUETLA/2018,0.0262350392789,0.03,0.0,9.29581761236e-05,0.0,1962.0,MIQUETLA,DESARROLLO,Disponible,VERACRUZ DE IGNACIO DE LA LLAVE,PRODUCTOR,2021.0,,ACEITE-GAS,VERTICAL,TERRESTRE,0.0,25.0,1976-11-01,15797,0.105359,527.0,0.15364171889049816,0.0,0.021391387531388396,0.02139138819233134,0.0006882772859654258,2.3460962251172198e-05,2.3460955848417756e-05,0.0,0.025946073485955262,0.02594607347773136,0.0009,1.643432018127491e-05,1.643432024795309e-05,7.195801796532659e-52,0.09626124733587778,0.11675733068733234,0.0,0.018003014944244108
MIQUETLA-126,2020-02-01,TAMPICO-MISANTLA,CNH-M5-MIQUETLA/2018,0.00907464131079,0.0208438379981,0.0,0.00208461941747,0.0,1962.0,MIQUETLA,DESARROLLO,Disponible,VERACRUZ DE IGNACIO DE LA LLAVE,PRODUCTOR,2002.0,,ACEITE-GAS,VERTICAL,TERRESTRE,0.0,16.0,1977-04-01,15646,0.034378,522.0,0.12780364764803176,0.0,0.009185176707439575,0.010147759479607688,8.234911491949644e-05,1.2218073912479137e-08,1.1515826042466292e-06,0.0,0.012169266566359754,0.013634782378917465,0.0004344655824910374,7.5248189524364e-05,5.197048292046727e-05,7.334259308018502e-52,0.06403898623079111,0.08052007974385922,0.0,0.006850958158649117
CAMPANA-101,2020-02-01,TAMPICO-MISANTLA,CNH-M5-MIQUETLA/2018,0.0283056529338,0.148275862069,0.0,0.005857967822960001,0.0,1983.0,PALO BLANCO,EXPLORATORIO,Disponible,VERACRUZ DE IGNACIO DE LA LLAVE,PRODUCTOR,3309.0,,ACEITE,VERTICAL,TERRESTRE,4.0,147.0,2016-05-01,1371,0.0520429802097,46.0,0.1833247044954971,0.01994940964613288,0.019949409666428518,0.019949409593406738,6.982680188268178e-05,6.982680154349123e-05,6.982680276386674e-05,0.08684816695893546,0.08684815376861123,0.08684816707137627,0.0037733617265350477,0.0037733633470376526,0.0037733617127210886,9.37013924026911e-50,0.025136256185338914,0.10942869055015253,0.0,0.00770873040886464
LAS CANAS-2,2020-02-01,TAMPICO-MISANTLA,A-0217-M - CAMPO MIQUETLA,0.024916506794,0.0130862756468,0.0,0.021001642200000004,0.0,1956.0,LAS CANAS,EXPLORATORIO,Disponible,VERACRUZ DE IGNACIO DE LA LLAVE,PRODUCTOR,853.0,,ACEITE,VERTICAL,TERRESTRE,0.0,22.0,2016-05-01,1371,0.025110796908,46.0,0.0,0.01903412468862715,0.01903412482019568,0.01903410895756444,3.4602419233610695e-05,3.460241768573798e-05,3.460260430610177e-05,0.009313790824029318,0.009313766038852324,0.009313789762077172,1.423164173803515e-05,1.4231828742057535e-05,1.4231649750432983e-05,9.37013924026911e-50,0.021698902439592004,0.010617722577788398,0.0,0.015730678297178103
MIQUETLA-677,2020-02-01,TAMPICO-MISANTLA,CNH-M5-MIQUETLA/2018,0.0136164,0.016504979310299997,0.0,0.0007396813793099999,0.0,2010.0,MIQUETLA,DESARROLLO,Disponible,VERACRUZ DE IGNACIO DE LA LLAVE,PRODUCTOR,2241.0,2122.0,ACEITE-GAS,VERTICAL,TERRESTRE,0.0,24.0,2010-09-01,3440,0.067328,115.0,0.18072543938196572,0.009427110704742855,0.010355418628217164,0.01035532808529968,1.7550144799356112e-05,1.0633999507114672e-05,1.063459003284722e-05,0.0012686297202861407,0.0012736987478497398,0.028661286039958073,0.00023214634882911544,0.000231991907572075,0.0001477757933055302,1.5070408950617284e-50,0.06380208003843242,0.20816324193489233,0.0,0.008794707386977886
MIQUETLA-744,2020-02-01,TAMPICO-MISANTLA,CNH-M5-MIQUETLA/2018,0.00551745517241,0.0120614241379,0.0,0.000377684137931,0.0,2010.0,MIQUETLA,DESARROLLO,Disponible,VERACRUZ DE IGNACIO DE LA LLAVE,PRODUCTOR,1850.0,1847.0,ACEITE-GAS,DIRECCIONAL,TERRESTRE,0.0,24.0,2011-04-01,3228,0.022905,108.0,0.08000408121157676,0.004937107493236528,0.004143307729222993,0.004143321780785425,3.368034287220351e-07,1.8882811956173865e-06,1.888242577977656e-06,0.006283396507139378,0.006283393770035117,0.006283395875034258,3.33856033018332e-05,3.338563493196879e-05,3.33856106064753e-05,1.7083445799351512e-50,0.012240389287430695,0.010556105380267201,0.0,0.00575072116768635
MIQUETLA-3371,2020-02-01,TAMPICO-MISANTLA,A-0217-M - CAMPO MIQUETLA,0.0159453172414,0.0177271034483,0.0,5.61993793103e-05,0.0,2010.0,MIQUETLA,DESARROLLO,Disponible,VERACRUZ DE IGNACIO DE LA LLAVE,PRODUCTOR,2239.0,2141.0,ACEITE,VERTICAL,TERRESTRE,1.0,33.0,2011-04-01,3228,0.032562,108.0,6.976343347453451e-08,0.011573182247517477,0.011172712499809404,0.011172751042522437,1.9115564404732144e-05,2.2777756019453057e-05,2.2777388122668643e-05,0.01987615378453476,0.01987615378375714,0.019876153406813542,4.6184173476707426e-06,4.61841734432845e-06,4.618415724187061e-06,1.7083445799351512e-50,0.0404677184216172,0.059628461353448105,0.0,0.003701951455197492
MIQUETLA-829,2020-02-01,TAMPICO-MISANTLA,CNH-M5-MIQUETLA/2018,0.0158510689655,0.0926276206897,0.0,0.000233178827586,0.0,2014.0,MIQUETLA,DESARROLLO,Disponible,VERACRUZ DE IGNACIO DE LA LLAVE,PRODUCTOR,2114.0,,ACEITE-GAS,DIRECCIONAL,TERRESTRE,0.0,14.0,2014-11-01,1918,0.719271,64.0,-0.11348320696371639,0.08830460488867124,0.08815481691737394,0.10853909449725922,0.0052495148677702665,0.005227831967888116,0.00859107007697605,0.18434558336292844,0.18434558341265142,0.18434558336584708,0.008412184676927727,0.008412184686048707,0.00841218467746311,4.85243737929562e-50,0.260395102059234,0.30970058004503487,0.0,0.01741230036927165
MIQUETLA-553,2020-02-01,TAMPICO-MISANTLA,CNH-M5-MIQUETLA/2018,0.018511555172400003,0.0435921034483,0.0,0.00345372413793,0.0,2014.0,MIQUETLA,DESARROLLO,Disponible,VERACRUZ DE IGNACIO DE LA LLAVE,PRODUCTOR,2142.0,,ACEITE,DIRECCIONAL,TERRESTRE,0.0,13.0,2015-01-01,1857,0.110849,62.0,0.06602104508130546,0.012777738698343049,0.017147330445176318,0.01781147519355141,3.287665135816692e-05,1.8611091063685371e-06,4.901119767846446e-07,0.02168676577336829,0.023253946746111476,0.02999580836636318,0.00047984381865278264,0.00041364061804277603,0.00018485923995509936,5.169508172992421e-50,0.0665140331044626,0.09893423192636586,0.0,0.004281378140833528
MIQUETLA-815,2020-02-01,TAMPICO-MISANTLA,CNH-M5-MIQUETLA/2018,0.006432603448279999,0.02,0.0,0.000440328275862,0.0,2014.0,MIQUETLA,DESARROLLO,Disponible,VERACRUZ DE IGNACIO DE LA LLAVE,PRODUCTOR,2120.0,,ACEITE-GAS,DIRECCIONAL,TERRESTRE,0.0,11.0,2015-02-01,1826,0.04382,61.0,0.20239493415365994,0.004593561033890189,0.005558858189247264,0.006416278830076563,3.382077001924704e-06,7.634307776821811e-07,2.664931594879609e-10,0.02455973761335659,0.024558670260785,0.028506037564541706,2.0791207102658842e-05,2.0781474546565566e-05,7.23526750493946e-05,5.339826562433252e-50,0.02175141405699211,0.07075423963166398,0.0,0.00189073251913044
MIQUETLA-852,2020-02-01,TAMPICO-MISANTLA,CNH-M5-MIQUETLA/2018,0.00487655172414,0.0127649655172,0.0,0.00027462596551700003,0.0,2014.0,MIQUETLA,DESARROLLO,Disponible,VERACRUZ DE IGNACIO DE LA LLAVE,PRODUCTOR,2123.0,,ACEITE-GAS,DIRECCIONAL,TERRESTRE,0.0,13.0,2015-02-01,1826,0.118363,61.0,0.47858124301413607,0.0011270901394690707,0.002766071153903323,0.00730732314380341,1.405846217492304e-05,4.4541282373465314e-06,5.908649694652469e-06,0.012051904322286254,0.016100685282947697,0.017207448076753094,5.08456267691819e-07,1.112702635559987e-05,1.973565129193341e-05,5.339826562433252e-50,0.031892141949372295,0.061171742147127006,0.0,0.0033110923282927813
MIQUETLA-502,2020-02-01,TAMPICO-MISANTLA,CNH-M5-MIQUETLA/2018,0.0176423827586,0.07441858620689999,0.0,0.000993541034483,0.0,2014.0,MIQUETLA,DESARROLLO,Disponible,PUEBLA,PRODUCTOR,2129.0,,ACEITE-GAS,DIRECCIONAL,TERRESTRE,0.0,17.0,2015-02-01,1826,0.08061499999999999,61.0,0.11797144230250645,0.011690467527336686,0.012880186166748733,0.012880194563685915,3.5425294920144235e-05,2.2678516379439827e-05,2.2678436403779076e-05,0.040177972461587975,0.0387575320750481,0.038758569388873246,0.0011724196296556502,0.0012717107817948711,0.0012716367994619505,5.339826562433252e-50,0.03836840617411171,0.072859660428663,0.0,0.003197586695393491
PALO BLANCO-8396,2020-02-01,TAMPICO-MISANTLA,CNH-M5-MIQUETLA/2018,0.0145877689655,0.0183084275862,0.0,0.0024515165517199995,0.0,2015.0,PALO BLANCO,DESARROLLO,Disponible,VERACRUZ DE IGNACIO DE LA LLAVE,PRODUCTOR,1671.0,,ACEITE-GAS,DIRECCIONAL,TERRESTRE,0.0,8.0,2016-01-01,1492,0.0243080064516,50.0,0.14446709803629365,0.01234193109180001,0.012341924843669342,0.012490960619186468,5.043787754945291e-06,5.043815819561323e-06,4.396605241170089e-06,0.019770545828594863,0.019681101961160706,0.019681121470094317,2.137789754743843e-06,1.884234939673764e-06,1.8842884988808635e-06,7.936381962191076e-50,0.0220911170943753,0.0318759604466274,0.0,0.004011050273549249
MIQUETLA-1606,2020-02-01,TAMPICO-MISANTLA,CNH-M5-MIQUETLA/2018,0.0505199655172,0.129156827586,0.0,0.0213632172414,0.0,2015.0,MIQUETLA,DESARROLLO,Disponible,VERACRUZ DE IGNACIO DE LA LLAVE,PRODUCTOR,2118.0,,ACEITE-GAS,DIRECCIONAL,TERRESTRE,0.0,11.0,2015-12-01,1523,0.29334983871,51.0,0.01747568965690971,0.0815813766872574,0.08159050172784581,0.09458648871782199,0.0009648112638753668,0.0009653782204170525,0.0019418584669909564,0.0,0.11638179509307642,0.12447166260944739,0.01668148611207973,0.00016320145519525331,2.19507708575152e-05,7.62939453125e-50,0.19755003542341718,0.22578929559374408,0.0,0.017724924513300693
MIQUETLA-847,2020-02-01,TAMPICO-MISANTLA,CNH-M5-MIQUETLA/2018,0.0164269344828,0.0518096896552,0.0,0.118471241379,0.0,2015.0,MIQUETLA,DESARROLLO,Disponible,VERACRUZ DE IGNACIO DE LA LLAVE,PRODUCTOR,2172.0,,ACEITE-GAS,DIRECCIONAL,TERRESTRE,0.0,12.0,2015-12-01,1523,0.183410774194,51.0,-0.5892391856279167,0.049456235790207144,0.04946196962633021,0.054783081769413745,0.0010909347448554874,0.0010913135469342763,0.0014711940346724072,0.048493104529144,0.04849310698232714,0.04849310486783155,1.0999736898375865e-05,1.0999720626000484e-05,1.0999734651803798e-05,7.62939453125e-50,0.10937959355408126,0.07273966097292033,0.0,0.09286360284565054
MIQUETLA-805,2020-02-01,TAMPICO-MISANTLA,CNH-M5-MIQUETLA/2018,0.0108904551724,0.0284953275862,0.0,0.00183017241379,0.0,2015.0,MIQUETLA,DESARROLLO,Disponible,VERACRUZ DE IGNACIO DE LA LLAVE,PRODUCTOR,2163.0,,ACEITE-GAS,DIRECCIONAL,TERRESTRE,0.0,14.0,2016-01-01,1492,0.0467907586207,50.0,0.1893138853672547,0.008639369599037387,0.009489805293988475,0.010133752348982223,5.06738625860129e-06,1.961820081894223e-06,5.725991629684371e-07,0.036805030226752876,0.03680503022746613,0.03680502956314221,6.905115797441145e-05,6.905115798626535e-05,6.905114694559728e-05,7.936381962191076e-50,0.0257421541001121,0.05631169643668981,0.0,0.00288696702032004
MIQUETLA-1616,2020-02-01,TAMPICO-MISANTLA,CNH-M5-MIQUETLA/2018,0.0461879310345,0.358424137931,0.0,0.0007469558620689997,0.0,2016.0,MIQUETLA,DESARROLLO,Disponible,VERACRUZ DE IGNACIO DE LA LLAVE,PRODUCTOR,1586.0,,ACEITE-GAS,DIRECCIONAL,TERRESTRE,1.0,38.0,2016-03-01,1432,0.107589806452,48.0,0.07800922146388145,0.047363996230117764,0.047365155980664424,0.051083509307048344,1.3831293443434448e-06,1.3858585738718266e-06,2.3966686622647415e-05,0.2639747874022305,0.2639746984273451,0.2639747870724012,0.008920679815306363,0.00892069662255456,0.008920679877610697,8.608667206143145e-50,0.10236084333011398,0.3880429374812789,0.0,0.004490906492635829
MIQUETLA-1608,2020-02-01,TAMPICO-MISANTLA,CNH-M5-MIQUETLA/2018,0.0606982413793,0.0312807517241,0.0,0.0280825172414,0.0,2016.0,MIQUETLA,DESARROLLO,Disponible,VERACRUZ DE IGNACIO DE LA LLAVE,PRODUCTOR,2101.0,,ACEITE-GAS,DIRECCIONAL,TERRESTRE,0.0,11.0,2016-04-01,1401,0.130004193548,47.0,0.1716216647366413,0.0630417213872992,0.06304134972528967,0.0632379966655896,5.491898547891933e-06,5.490156721046452e-06,6.450356914235973e-06,0.045873084262872274,0.04587306204473873,0.045924350674823665,0.00021293616892211216,0.00021293552049381974,0.0002144349902296353,8.977305372019534e-50,0.09497604001368604,0.0647879810365269,0.0,0.0410655264575022
MIQUETLA-833,2020-02-01,TAMPICO-MISANTLA,CNH-M5-MIQUETLA/2018,0.00656213448276,0.017676724137900002,0.0,0.00021621,0.0,2015.0,MIQUETLA,DESARROLLO,Disponible,VERACRUZ DE IGNACIO DE LA LLAVE,PRODUCTOR,2095.0,,ACEITE-GAS,DIRECCIONAL,TERRESTRE,0.0,8.0,2016-04-01,1401,0.030093716129,47.0,0.13444746001067842,0.004785923798358335,0.00477468047363779,0.00477471820363379,3.154924395382631e-06,3.194991834727061e-06,3.1948569548853854e-06,0.014049934141356964,0.014049933706196364,0.014049930086357777,1.3153605679024646e-05,1.3153608835497059e-05,1.3153635092302064e-05,8.977305372019534e-50,0.010942447132084804,0.01981040718178869,0.0,0.0011304078010414558
MIQUETLA-849DES,2020-02-01,TAMPICO-MISANTLA,CNH-M5-MIQUETLA/2018,0.0340336793103,0.111698241379,0.0,0.00119481551724,0.0,2018.0,MIQUETLA,DESARROLLO,Confidencial,VERACRUZ DE IGNACIO DE LA LLAVE,PRODUCTOR,2124.5,2006.0,,DIRECCIONAL,TERRESTRE,0.0,13.0,2018-03-01,702,0.140881709677,23.0,0.23895300350772675,0.033178783358636624,0.03318581824329402,0.039766708639631436,7.308470881704267e-07,7.188683889445113e-07,3.286762529097448e-05,0.13890823394860063,0.1389082332338963,0.13890823091071317,0.0007403836956377216,0.0007403836567435234,0.00074038353031594,3.715814506539833e-49,0.046775264913399,0.104181175470429,0.0,0.0033194386033977004
MIQUETLA-1604DES,2020-02-01,TAMPICO-MISANTLA,CNH-M5-MIQUETLA/2018,0.0552511724138,0.0246452137931,0.0,0.164121551724,0.0,2018.0,MIQUETLA,DESARROLLO,Confidencial,VERACRUZ DE IGNACIO DE LA LLAVE,PRODUCTOR,2124.0,2075.0,ACEITE,DIRECCIONAL,TERRESTRE,0.0,13.0,2018-04-01,671,0.220432548387,22.0,-0.2995389201790346,0.08217892414032996,0.08217883800286584,0.08254260386569047,0.000725103813045637,0.0007250991740765602,0.0007448222306932362,0.0672824876217206,0.06728248470254453,0.06728248747379,0.0018179371195367745,0.0018179368706053643,0.0018179371069220597,4.058112166220274e-49,0.064647830600943,0.048443391154806587,0.0,0.06892389505036771
MIQUETLA-827DES,2020-02-01,TAMPICO-MISANTLA,CNH-M5-MIQUETLA/2018,0.0333920310345,0.0239329241379,0.0,0.0250964413793,0.0,2018.0,MIQUETLA,DESARROLLO,Confidencial,VERACRUZ DE IGNACIO DE LA LLAVE,PRODUCTOR,2142.0,,,DIRECCIONAL,TERRESTRE,0.0,14.0,2018-06-01,610,0.0929294516129,20.0,-0.005437137476982712,0.02648217477080366,0.02698301155405135,0.02994082818545096,4.774611358494356e-05,4.1075530700770305e-05,1.1910801105284234e-05,0.020557652966526663,0.020574866159006635,0.022259368056415648,1.1392455480303948e-05,1.1276553389609404e-05,2.8007899578732645e-06,4.9014802470346045e-49,0.030070295377119003,0.02002160400524099,0.0,0.023360127151517102
MIQUETLA-1636DES,2020-02-01,TAMPICO-MISANTLA,CNH-M5-MIQUETLA/2018,0.0284668965517,0.0364242413793,0.0,0.0409782413793,0.0,2018.0,MIQUETLA,DESARROLLO,Confidencial,VERACRUZ DE IGNACIO DE LA LLAVE,PRODUCTOR,2112.0,2067.0,ACEITE Y GAS,DIRECCIONAL S,TERRESTRE,0.0,13.0,2018-07-01,580,0.0506611935484,19.0,0.15032666741346468,0.021048480365859705,0.021019615476792538,0.021019615161147913,5.503289870633727e-05,5.546199540867485e-05,5.546200011006343e-05,0.03654464778301513,0.03654834117999027,0.03654519171855253,1.4497702055611888e-08,1.5400760531365618e-08,1.462898456530221e-08,5.425347222222222e-49,0.017100825819360004,0.021951077824788,0.0,0.0183251008681041
MIQUETLA-1618DES,2020-02-01,TAMPICO-MISANTLA,CNH-M5-MIQUETLA/2018,0.012035437931,0.0806221724138,0.0,0.0206125689655,0.0,2018.0,MIQUETLA,DESARROLLO,Confidencial,VERACRUZ DE IGNACIO DE LA LLAVE,PRODUCTOR,2098.0,2073.0,ACEITE Y GAS,DIRECCIONAL,TERRESTRE,0.0,17.0,2018-07-01,580,0.0475833548387,19.0,0.1214807084449081,0.008462697510463716,0.009475660083202725,0.011240948349807862,1.2764474112533785e-05,6.552462630073654e-06,6.312136946228595e-07,0.07557491634188732,0.07557491288664002,0.0755749130534993,2.5474793855459458e-05,2.547482873450719e-05,2.5474827050143076e-05,5.425347222222222e-49,0.012975922781246098,0.04761219731482501,0.0,0.0064894666864068005
MIQUETLA-1614DES,2020-02-01,TAMPICO-MISANTLA,CNH-M5-MIQUETLA/2018,0.00912792413793,0.0115053482759,0.0,0.0229211103448,0.0,2018.0,MIQUETLA,DESARROLLO,Confidencial,VERACRUZ DE IGNACIO DE LA LLAVE,PRODUCTOR,2077.0,2068.0,,DIRECCIONAL,TERRESTRE,0.0,13.0,2018-08-01,549,0.0536394516129,18.0,0.2180225877037607,0.007678773766979407,0.0076785555937406635,0.010572610396917098,2.100036797626241e-06,2.1006691768855163e-06,2.0871183869061362e-06,0.013812393434387065,0.01381242048115263,0.013812422775203939,5.322457363298612e-06,5.322582160249239e-06,5.3225927453385226e-06,6.037918125830213e-49,0.010480249127824201,0.008287453708411769,0.0,0.0131579082416748
