pozo,Qi_hist,Qi_hyp,b,di_hyp,error_Qi_hyp,error_di_hyp,Qi_harm,di_harm,error_Qi_harm,error_di_harm,Qi_exp,di_exp,error_Qi_exp,error_di_exp,hidrocarburo_principal,ultima_produccion,mes_max,profundidad_total,trayectoria,first_oil,Qi_gas,b_gas,di_gas,Qi_condensado,b_condensado,di_condensado,estado_actual,RSS_exponencial,RSS_hiperbolica,RSS_harmonica,RSS_gas_exponencial,RSS_gas_hiperbolica,RSS_gas_harmonica,Np,Gp,Cp,Wp,acum_BOE,RGA,corte_agua,tipo
MIQUETLA-4,0.259708,0.25970799999999983,0.44163671702519186,0.025047798712295028,0.011605193518721546,0.07786450398854004,0.25970799917713505,0.060979950680048293,0.012165106169583773,0.00425270532113448,0.25964459472656254,5.0,0.021540616886039858,0.0,aceite_Mbd,2019-05-01,621.0,2100.0,VERTICAL,1968-05-01,0.08828699995298234,9.102742566247263e-13,0.00503810052577007,5e-45,0.5,10.0,INACTIVO,0.11878353301277325,0.03438151974550006,0.03792751677459199,0.41931103144116544,0.20463018718872952,0.21988793027677206,0.122207626771312,0.18367046501084733,0.0,0.017617583917349855,0.1528193709397866,1892.6520660416202,0.15357589783448056,ALTA
MIQUETLA-13,0.239686,0.23535096434425465,0.9999999999999999,0.0693480351048925,0.01616355315887105,0.1521894717543828,0.23535077489147727,0.0693479357409943,0.016106128037708757,0.006748021101538127,0.23962748291015626,5.0,0.024408587556987625,0.0,aceite_Mbd,2020-02-01,621.0,2075.5,VERTICAL,1969-02-01,0.08429964277707798,2.0190199467261687e-08,0.004693741095077329,5e-45,0.5,10.0,INACTIVO,0.16086036956232538,0.07030681408734703,0.07030681408756788,0.5771564702269498,0.26035933581742426,0.27326958659797884,0.14247102092416,0.2395197476269458,0.0,0.015305712459319281,0.1823909788619844,1919.772274936627,0.11948272962221769,ALTA
MIQUETLA-8,0.16206700000000002,0.1620616742540107,0.9999999999999999,0.04591669736706743,0.006465862212358992,0.46046936598620747,0.16206174510909607,0.04591671864844087,0.006430909078018067,0.004252585049091191,0.16198786572265628,5.0,0.010705553760234044,0.0,aceite_Mbd,2018-04-01,604.0,2220.1,VERTICAL,1968-09-01,0.007549999999999049,5.854477579808615e-11,6.94102949845632e-19,5e-45,0.5,10.0,INACTIVO,0.0106586259621333,0.003846279664237244,0.003846279664086362,1.5035239738109905,1.448158110243788,1.4481581102437835,0.02857332665743039,0.12075714752593199,0.0,0.02949757453052551,0.04869951791175237,6919.422330153866,0.9381558525849832,MEDIA
MIQUETLA-36,0.266418,0.25415184456603795,0.9999999999983178,0.03918504070035568,0.02008779412156665,0.1275773046562353,0.2541473259000958,0.039184023135643474,0.019940411873064553,0.003989087861036591,0.26635295654296876,5.0,0.03202437167293861,0.0,aceite_Mbd,2020-02-01,597.0,2001.0,VERTICAL,1971-02-01,0.0131229999822631,9.537006619209087e-06,1.6206434343544327e-13,5e-45,0.5,10.0,INACTIVO,0.39381518632186086,0.15473920331762242,0.15473920330003843,1.3371452383250357,0.9954358479410528,0.995435847557594,0.2827344589823911,0.46656670266165273,0.0,0.02033078326380356,0.36049557609266675,2280.792779671318,0.10462858059220638,ALTA
MIQUETLA-20,0.220353,0.22035299999999997,0.4866459275167017,0.024197153861749025,0.020443316602211575,0.12361249428024756,0.22035299999999997,0.045604469453374694,0.020785750623838525,0.005813446007223423,0.22029920288085936,5.0,0.03214789182073374,0.0,aceite_Mbd,2018-07-01,594.0,2130.0,VERTICAL,1969-09-01,0.054124287692740414,0.9999999998883934,7.749194137999387e-19,5e-45,0.5,10.0,INACTIVO,0.26560614576902314,0.10814122153237714,0.11235024172861155,2.853850029545608,2.0951254463618163,2.0951254463618176,0.16262750252963717,0.42054571537187985,0.0,0.01686530139365981,0.232718455091617,2758.429382344971,0.13764068185135625,MEDIA
MIQUETLA-45,0.196032,0.19603199999988782,0.5697958521762827,0.020772861987438367,0.01873273580891245,0.1388719994298417,0.19603199999999998,0.036077921031696755,0.018881594935846194,0.004635486635095172,0.19593628125,5.0,0.029297966297289087,0.0,aceite_Mbd,2020-02-01,587.0,2030.0,VERTICAL,1971-11-01,0.11330416291913195,0.32583599071447106,0.006603080749137358,5e-45,0.5,10.0,INACTIVO,0.2103008531434864,0.08589167773347031,0.08805972637859878,0.6460187856385928,0.3571952064117272,0.3626366963681586,0.15176663346591884,0.2307798221509137,0.0,0.01115477836112579,0.1902299371577379,1696.152451993218,0.10850632128221424,MEDIA
MIQUETLA-29,0.25747600000000004,0.24987739901714115,0.9999999999999994,0.06497906455957879,0.01659820061673272,0.12026282129346834,0.2498788067498088,0.06497969182407635,0.016521211457918423,0.006001874348501403,0.25741313964843754,5.0,0.02555462289704053,0.0,aceite_Mbd,2018-07-01,584.0,2020.0,VERTICAL,1970-07-01,0.1940602157311881,0.8133416215448617,0.012631019208041269,5e-45,0.5,10.0,INACTIVO,0.2063602454455436,0.0868413593655322,0.08684135936070386,2.9154422254477046,2.108607028691306,2.1104161931090384,0.19111691791961768,0.4250489873193121,0.0,0.021097179280667303,0.2619584158061696,2369.412685434879,0.7888505570000427,ALTA
MIQUETLA-30,0.268838,0.26356824238940035,0.9999999999999999,0.04866468675742112,0.012715489228202426,0.07908437851073537,0.26356780799767954,0.048664569109510704,0.012585559754239806,0.0030640216228288732,0.2687723657226563,5.0,0.03230226044225109,0.0,aceite_Mbd,2018-03-01,579.0,2028.0,VERTICAL,1970-08-01,0.13210491595799567,2.6567056349664166e-13,0.00523894665476265,5e-45,0.5,10.0,INACTIVO,0.324508605230175,0.050207022809702184,0.050207022810157174,1.2954290807868052,0.4648578441965735,0.5016889630099167,0.2598834302422996,0.4220581569054866,0.0,0.013486336237596567,0.3302264563932141,1614.285062469092,0.18228416570427386,ALTA
MIQUETLA-62,0.112202,0.10837481019380199,0.9999999999999999,0.07197028155740587,0.010633515857766075,0.232134347806116,0.1083751052141231,0.07197073664826753,0.010594153004573916,0.011368905104693402,0.1121472138671875,5.0,0.012745827927732845,0.0,aceite_Mbd,2020-02-01,571.0,2098.0,VERTICAL,1973-03-01,0.01480899995723948,3.0441144523996044e-06,3.672444465430168e-15,5e-45,0.5,10.0,INACTIVO,0.03330350656049178,0.023073006507240822,0.023073006506547037,0.2772185264319133,0.22167814224259524,0.221678142238749,0.06362510034380432,0.102238661394345,0.0,0.008300385842439894,0.0806648772428618,1518.7113745317433,0.09123679032069651,MEDIA
MIQUETLA-51,0.177332,0.17564543902200871,0.9999999999999999,0.09839913914577227,0.012205899311624871,0.2390099907012728,0.1756454388357701,0.09839913879975588,0.012159317029154184,0.012493403954965048,0.17724541210937497,5.0,0.016160583213701996,0.0,aceite_Mbd,2018-07-01,562.0,2070.6,VERTICAL,1972-05-01,0.020276999995737698,1.3485900179712493e-13,0.0009782827066441295,5e-45,0.5,10.0,INACTIVO,0.038913503021241025,0.022052985474411275,0.02205298547441132,0.11549544806545686,0.07253341854077518,0.07277532594003619,0.05116815010101082,0.07415533953870448,0.0,0.0068358367182760425,0.06352737335746153,2324.687552194152,0.20935591261729825,MEDIA
MIQUETLA-58,0.235868,0.2356246468283867,0.9999999999999999,0.03512518890707834,0.011186762346299747,0.47741465222728807,0.23562471769096816,0.03512520107912614,0.0111457907368839,0.002980399274933491,0.2358104150390625,5.0,0.018595682764304833,0.0,aceite_Mbd,2018-11-01,560.0,2099.3,VERTICAL,1972-11-01,0.04390711116675126,0.7369449964994119,1.0570854245536917e-18,5e-45,0.5,10.0,INACTIVO,0.047720319610951606,0.017144684994168914,0.017144684994145044,0.4545319003764705,0.18463507881587893,0.18463507882306385,0.06973557962968001,0.1844098666116389,0.0,0.06249570104823288,0.1004705573982865,3567.6846165375846,1.0922491778038166,ALTA
MIQUETLA-63,0.138376,0.13827668865272894,0.9999999999999999,0.02898706911604313,0.008783676649876643,1.2438990705822928,0.13827628683555532,0.028986972012699553,0.008715708759694352,0.0041230010137484835,0.13830843359375,5.0,0.012705876959305619,0.0,aceite_Mbd,2018-11-01,555.0,2100.0,VERTICAL,1973-04-01,0.025604974541662565,0.0001669974752804266,2.986828483336274e-19,5e-45,0.5,10.0,INACTIVO,0.01049355510482587,0.004937791999651877,0.004937791999816075,0.08595920452705345,0.04203301094085563,0.04203301094219566,0.02263187117591722,0.05146599882479486,0.0,0.014144208541712546,0.031209537646716357,3220.7528035004048,0.7115662177468459,MEDIA
MIQUETLA-33,0.27738,0.27737999999999996,2.225669968136722e-12,0.01223798274716241,0.008760588848941842,1.954032469713083e-05,0.2773799999998479,0.040199609986391265,0.020758693718101205,0.004026037997723683,0.2773122802734375,5.0,0.03858422269150419,0.0,aceite_Mbd,2015-12-01,549.0,2066.5,VERTICAL,1970-11-01,0.1683709989903502,2.638031927209043e-09,0.00577950765100464,5e-45,0.5,10.0,INACTIVO,0.3260345507149614,0.06709379390846658,0.09488221383374018,1.164255251270879,0.3996958984491805,0.4673980830173175,0.18925250999999998,0.32849465999999994,0.0,0.005960759999999998,0.2440016199999999,2018.53588812366,0.0454435584838639,ALTA
MIQUETLA-75,0.112811,0.11281099999994436,0.9999999999999999,0.031227555058421043,0.020959081742365333,0.24363174312946395,0.11281099999999998,0.031227555139950708,0.018072270594152656,0.007711432511745039,0.11275591650390625,5.0,0.03361274587098425,0.0,aceite_Mbd,2018-11-01,546.0,2023.0,VERTICAL,1974-01-01,0.18464650338437583,0.2761074485945596,0.014130781119728634,5e-45,0.5,10.0,INACTIVO,0.288103254671779,0.12468545898730334,0.12468545898730135,1.1312558503748484,0.4405141817299003,0.4612288096108818,0.17314082109518186,0.3121993004976674,0.0,0.00826071876301113,0.22517403784479334,2270.9502157885854,0.05795141219089148,MEDIA
MIQUETLA-78,0.155358,0.09619079440650738,0.9999999999999999,0.03029224861307719,0.011851215108326143,0.1771957179890614,0.09618745288420713,0.030290369847611,0.009213517894827826,0.004838459078160325,0.1552821416015625,5.0,0.027062982887118513,0.0,aceite_Mbd,2018-11-01,543.0,2046.0,VERTICAL,1974-04-01,0.056958999983674284,3.92517306316791e-09,0.0040932508350408825,5e-45,0.5,10.0,INACTIVO,0.23143999350851635,0.06904194582820122,0.06904194574370515,0.7573654719448772,0.33042316340092354,0.34557251470386485,0.19378989729970617,0.2878851502548083,0.0,0.006914036019780387,0.24177075567550754,1711.6386517099495,0.04028517794806578,MEDIA
MIQUETLA-113,0.0369,0.02343984268908123,0.9999999999998754,0.001940619452715852,0.0028962336995992616,4.481780395508199,0.02343967937918482,0.0019405461411717108,0.002162799285101998,0.0008078145025101996,0.022604284686225468,0.0013650203736593942,0.0018931166196206547,0.0004910291860639352,aceite_Mbd,2020-02-01,543.0,2045.0,VERTICAL,1975-07-01,0.13922925402194572,0.910389369154309,0.0229813468472747,5e-45,0.5,10.0,INACTIVO,0.03493654563297898,0.034854992503224165,0.034854992500324075,0.9284849368620615,0.9071760612356765,0.9073271091107324,0.1086867745531412,0.24958364761845847,0.0,0.0072899407632694285,0.15028404915621757,2071.6167998095652,0.05408673661389449,BAJA
MIQUETLA-18,0.372113,0.3721129999999213,0.7333524427409095,0.03026086038489357,0.017750141595016807,0.08452171450711131,0.3721129994580524,0.045776070348067605,0.01789686642739663,0.0029966149596799985,0.3720221520996094,5.0,0.035370290786266315,0.0,aceite_Mbd,2014-01-01,542.0,2070.0,VERTICAL,1969-07-01,0.21267133157850945,0.39334309389110167,0.006131628669813886,5e-45,0.5,10.0,INACTIVO,0.38282358591334104,0.09614981707935935,0.09830787170409583,2.601284408046016,1.3781900363650326,1.3964072018988927,0.26208609,0.53330652,0.0,0.012039569999999998,0.3509705100000003,2498.2752651827313,0.05886009759293094,ALTA
MIQUETLA-79,0.175912,0.16064410990613906,0.6877359400772244,0.0315001604683009,0.02260072386008117,0.17367649742901226,0.16392226803184898,0.04393845766931365,0.022288278374741954,0.008353306687720547,0.14405698206331924,5.0,0.03519347285747378,0.0,aceite_Mbd,2018-11-01,542.0,2079.0,VERTICAL,1974-05-01,0.20098442999404903,0.28879004449567036,0.013768431922549992,5e-45,0.5,10.0,INACTIVO,0.3022136497518176,0.12906125174253363,0.1307311732650479,1.8945968475165724,1.1933813679313436,1.2205281193783306,0.15958201792457624,0.305620889729554,0.0,0.00795893372668617,0.2105188328795019,3426.334046595976,0.06807125677193297,MEDIA
MIQUETLA-67A,0.103572,0.10318574558016758,0.9999999999999999,0.051485830022070696,0.008996931116710799,0.2948664932069812,0.10318574934362992,0.05148583376364594,0.00895197675535714,0.007369404331660642,0.103521427734375,5.0,0.01259970382116899,0.0,aceite_Mbd,2018-01-01,540.0,2116.0,VERTICAL,1973-09-01,0.01565239030973042,0.7490523710637437,2.8625978900516207e-18,5e-45,0.5,10.0,INACTIVO,0.01873279929297929,0.009471504753562445,0.009471504753562314,0.19329116760002205,0.16389147954629257,0.16389147954629396,0.03265142564572293,0.05634860511252436,0.0,0.010514324184846597,0.04204285983114366,1894.0542142242082,0.20289877908473114,MEDIA
MIQUETLA-108,0.079333,0.04357864312005653,0.9999999999998909,0.015421519000804434,0.004571646802259616,0.35141029054438416,0.04357873957852025,0.015421604495127111,0.0037724196174161767,0.002851448402971406,0.03649542208407358,0.006542344773579132,0.002537018614564354,0.0007682757547228485,aceite_Mbd,2018-11-01,534.0,2000.0,VERTICAL,1975-01-01,0.10777808691272553,0.3929248460210992,0.020185403129502982,5e-45,0.5,10.0,INACTIVO,0.04132224345217742,0.038883107750819546,0.03888310775091954,0.24179684228926043,0.24023485502307254,0.24485263706423177,0.1111982114983043,0.17367090765006798,0.0,0.004543817867938094,0.14014336277331566,1316.0434908460902,0.08158376194645181,MEDIA
MIQUETLA-46,0.172056,0.1652450640642832,0.9999999999998836,0.0827737193726906,0.009362548267965277,0.10420886100125037,0.16524552868382503,0.08277415654326586,0.009322239187655986,0.006822884363752459,0.17197198828125,5.0,0.01464344567498187,0.0,aceite_Mbd,2015-10-01,534.0,2076.0,VERTICAL,1971-12-01,0.02628744694428348,0.9999999999999999,3.630996225871151e-18,5e-45,0.5,10.0,INACTIVO,0.06625902488196889,0.027018762437155223,0.02701876243612197,0.47978841536193984,0.2648781239388746,0.26487812393887833,0.11716248000000005,0.24526188000000018,0.0,0.013093740000000003,0.15803945999999996,2481.411342973281,0.15176519685201872,MEDIA
MIQUETLA-81,0.118492,0.11838987058953346,0.9999999999999999,0.030320644083613686,0.012496219578233717,0.15688164524548454,0.11838948928080004,0.030320519885447466,0.012177105620129976,0.004185254171624518,0.118434142578125,5.0,0.022146430685722737,0.0,aceite_Mbd,2018-04-01,533.0,2050.0,VERTICAL,1974-07-01,0.13206645795745145,0.18205711803039054,0.009143382589793856,5e-45,0.5,10.0,INACTIVO,0.136349101008671,0.04348978216137005,0.043489782163025514,0.5504600355262006,0.24809760699815625,0.2640636436334962,0.14717167585013147,0.22726290845006458,0.0,0.015054776997317998,0.18504882725847566,1468.3061879635086,0.1266321454787228,MEDIA
MIQUETLA-65,0.101895,0.09302445199782462,0.9999999999999999,0.16563726552242197,0.010845425051437908,0.23798823242978148,0.0930232859662637,0.16563134265120183,0.010746842028903535,0.035891955727333,0.10179549316406249,5.0,0.012240650718558836,0.0,aceite_Mbd,2017-03-01,533.0,2101.0,VERTICAL,1973-06-01,0.030723999998972146,2.0905940568293922e-08,1.3633825077428094e-13,5e-45,0.5,10.0,INACTIVO,0.023224197152132014,0.018149342620702575,0.018149342635841795,1.4459696864735583,1.2805438629357013,1.2805438695819797,0.04320419146285545,0.153118830020259,0.0,0.010656041262206133,0.06872399646623197,5734.436278759122,0.3917819640068451,MEDIA
MIQUETLA-12,0.14852,0.13312057535785446,0.37487647513323274,0.012929938372497568,0.017955529023938415,0.15799519041739754,0.14851999999972124,0.028838599152584667,0.018375576009619532,0.00471398910737342,0.14844748046875,5.0,0.02814686711581979,0.0,aceite_Mbd,2012-04-01,527.0,2082.8,VERTICAL,1969-01-01,0.02165999999619745,0.9999999999999983,3.4198332838717135e-14,5e-45,0.5,10.0,INACTIVO,0.20202276275108244,0.0854377574976611,0.08837100773795932,1.0826617641617464,0.7798459897965668,0.779845989770529,0.14563625999999982,0.29320550999999995,0.0,0.012828000000000006,0.19450384499999993,2190.2546721002277,0.06394433830630719,MEDIA
MIQUETLA-110,0.077912,0.07791036449605226,2.332448887217495e-07,0.00481012991847184,0.006838590408064341,1.713421805965935,0.077842963538264,0.020155864360819314,0.006879590248108081,0.003871425876537496,0.0778359140625,5.0,0.009914247979424308,0.0,aceite_Mbd,2019-05-01,526.0,1980.0,VERTICAL,1976-03-01,0.007863356874802701,2.205467950178175e-05,1.672835497662563e-10,5e-45,0.5,10.0,INACTIVO,0.0040299848328982785,0.0018707014380849394,0.001940484077891073,0.006000580172976409,0.0033417795899515538,0.0033417795843251625,0.011124861037738973,0.010143734328926282,0.0,0.003148466906502834,0.012815483425893358,1878.7102004384685,0.16153927344862984,MEDIA
MIQUETLA-77,0.19194,0.13884954876102756,0.6783667897166409,0.022826662427503145,0.019887000445850463,0.18602461882058413,0.16575175773243275,0.03849116462026716,0.020243514340678528,0.00702346058728047,0.19184627929687498,5.0,0.03983686115965143,0.0,aceite_Mbd,2017-01-01,522.0,2044.0,VERTICAL,1974-03-01,0.037102999917933754,1.8998567521303914e-05,0.000224937596426968,5e-45,0.5,10.0,INACTIVO,0.45704894603136326,0.16257552650556814,0.16343200924653684,3.133308593703794,2.348561103041058,2.3487249783166066,0.23142411833039983,0.47809524573700163,0.0,0.010161306018109752,0.31110665928656683,1831.7659016955902,0.10119054127802697,MEDIA
MIQUETLA-23,0.5113,0.5112375540467116,0.9999999999999999,0.12498970824471174,0.0023585829747997077,8.960295644832428,0.5112375440435106,0.12498970575409046,0.00227860764984034,0.00916625543620476,0.5112375854492188,5.0,0.008475805702414173,0.0,aceite_Mbd,2012-06-01,517.0,669.0,VERTICAL,1969-12-01,0.008487955550380458,0.9999999999967242,2.2890089118325864e-11,5e-45,0.5,10.0,INACTIVO,0.0010775892345761494,7.788079108621068e-05,7.788079233449528e-05,0.0019695466333476564,0.0004303299680715538,0.0004303301528825103,0.01914003,0.00488454,0.0,0.00364662,0.019954120000000002,1169.2362128877494,0.08891859901508202,ALTA
MIQUETLA-84,0.125796,0.12450071348151634,0.9999999999999999,0.05894203749343674,0.011274933437715955,0.15793532870581242,0.12450069271680242,0.058942021579724606,0.011105801716566135,0.007485583970497437,0.125734576171875,5.0,0.019863472212440506,0.0,aceite_Mbd,2017-01-01,514.0,2079.0,VERTICAL,1974-10-01,0.08085063255244972,3.466612671270001e-08,0.009461162502247817,5e-45,0.5,10.0,INACTIVO,0.07141491262852571,0.022962546068894883,0.022962546068896698,0.2263076617340254,0.09970371172187315,0.10758747774912604,0.08203643103389699,0.11366407828668121,0.0,0.014406143589266791,0.1009804440816772,1297.9647249164318,0.2618908296393288,MEDIA
MIQUETLA-91,0.14081,0.13375297874933076,0.9999999999999999,0.12299074416663003,0.010670307974326635,0.1671685050753418,0.133750069110265,0.1229842964841757,0.010600125957418119,0.016403369884777367,0.1407412451171875,5.0,0.01424475697610453,0.0,aceite_Mbd,2017-01-01,512.0,2035.0,VERTICAL,1974-12-01,0.02614193987226856,1.3115886542169255e-07,0.002371795490532307,5e-45,0.5,10.0,INACTIVO,0.03490105342502393,0.01949826761043825,0.019498267610925872,0.10015696731368515,0.05088371042306279,0.05107657460022798,0.059818463884597696,0.08404855603111014,0.0,0.007064511946141461,0.07382655655644939,1595.0208585361934,0.10461830418695671,MEDIA
MIQUETLA-117,0.014811,0.014810999999999038,0.9999999999999929,0.0023411101032806965,0.0027254956396790134,2.8867121379568035,0.014810999998183064,0.0023410848699835884,0.0019054728660963193,0.0011059754684313303,0.0010231940535919627,5.0,0.014665083633125894,0.0,aceite_Mbd,2018-11-01,512.0,2050.0,VERTICAL,1976-10-01,0.015799999813575154,0.999999999999996,1.5971050822353002e-12,5e-45,0.5,10.0,INACTIVO,0.04000203010178332,0.018413144609770195,0.01841314461016092,0.16277004140376145,0.10576633996123788,0.10576633986618757,0.05941306976931926,0.09867343458507648,0.0,0.005269465853463522,0.0758586422001653,1807.6741236653556,0.11822394515109196,BAJA
MIQUETLA-11,0.128028,0.12802799999982015,1.875753746672193e-08,0.008376748086760538,0.014358788366970137,0.10878658419156727,0.12802799999999998,0.0186858980001315,0.020119452363862343,0.004131445747201713,0.127965486328125,5.0,0.036587989697350734,0.0,aceite_Mbd,2010-12-01,511.0,2027.0,VERTICAL,1968-12-01,0.18881597859615462,5.0788894416948274e-08,0.006958846772103786,5e-45,0.5,10.0,INACTIVO,0.3145900326719592,0.08199467871626143,0.10641594308262493,1.3661897400419758,0.6204995883972522,0.683261506587489,0.17676407999999982,0.33033024000000005,0.0,0.0070339800000000004,0.23181912000000007,1983.2305080124231,0.039562417427802296,MEDIA
MIQUETLA-80,0.268027,0.22865760211626593,4.931771706608297e-08,0.017887651562715788,0.02027537587722198,0.104308510062212,0.21186211081792783,0.03900204587065881,0.023783955378463114,0.006154391074021331,0.11678100872911312,5.0,0.04360530833064431,0.0,aceite_Mbd,2016-01-01,506.0,2064.0,VERTICAL,1974-06-01,0.13294299999999998,0.32200930251840165,0.008293573158564877,5e-45,0.5,10.0,INACTIVO,0.5780325660416097,0.15840308199217287,0.1957442013549753,1.2463853729400456,0.5041377521648334,0.5217810319880302,0.23295041758902327,0.36682189027809015,0.0,0.008429257933898319,0.29408739930203853,1815.8099096634153,0.060882860221356916,ALTA
MIQUETLA-5,0.208192,0.03100597884822516,0.9999999999999999,4.221028880782005e-18,0.004215970285600406,0.0,0.03100597880275348,2.724556655415251e-16,0.004209558159780312,0.0004424217698815963,0.20814117187499998,5.0,0.04157766096529456,0.0,aceite_Mbd,2009-10-01,503.0,2244.0,VERTICAL,1968-06-01,0.024822356443639938,0.9999999999999999,2.434757454336743e-15,5e-45,0.5,10.0,INACTIVO,0.5687429222524983,0.29387311870085214,0.29387311870086175,0.5876933184417131,0.3837478693679524,0.383747869369006,0.30788936999999983,0.24648599999999996,0.0,0.3287812200000001,0.3489703699999998,1122.77373609274,0.6514577500523998,MEDIA
MIQUETLA-48,0.272413,0.27241299999992585,0.9999999999407263,1.1824160314873156,inf,inf,0.2723464929360044,1.1821151866786999,inf,inf,0.2723464929199219,5.0,inf,inf,aceite_Mbd,2013-03-01,500.0,2042.0,VERTICAL,1972-02-01,0.0011078862471623685,0.9998626841352937,1.899205172773875e-12,5e-45,0.5,10.0,INACTIVO,2.160231917005154e-07,2.059174505368556e-17,4.423189561319562e-09,4.9243282226562495e-06,2.4597644832265607e-06,2.4597645788938694e-06,0.008186190000000001,6.654e-05,0.0,0.0032684100000000002,0.008197280000000001,2410.869565217391,0.2737548278277596,ALTA
ADULARIA-1,0.046058,0.04031214095042068,3.544209202706544e-09,0.002389917027634701,0.0026641917828371304,0.032635660589632055,0.04076931502450366,0.003683803077585664,0.0035328415704203135,0.0007686746444786269,0.0028416222031125375,5.0,0.025221576636094763,0.0,aceite_Mbd,2019-01-01,480.0,1883.0,VERTICAL,1979-08-01,0.017528884885124375,4.7766201716502093e-14,2.355050196714669e-15,5e-45,0.5,10.0,INACTIVO,0.09923595676962259,0.020884051083122773,0.022216410361750608,0.10841285867957687,0.0598680372101575,0.0598680372325673,0.09742328714368009,0.08308691457324935,0.0,0.005603121128001625,0.11127110623922157,1175.1277489322765,0.1142157179668296,MEDIA
MIQUETLA-37,0.266809,0.25801750488478253,1.1856975845053185e-08,0.011752416891590471,0.02294407466407211,0.07724666815525086,0.2668089999999968,0.02858077889892944,0.034572731472801786,0.005197378486196617,0.2667438610839844,5.0,0.06787494710321322,0.0,aceite_Mbd,1999-08-01,346.0,2030.0,VERTICAL,1971-03-01,0.253695997459188,5.120563179097189e-09,0.00575355533901422,5e-45,0.5,10.0,INACTIVO,1.0135418577380784,0.23128088246712014,0.29355280561651115,5.4368968960720165,2.330022812983881,2.546088846807588,0.3204242400000002,0.6730037099999997,0.0,0.004132200000000002,0.43259152500000014,1973.451229314751,0.022005182920377907,ALTA
MIQUETLA-38,0.290589,0.29058899999999993,1.4076285578951915e-07,0.01352775140900703,0.02438119183605981,0.11775289424677074,0.29058899999999993,0.043610275379314244,0.027199964320843536,0.005663134534915374,0.2905180554199219,5.0,0.045928545793085744,0.0,aceite_Mbd,1999-03-01,340.0,2020.0,VERTICAL,1971-04-01,0.2027392844341575,2.7194723428901178e-09,0.007524390337733582,5e-45,0.5,10.0,INACTIVO,0.31008640384413344,0.08774741729190971,0.10910383453570673,1.0224708504700635,0.4291361492716636,0.4846049657501799,0.1538194199999999,0.24484572000000004,0.0,0.00347505,0.19462704000000008,2150.904655908168,0.011374917443180099,ALTA
MIQUETLA-34,0.26782399999999995,0.2677586051756353,0.9999999999999999,0.4507419844574286,inf,inf,0.2677586131011969,0.4507419978635268,0.00034227348082044475,0.060548769715366185,0.26775861328124995,5.0,0.0025881710575209075,0.0,aceite_Mbd,1998-04-01,333.0,2032.0,VERTICAL,1970-12-01,0.003038660619010672,0.9999999999996427,1.0595636041598689e-11,5e-45,0.5,10.0,INACTIVO,6.698629422988892e-06,1.171521721838522e-07,1.1715113567320474e-07,7.15398334572754e-05,4.383501072672699e-05,4.3835010968563564e-05,0.008143859999999998,0.00027347999999999994,0.0,0.0017396700000000002,0.008189439999999997,1844.8438926168337,0.09961381813433486,ALTA
MIQUETLA-6,0.319157,0.3191569999991556,0.1862866582931328,0.01701227052217432,0.014787976348201618,0.07763649471076536,0.31915699980066115,0.05255383815455344,0.016682437669673967,0.003963326841133043,0.3190790808105469,5.0,0.03491977558715076,0.0,aceite_Mbd,1995-11-01,333.0,2335.0,VERTICAL,1968-07-01,0.3294012181669761,1.1161239972569148e-08,0.007834365206195426,5e-45,0.5,10.0,INACTIVO,0.2011994699644001,0.03594749154332947,0.04597546309978201,2.011882358407374,0.8291872897531946,0.987680380686005,0.1467423,0.34801235999999974,0.0,0.013466549999999999,0.20474435999999996,2067.7920951240403,0.06570822522389991,ALTA
MIQUETLA-76,0.082187,0.08218699999792374,2.4356380243679377e-11,0.010416433031686385,0.0030742162906959116,0.0002332146005857585,0.08218699999999998,0.018228140361332742,0.010765174854693178,0.004290755090085051,0.05593399780221408,5.0,0.036879224884743,0.0,aceite_Mbd,1995-11-01,265.0,2069.0,VERTICAL,1974-02-01,0.177194467345205,1.3621632754484514e-08,0.010356889897508222,5e-45,0.5,10.0,INACTIVO,0.246173978286,0.0415946737227322,0.053837902850775776,1.466503535259899,0.5774195743110404,0.6512042081942933,0.15191927999999977,0.3129091200000002,0.0,0.004186529999999999,0.2040707999999999,1896.8315745410212,0.1074272330133829,MEDIA
MIQUETLA-1,0.009876,0.005386114440654377,5.897203439909525e-06,0.00021790873140004464,0.001901516296059086,338.8204388875257,0.005386547448399992,0.00022304229293923397,0.0017765086022785083,0.0039622747166019505,0.005386391905079528,0.00021892561283691928,0.0017743857605674188,0.0038208368603149167,aceite_Mbd,2009-10-01,162.0,3472.0,VERTICAL,1996-06-01,0.009296496883010966,0.9999999999999999,1.9087866730198472e-12,5e-45,0.5,10.0,INACTIVO,0.00016484567906715597,0.0001648456775261981,0.0001648471335116916,0.0016296348564144338,0.0016296348466185648,0.001629634846501043,0.00159789,0.00278895,0.0,0.00010847999999999998,0.0020627149999999997,1449.7669812865838,0.07466892527459093,BAJA
MIQUETLA-356,0.020068,0.016384249841845857,1.3177377342737066e-07,0.0031725623910086927,0.0014937157368106072,1.2019467106061654,0.016199391141218895,0.003144379437418413,0.0015664570097029052,0.002424863633169006,0.016391358633010413,0.0031786051894632543,0.0014798701158854584,0.001903172758408138,aceite_Mbd,2018-10-01,94.0,2369.0,VERTICAL,2011-01-01,0.01144099798352924,0.9999999999851416,2.6932580129963368e-09,5e-45,0.5,10.0,INACTIVO,0.0037143331054527895,0.003714334325304281,0.0037320431044354225,0.010118825080879865,0.010118825339484824,0.010118824202970273,0.03729918661852203,0.03255749182984695,0.0,0.01550903652954848,0.04272543525682984,1023.8251962213094,0.3899950303207855,BAJA
MIQUETLA-3134,0.035017,0.021865265155687236,0.9999999999999998,0.018203625347773856,0.0028836356640313046,1.8141587545418387,0.02186518989339221,0.018203398135544096,0.002122855391338042,0.005440053246482946,0.019634751729067153,0.009736539383313363,0.0016843114649473419,0.002452631700420161,aceite_Mbd,2019-03-01,76.0,1870.0,DIRECCIONAL,2012-12-01,0.01681316517689841,0.9999999998274309,8.561492185562344e-10,5e-45,0.5,10.0,INACTIVO,0.00270093521287037,0.002591100177948154,0.002591100177336966,0.015908673762149796,0.015908673815195555,0.015908673855610213,0.029441846033967677,0.035307709236632255,0.0,0.007036634471700603,0.03532646424007304,1289.6168965312272,0.21991949215540058,BAJA
MIQUETLA-10,0.00258641459581,0.002536523865148375,0.999999999999683,1.0149135773345996,0.00021244341433483444,0.3693597521019016,0.002536536116553535,1.014946333928686,0.00020711726875374036,0.25850050313524475,0.00256449341803481,0.9675486576841686,0.0002907593205090916,0.39295634544588387,aceite_Mbd,2018-07-01,30.0,2173.9,VERTICAL,2016-01-01,0.0762079435161502,0.9999999999999999,2.358991260048016,5e-45,0.5,10.0,INACTIVO,1.8601602108776367e-06,9.482591651406822e-07,9.482591472916046e-07,0.0005021426785849535,0.00032703735751110646,0.0003270373565564266,0.0002501578668375479,0.0038489860822422855,0.0,1.9596015346379997e-06,0.0008916555472112619,7081.945714682945,0.011098340728462322,BAJA
MIQUETLA-3275,0.094113,0.08928574006694245,1.0092019398175524e-08,0.09059619133411179,0.009191550284813506,0.1285669530260186,0.09185474913644331,0.16851417580126166,0.011110995866910023,0.044652839505541345,0.08928468842123041,0.09059380691647803,0.007142969593050307,0.011288355695890318,aceite_Mbd,2018-11-01,30.0,2162.0,DIRECCIONAL,2016-05-01,0.030732736411915016,9.741559680688554e-08,0.014113233396174405,5e-45,0.5,10.0,INACTIVO,0.00448865974609173,0.0044886597072804485,0.006262639813946634,0.014206842984506753,0.014206856702329376,0.014298980388102914,0.028827879276306596,0.02284791644280828,0.0,0.05634171375874469,0.03263586535010797,1261.0139916941712,3.634054937219781,MEDIA
CASTILLO DE TEAYO-14,0.024314090607,0.023189345914154648,0.9999999331697706,9.824811747500604e-08,0.003312849406737622,14724605.960318223,0.023189444313420692,5.9568309279135e-09,0.0032163394160526293,0.012480678560742687,0.023189386699353914,4.66654627919328e-08,0.0032163402218774993,0.012480712848248553,aceite_Mbd,2017-08-01,19.0,2302.0,VERTICAL,2016-01-01,0.012349878701325872,4.7990397991945335e-08,0.020902138480671198,5e-45,0.5,10.0,INACTIVO,0.001002653675785284,0.0010026540083023332,0.0010026534134005044,0.00025038771877863305,0.000250387978516093,0.00025442013648564754,0.013913682988286104,0.006114606228332401,0.0,0.0030951874262548505,0.0149327840263415,451.05723789595106,0.2264837259412728,BAJA
CASTILLO DE TEAYO-13,0.0271941770924,0.024707416738608375,0.999879593420255,0.037845198749814075,0.0020776300320645112,2.883489545199322,0.02470737407725377,0.03784569938923899,0.00154582575799972,0.009874519264567339,0.024184233845278184,0.028698728888563365,0.0013677381218470523,0.0059808801513087035,aceite_Mbd,2017-08-01,19.0,2237.0,VERTICAL,2016-01-01,0.01565153891769721,0.6540407080633637,0.3231201824480058,5e-45,0.5,10.0,INACTIVO,0.000143635850243949,0.00014336191781814036,0.00014336181633087882,8.393718974002219e-05,6.621824141747227e-05,6.956239653405155e-05,0.011198807839360501,0.0027386405668845004,0.0,0.0031110296381819825,0.01165524793384125,224.5248696501698,0.3031546741770966,BAJA
CASTILLO DE TEAYO-26,0.0193626358784,0.016049269189254634,0.03352344563971563,0.00012164745910603442,0.001973935210025943,201593.94004277556,0.016058381569466783,0.00018171409714109083,0.0013828668526289123,0.007776776157725975,0.01606564087938935,0.0002293949099184536,0.0013820659045917663,0.007750100282696218,aceite_Mbd,2017-08-01,19.0,2273.0,VERTICAL,2016-01-01,0.004415680017006743,0.9999999999999999,0.0496354169169576,5e-45,0.5,10.0,INACTIVO,0.00018476154888140834,0.00018475757187222773,0.00018475937375496117,4.4074070986351405e-05,4.2752295699128994e-05,4.275229293375832e-05,0.009618440551419005,0.0018992904441510001,0.0,0.0127694930638269,0.009934988958777497,196.2825773360707,1.3125177584214671,BAJA
CASTILLO DE TEAYO-25,0.0168662516071,0.01435185818290255,1.4243875084503012e-06,0.0026343015135613956,0.0026127567183456277,689.6065160244019,0.01430481149513618,0.0023186464481027296,0.0019566471238230683,0.012871692435160327,0.014351480788729519,0.0026314630434880223,0.00193988201201159,0.01232957900422783,aceite_Mbd,2017-08-01,19.0,2335.0,VERTICAL,2016-01-01,0.0087856023267102,0.999999971219758,0.13839292889831886,5e-45,0.5,10.0,INACTIVO,0.0003564749400613681,0.00035647494383146574,0.0003566313553277624,0.00010873074883130515,0.00010188592155069531,0.00010188591957054772,0.008399066122947,0.0026672080989256796,0.0,0.0027612061351840805,0.008843600806101281,326.2300936286081,0.3402731932114588,BAJA
CASTILLO DE TEAYO-23,0.020774667886,0.019972037622032625,3.8866019173220646e-05,0.032530753461928956,0.0026624086335602214,4.3206091272552865,0.019985796293302164,0.03926407917125071,0.0022013244780956,0.018219905199354413,0.019974048231490047,0.03253921042969899,0.0019301922277371853,0.010928956634935686,aceite_Mbd,2017-07-01,18.0,2305.0,VERTICAL,2016-01-01,0.0590707977214605,0.0001339948484764264,6.361571149412264e-11,5e-45,0.5,10.0,INACTIVO,0.0002539359860354076,0.0002539364068768636,0.0002642984912736738,0.009330273109393597,0.009330273110499594,0.009330273109459166,0.00862012082984652,0.033670355910938705,0.0,0.0017538165782684403,0.014231846815002969,4106.126684722716,0.2509648757746154,BAJA
CASTILLO DE TEAYO-24,0.0696139147711,0.06270842530360103,0.9999999999999998,0.17104250821390965,0.009288934974782495,1.1220881940176923,0.06270846325086855,0.17104284776102638,0.00777637703966772,0.05271615950048453,0.0562984894399082,0.08739793415795137,0.006626742111897688,0.019940990658367748,aceite_Mbd,2017-05-01,16.0,2360.0,VERTICAL,2016-01-01,0.0880868031173998,0.9999999999999997,0.33668885162576806,5e-45,0.5,10.0,INACTIVO,0.0018119304010648283,0.0015090230319750853,0.0015090230319791558,0.00247700867767026,0.001564068577458404,0.0015640685774584015,0.015859346926938,0.016548417718809,0.0,0.014298283946255999,0.018617416546739495,984.5752263851731,0.9315115106044835,MEDIA
MIQUETLA-865DES,0.0989105666667,0.04451657776644268,1.5627119925507287e-11,7.137015997796786e-09,0.017519623145666283,0.20893176698783175,0.044516589394585755,1.7931604803550244e-10,0.01775271071942889,0.0931369713690139,0.04451658225276103,3.312159162786383e-09,0.017752710636921045,0.09313698248544879,aceite_Mbd,2019-01-01,7.0,2165.0,DIRECCIONAL,2018-06-01,0.03858755352119053,0.9999999999987795,4.12853700353378e-11,5e-45,0.5,10.0,INACTIVO,0.005294666587708328,0.005294666580759574,0.005294666581134276,0.00715653690002251,0.007156536901023571,0.007156536900013921,0.012019479551615999,0.010418641657425003,0.0,0.011933381709687899,0.0137559198278535,960.7457187198618,1.2564429613909402,MEDIA
MIQUETLA-1044,0.026657577419400003,0.026657355134191284,0.37231896112688295,3.055450864837391,inf,inf,0.026605006758712815,19.99999999978437,inf,inf,0.026609715511289052,1.0203174080012616,inf,inf,aceite_Mbd,2016-10-01,5.0,2090.0,DIRECCIONAL,2016-05-01,0.006842307316878862,0.5000095143633383,4.999994746017348,5e-45,0.5,10.0,INACTIVO,2.2908069899389395e-09,6.154927885601938e-14,1.3096804542312754e-08,5.951662704929456e-10,2.9543340038701027e-09,1.0966506868861423e-08,0.0008045802396787801,0.00020823123000003003,0.0,0.000201579348386961,0.0008392854446787852,268.0569924694154,0.2506966464791135,BAJA
CASTILLO DE TEAYO-16,0.0212246167998,0.021224616799224046,5.284915974811574e-08,0.10219272623419663,0.004786856969738532,1.2970261447764544,0.021223499018196562,0.11085158552312223,0.003492247712104354,0.12461469982873533,0.02122429880009288,0.10217923613152409,0.0032745828748809015,0.09281623326867319,aceite_Mbd,2016-04-01,3.0,2280.0,VERTICAL,2016-01-01,0.0069576798315660925,0.0034160454899175297,0.0022806428777669497,5e-45,0.5,10.0,INACTIVO,2.8299246171469502e-05,2.8298248444442508e-05,3.0230267985386798e-05,5.205803234170721e-06,5.201845610498917e-06,5.204390732228144e-06,0.002244695415762,0.0008320806202970999,0.0,0.002680527236823,0.0023833755191448504,380.36927467053704,1.1211918417736113,BAJA
CASTILLO DE TEAYO-19,0.0141830115012,0.012430796071683218,0.9999999933373073,0.2056101471160105,0.007243953134615265,30.448923397509493,0.0124310045547761,0.20563176926104973,0.0047982584909021814,0.37008370029328885,0.012026732597542882,0.14277113969360347,0.00459536304388832,0.242015406932647,aceite_Mbd,2016-04-01,3.0,2218.0,VERTICAL,2016-01-01,0.008567894804146227,0.9999646921323959,0.12106122710588108,5e-45,0.5,10.0,INACTIVO,5.423247270906857e-05,5.317448880522324e-05,5.317448982752024e-05,3.721394942956934e-05,3.708859446874134e-05,3.708857541003382e-05,0.0011809981185936,0.0008824585164056999,0.0,9.7390451613e-07,0.00132807453799455,739.7327102291906,0.0006112962299735706,BAJA
CASTILLO DE TEAYO-22A,0.0180290670095,0.01802890946013454,1.3325711656146453e-07,0.25304046781482664,inf,inf,0.01802812785679511,0.2937557338034686,0.0050055540518786825,0.3947230947016752,0.01802902602932454,0.2529690586814553,0.004578967545796063,0.2483210486907491,aceite_Mbd,2016-03-01,2.0,2259.7,VERTICAL,2016-01-01,0.05579890417281325,2.0414755556372728e-07,0.17064397190181407,5e-45,0.5,10.0,INACTIVO,2.3201053745519764e-05,2.3201311433287864e-05,2.648260102219969e-05,0.00027585073138199306,0.0002758507659455723,0.00029213165675893445,0.0013156163454485998,0.004269439414746,0.0,0.0037569970333704,0.0020271895812396,3347.402349184655,2.503105474340156,BAJA
MIQUETLA-49,0.231505,0.23144848022460937,0.5,10.0,inf,inf,0.23144848022460937,10.0,inf,inf,0.23144848022460937,5.0,inf,inf,aceite_Mbd,1972-03-01,0.0,2060.0,VERTICAL,1972-03-01,5e-45,0.5,5.0,5e-45,0.5,10.0,INACTIVO,3.194485010205874e-09,3.194485010205874e-09,3.194485010205874e-09,2.5e-89,2.5e-89,2.5e-89,0.00694515,0.0,0.0,0.00276954,0.00694515,0.0,0.39877324463834474,ALTA
MIQUETLA-59,0.241041,0.24098215209960938,0.5,10.0,inf,inf,0.24098215209960938,10.0,inf,inf,0.24098215209960938,5.0,inf,inf,aceite_Mbd,1972-12-01,0.0,500.0,VERTICAL,1972-12-01,5e-45,0.5,5.0,5e-45,0.5,10.0,TAPONADO,3.4630753803847962e-09,3.4630753803847962e-09,3.4630753803847962e-09,2.5e-89,2.5e-89,2.5e-89,0.00723123,0.0,0.0,0.00723123,0.00723123,0.0,1.0,ALTA
MIQUETLA-125,0.036927,0.036854876953125,0.5,10.0,inf,inf,0.036854876953125004,10.0,inf,inf,0.036854876953125004,5.0,inf,inf,aceite_Mbd,1977-03-01,0.0,2045.0,VERTICAL,1977-03-01,5e-45,0.5,5.0,5e-45,0.5,10.0,INACTIVO,5.201733890533053e-09,5.201733890534054e-09,5.201733890533053e-09,2.5e-89,2.5e-89,2.5e-89,0.0011078099999999999,0.0,0.0,0.0013391100000000001,0.0011078099999999999,0.0,1.208790316028922,BAJA
MIQUETLA-56,0.12873099999999998,0.12866814306640623,0.5,10.0,inf,inf,0.12866814306640623,10.0,inf,inf,0.12866814306640623,5.0,inf,inf,aceite_Mbd,1972-09-01,0.0,2096.0,VERTICAL,1972-09-01,5e-45,0.5,5.0,5e-45,0.5,10.0,INACTIVO,3.950994100810088e-09,3.950994100810088e-09,3.950994100810088e-09,2.5e-89,2.5e-89,2.5e-89,0.0038619299999999995,0.0,0.0,0.0022266000000000005,0.0038619299999999995,0.0,0.5765511026869986,MEDIA
MIQUETLA-127,0.034898,0.034829839843749995,0.5,10.0,inf,inf,0.034829839843749995,10.0,inf,inf,0.034829839843749995,5.0,inf,inf,aceite_Mbd,1977-05-01,0.0,2042.0,VERTICAL,1977-05-01,5e-45,0.5,5.0,5e-45,0.5,10.0,INACTIVO,4.6458069000249126e-09,4.6458069000249126e-09,4.6458069000249126e-09,2.5e-89,2.5e-89,2.5e-89,0.00104694,0.0,0.0,0.0012660899999999999,0.00104694,0.0,1.2093243165797467,BAJA
MIQUETLA-55,0.15968,0.15960203125,0.5,10.0,inf,inf,0.15960203124999997,10.0,inf,inf,0.15960203125,5.0,inf,inf,aceite_Mbd,1972-08-01,0.0,2100.0,VERTICAL,1972-08-01,5e-45,0.5,5.0,5e-45,0.5,10.0,INACTIVO,6.0791259765609984e-09,6.0791259765609984e-09,6.079125976565327e-09,2.5e-89,2.5e-89,2.5e-89,0.0047904,0.0,0.0,0.00301302,0.0047904,0.0,0.6289704408817636,MEDIA
MIQUETLA-99,0.113216,0.11316071875,0.5,10.0,inf,inf,0.11316071875,10.0,inf,inf,0.11316071875,5.0,inf,inf,aceite_Mbd,1975-05-01,0.0,2029.0,VERTICAL,1975-05-01,5e-45,0.5,5.0,5e-45,0.5,10.0,INACTIVO,3.0560166015621874e-09,3.0560166015621874e-09,3.0560166015621874e-09,2.5e-89,2.5e-89,2.5e-89,0.00339648,0.0,0.0,0.0037860600000000004,0.00339648,0.0,1.1147011023176938,MEDIA
MIQUETLA-7,0.197216,0.197119703125,0.5,10.0,inf,inf,0.19711970312500002,10.0,inf,inf,0.197119703125,5.0,inf,inf,aceite_Mbd,1968-08-01,0.0,2095.0,VERTICAL,1968-08-01,5e-45,0.5,5.0,5e-45,0.5,10.0,INACTIVO,9.273088134768052e-09,9.273088134768052e-09,9.273088134762707e-09,2.5e-89,2.5e-89,2.5e-89,0.00591648,0.0,0.0,0.00699993,0.00591648,0.0,1.1831240872951485,MEDIA
MIQUETLA-68,0.131274,0.1312099013671875,0.5,10.0,inf,inf,0.1312099013671875,10.0,inf,inf,0.13120990136718752,5.0,inf,inf,aceite_Mbd,1973-10-01,0.0,2117.0,VERTICAL,1973-10-01,5e-45,0.5,5.0,5e-45,0.5,10.0,INACTIVO,4.1086347284293315e-09,4.10863472843289e-09,4.10863472843289e-09,2.5e-89,2.5e-89,2.5e-89,0.00393822,0.0,0.0,0.0038895299999999996,0.00393822,0.0,0.9876365464600758,MEDIA
