pozo,Qi_hist,Qi_hyp,b,di_hyp,error_Qi_hyp,error_di_hyp,Qi_harm,di_harm,error_Qi_harm,error_di_harm,Qi_exp,di_exp,error_Qi_exp,error_di_exp,hidrocarburo_principal,ultima_produccion,mes_max,profundidad_total,trayectoria,first_oil,Qi_gas,b_gas,di_gas,Qi_condensado,b_condensado,di_condensado,estado_actual,RSS_exponencial,RSS_hiperbolica,RSS_harmonica,RSS_gas_exponencial,RSS_gas_hiperbolica,RSS_gas_harmonica,Np,Gp,Cp,Wp,acum_BOE,RGA,corte_agua
MIQUETLA-122,0.06695599999999999,0.038145507366532,0.9999999999999999,0.0015771768992632823,0.0031495879314074045,1.6750556782172743,0.038145995759345505,0.0015772587167831968,0.0022956774145215415,0.0003280480007639145,0.03437537834707005,0.000843058685908491,0.0018697003361568575,0.00016803876781616605,aceite_Mbd,2020-02-01,658.0,2060.0,VERTICAL,1966-01-01,5e-45,0.5,5.0,5e-45,0.5,10.0,PRODUCTOR,0.17252874800940654,0.1702527648771562,0.17025276495320987,1.2236382048235126,1.2236382048235126,1.2236382048235126,0.38936775273993585,0.32574644287746585,0.0,0.09011172836084193,0.44365882655284644,1019.3644125960313,0.31528984445200214
MIQUETLA-57,0.068985,0.04577773530791825,0.9999999999999757,0.004178474595792181,0.002922634221551749,0.41532570602920127,0.04577774853932034,0.004178477951169858,0.0022015169444398086,0.0004781573495839169,0.04083204062095576,0.002121669386145747,0.001586468669917502,0.00015378538250863637,aceite_Mbd,2019-11-01,653.0,2150.0,VERTICAL,1966-03-01,5e-45,0.5,5.0,5e-45,0.5,10.0,PRODUCTOR,0.10157267673360397,0.09944575469802747,0.09944575469803636,31.535420651981664,31.535420651981664,31.535420651981664,0.35195973383704277,1.55720333202213,0.0,0.1006559094481393,0.6114936225073981,11053.544174057999,0.36999420420319495
MIQUETLA-64,0.102666,0.042231201497120896,0.9999999999999999,0.009305985528863287,0.0032477413733162947,0.30186847218125246,0.042231079611836385,0.00930590567077772,0.002529424497081985,0.001338376625894496,0.033267289257136255,0.0030265700270455456,0.0016240903843766728,0.0002656976232004162,aceite_Mbd,2020-02-01,656.0,2156.0,VERTICAL,1966-03-01,0.10834074643121136,0.9719725468968636,0.012327605366673823,5e-45,0.5,10.0,PRODUCTOR,0.043947204884890956,0.04052916076147292,0.040529160759895266,0.30167544853362566,0.2796439485632824,0.2796590312403242,0.14595970809778755,0.3150133330140757,0.0,0.042171105049472656,0.19846193026680026,2080.751008915829,0.44402685421910204
MIQUETLA-2,0.015826,0.015825999994939333,0.999997157913201,1.2630580324066085e-12,0.002033335243174785,16309511.180091668,0.015825999946625858,6.381725466767821e-10,0.002027410810892482,0.00033004473793261284,0.0157641796875,5.0,0.02330547717597849,0.0,aceite_Mbd,2020-02-01,632.0,2414.6,VERTICAL,1968-03-01,0.015834999999999995,0.9998584349999937,2.3211056544052876e-20,5e-45,0.5,10.0,PRODUCTOR,0.17815164737921785,0.07864336464250071,0.0786433669695676,0.4386569525411239,0.2511233689617425,0.25112336912732086,0.17289077367712682,0.2560279419039619,0.0,0.020630419696329998,0.21556209732778736,1829.6167851655237,0.14274338201637468
MIQUETLA-3,0.214692,0.201698722580488,0.9999999999998138,0.02657533834865868,0.019072466484154307,0.11982932024676139,0.2016928089603669,0.026574269008218226,0.01866869282871208,0.0031489124811564843,0.2146395849609375,5.0,0.031126066863521776,0.0,aceite_Mbd,2020-02-01,631.0,2100.4,VERTICAL,1968-04-01,0.010593999999999682,5.983985507107548e-08,1.026344060034964e-18,5e-45,0.5,10.0,PRODUCTOR,0.45147572989087165,0.1699751803781399,0.16997518037912876,6.655455407389809,6.070612182182837,6.070612182521921,0.3239930036133431,0.9024469307223516,0.0,0.021140492323695467,0.47440082540040185,3605.261393036768,0.05639931965269357
MIQUETLA-4,0.259708,0.25970799999999983,0.44163671702519186,0.025047798712295028,0.011605193518721546,0.07786450398854004,0.25970799917713505,0.060979950680048293,0.012165106169583773,0.00425270532113448,0.25964459472656254,5.0,0.021540616886039858,0.0,aceite_Mbd,2019-05-01,621.0,2100.0,VERTICAL,1968-05-01,0.08828699995298234,9.102742566247263e-13,0.00503810052577007,5e-45,0.5,10.0,INACTIVO,0.11878353301277325,0.03438151974550006,0.03792751677459199,0.41931103144116544,0.20463018718872952,0.21988793027677206,0.122207626771312,0.18367046501084733,0.0,0.017617583917349855,0.1528193709397866,1892.6520660416202,0.15357589783448056
MIQUETLA-5,0.208192,0.03100597884822516,0.9999999999999999,4.221028880782005e-18,0.004215970285600406,0.0,0.03100597880275348,2.724556655415251e-16,0.004209558159780312,0.0004424217698815963,0.20814117187499998,5.0,0.04157766096529456,0.0,aceite_Mbd,2009-10-01,503.0,2244.0,VERTICAL,1968-06-01,0.024822356443639938,0.9999999999999999,2.434757454336743e-15,5e-45,0.5,10.0,INACTIVO,0.5687429222524983,0.29387311870085214,0.29387311870086175,0.5876933184417131,0.3837478693679524,0.383747869369006,0.30788936999999983,0.24648599999999996,0.0,0.3287812200000001,0.3489703699999998,1122.77373609274,0.6514577500523998
MIQUETLA-6,0.319157,0.3191569999991556,0.1862866582931328,0.01701227052217432,0.014787976348201618,0.07763649471076536,0.31915699980066115,0.05255383815455344,0.016682437669673967,0.003963326841133043,0.3190790808105469,5.0,0.03491977558715076,0.0,aceite_Mbd,1995-11-01,333.0,2335.0,VERTICAL,1968-07-01,0.3294012181669761,1.1161239972569148e-08,0.007834365206195426,5e-45,0.5,10.0,INACTIVO,0.2011994699644001,0.03594749154332947,0.04597546309978201,2.011882358407374,0.8291872897531946,0.987680380686005,0.1467423,0.34801235999999974,0.0,0.013466549999999999,0.20474435999999996,2067.7920951240403,0.06570822522389991
MIQUETLA-7,0.197216,0.197119703125,0.5,10.0,inf,inf,0.19711970312500002,10.0,inf,inf,0.197119703125,5.0,inf,inf,aceite_Mbd,1968-08-01,0.0,2095.0,VERTICAL,1968-08-01,5e-45,0.5,5.0,5e-45,0.5,10.0,INACTIVO,9.273088134768052e-09,9.273088134768052e-09,9.273088134762707e-09,2.5e-89,2.5e-89,2.5e-89,0.00591648,0.0,0.0,0.00699993,0.00591648,0.0,1.1831240872951485
MIQUETLA-8,0.16206700000000002,0.1620616742540107,0.9999999999999999,0.04591669736706743,0.006465862212358992,0.46046936598620747,0.16206174510909607,0.04591671864844087,0.006430909078018067,0.004252585049091191,0.16198786572265628,5.0,0.010705553760234044,0.0,aceite_Mbd,2018-04-01,604.0,2220.1,VERTICAL,1968-09-01,0.007549999999999049,5.854477579808615e-11,6.94102949845632e-19,5e-45,0.5,10.0,INACTIVO,0.0106586259621333,0.003846279664237244,0.003846279664086362,1.5035239738109905,1.448158110243788,1.4481581102437835,0.02857332665743039,0.12075714752593199,0.0,0.02949757453052551,0.04869951791175237,6919.422330153866,0.9381558525849832
MIQUETLA-9,0.127419,0.12481923541163874,0.9999999999999999,0.0373447496825422,0.009105960094836621,0.23413451333784302,0.12481918734168289,0.0373447197957893,0.009078093645185996,0.004110230974395599,0.12735678369140624,5.0,0.01272834129173929,0.0,aceite_Mbd,2020-02-01,625.0,2145.0,VERTICAL,1968-10-01,0.015460764455133127,0.0020036066117075533,4.985764738137217e-13,5e-45,0.5,10.0,PRODUCTOR,0.03402224112818903,0.01733088978528116,0.01733088978531985,0.143964810855907,0.09328893159957019,0.09328893162154567,0.06643874363936814,0.09833085504218556,0.0,0.022206897359093387,0.0828272194797324,1966.167175725187,0.20553867698522438
MIQUETLA-11,0.128028,0.12802799999982015,1.875753746672193e-08,0.008376748086760538,0.014358788366970137,0.10878658419156727,0.12802799999999998,0.0186858980001315,0.020119452363862343,0.004131445747201713,0.127965486328125,5.0,0.036587989697350734,0.0,aceite_Mbd,2010-12-01,511.0,2027.0,VERTICAL,1968-12-01,0.18881597859615462,5.0788894416948274e-08,0.006958846772103786,5e-45,0.5,10.0,INACTIVO,0.3145900326719592,0.08199467871626143,0.10641594308262493,1.3661897400419758,0.6204995883972522,0.683261506587489,0.17676407999999982,0.33033024000000005,0.0,0.0070339800000000004,0.23181912000000007,1983.2305080124231,0.039562417427802296
MIQUETLA-12,0.14852,0.13312057535785446,0.37487647513323274,0.012929938372497568,0.017955529023938415,0.15799519041739754,0.14851999999972124,0.028838599152584667,0.018375576009619532,0.00471398910737342,0.14844748046875,5.0,0.02814686711581979,0.0,aceite_Mbd,2012-04-01,527.0,2082.8,VERTICAL,1969-01-01,0.02165999999619745,0.9999999999999983,3.4198332838717135e-14,5e-45,0.5,10.0,INACTIVO,0.20202276275108244,0.0854377574976611,0.08837100773795932,1.0826617641617464,0.7798459897965668,0.779845989770529,0.14563625999999982,0.29320550999999995,0.0,0.012828000000000006,0.19450384499999993,2190.2546721002277,0.06394433830630719
MIQUETLA-13,0.239686,0.23535096434425465,0.9999999999999999,0.0693480351048925,0.01616355315887105,0.1521894717543828,0.23535077489147727,0.0693479357409943,0.016106128037708757,0.006748021101538127,0.23962748291015626,5.0,0.024408587556987625,0.0,aceite_Mbd,2020-02-01,621.0,2075.5,VERTICAL,1969-02-01,0.08429964277707798,2.0190199467261687e-08,0.004693741095077329,5e-45,0.5,10.0,INACTIVO,0.16086036956232538,0.07030681408734703,0.07030681408756788,0.5771564702269498,0.26035933581742426,0.27326958659797884,0.14247102092416,0.2395197476269458,0.0,0.015305712459319281,0.1823909788619844,1919.772274936627,0.11948272962221769
MIQUETLA-14,0.116666,0.0761120365009609,0.23281509741790116,0.008998753922903764,0.01270346142326553,0.22076709793624572,0.0829157792474076,0.01776076515110868,0.01366952602762588,0.0042550872041596174,0.05823100000054436,5.0,0.024705792945089036,0.0,aceite_Mbd,2020-02-01,620.0,2032.0,VERTICAL,1969-03-01,0.19847962443895376,4.47100737258673e-09,0.008447833052122922,5e-45,0.5,10.0,PRODUCTOR,0.14343840818571865,0.049082174103656194,0.051822081436308454,1.0871268253531687,0.5130862292429769,0.5713099382900345,0.12025576883652182,0.27341228482239704,0.0,0.006007882179050367,0.16582448297358804,2216.491082207319,0.09873132022915197
MIQUETLA-15,0.16008599999999998,0.16008599999969653,7.51380383632531e-10,0.008536337255280059,0.018980191044264415,0.008673631682525301,0.16008599999999995,0.020118634970431995,0.027200737840354736,0.004691473661277658,0.10818499717068457,5.0,0.04253110234428524,0.0,aceite_Mbd,2020-02-01,619.0,2054.0,VERTICAL,1969-04-01,0.20014226800399795,7.516723147763298e-11,0.007724504759823942,5e-45,0.5,10.0,PRODUCTOR,0.39614793198979437,0.1238417451746215,0.16968529599901994,1.00227213128954,0.522147497658921,0.5704807158822836,0.1657730241348808,0.24857098488004054,0.0,0.010650026441465867,0.2072015216148876,2121.3717379559653,0.1691092484799901
MIQUETLA-16,0.094753,0.09475299999999999,3.4721727683205522e-12,0.004321391455892515,0.004331447982832656,3.852077096760055e-05,0.09475299999999999,0.007226856615023657,0.018287761262470892,0.002431120412510152,0.0946604677734375,5.0,0.050248032607912205,0.0,aceite_Mbd,2020-01-01,617.0,2071.5,VERTICAL,1969-05-01,0.07092984708221813,0.748490537203255,2.2651483134887693e-19,5e-45,0.5,10.0,PRODUCTOR,0.8938021324618961,0.31707942248690635,0.3589998759587,4.434989369262556,2.643937982387274,2.6439379823872744,0.34903501662449665,0.7575307667354546,0.0,0.005599294782330111,0.4752901444137386,3172.1246004592904,0.031410508967859664
MIQUETLA-17,0.06499500000000001,0.01704922776327651,0.9999999999999999,0.0006218780084078434,0.004385285752217954,16.025257613594526,0.01704883475350038,0.0006217890336060465,0.001838966152713935,0.00037541964325876997,0.06493152832031251,5.0,0.017267741015995236,0.0,aceite_Mbd,2020-02-01,617.0,2092.4,VERTICAL,1969-06-01,0.02909718296631376,0.9999999999999999,5.412437077217273e-18,5e-45,0.5,10.0,PRODUCTOR,0.07752546874682589,0.029542820181294584,0.02954282016848447,0.644112919886014,0.42229164977350336,0.4222916497735033,0.11056617084766805,0.22870385816470193,0.0,0.006885311038048414,0.1486834805417849,2221.6115273651926,0.06955400574334158
MIQUETLA-18,0.372113,0.3721129999999213,0.7333524427409095,0.03026086038489357,0.017750141595016807,0.08452171450711131,0.3721129994580524,0.045776070348067605,0.01789686642739663,0.0029966149596799985,0.3720221520996094,5.0,0.035370290786266315,0.0,aceite_Mbd,2014-01-01,542.0,2070.0,VERTICAL,1969-07-01,0.21267133157850945,0.39334309389110167,0.006131628669813886,5e-45,0.5,10.0,INACTIVO,0.38282358591334104,0.09614981707935935,0.09830787170409583,2.601284408046016,1.3781900363650326,1.3964072018988927,0.26208609,0.53330652,0.0,0.012039569999999998,0.3509705100000003,2498.2752651827313,0.05886009759293094
MIQUETLA-19,0.336809,0.32629637317418214,0.9999999999998719,0.0321350237809854,0.02402793326138863,0.10144593040705674,0.32629669129659805,0.032135067758250105,0.02359990775751696,0.003026174949817899,0.3367267712402344,5.0,0.048516832769741614,0.0,aceite_Mbd,2020-02-01,615.0,2064.0,VERTICAL,1969-08-01,0.07816299999901653,0.9999999999999897,0.00011050006669569525,5e-45,0.5,10.0,PRODUCTOR,0.8874139143766668,0.2179912563831428,0.21799125638275532,5.3281590714533005,2.963636520011709,2.963636519999639,0.4367053477654963,0.8975444147160487,0.0,0.018483456823272876,0.5862960835515052,2415.3571666390058,0.0724730881865809
MIQUETLA-20,0.220353,0.22035299999999997,0.4866459275167017,0.024197153861749025,0.020443316602211575,0.12361249428024756,0.22035299999999997,0.045604469453374694,0.020785750623838525,0.005813446007223423,0.22029920288085936,5.0,0.03214789182073374,0.0,aceite_Mbd,2018-07-01,594.0,2130.0,VERTICAL,1969-09-01,0.054124287692740414,0.9999999998883934,7.749194137999387e-19,5e-45,0.5,10.0,INACTIVO,0.26560614576902314,0.10814122153237714,0.11235024172861155,2.853850029545608,2.0951254463618163,2.0951254463618176,0.16262750252963717,0.42054571537187985,0.0,0.01686530139365981,0.232718455091617,2758.429382344971,0.13764068185135625
MIQUETLA-21,0.363997,0.36283346952393775,0.9999999999999999,0.09525671629633657,0.021491493863678303,0.2246559188493979,0.3628334766065769,0.09525671966793334,0.02143400515706314,0.009480997041609688,0.3639081335449219,5.0,0.030000822165930002,0.0,aceite_Mbd,2020-02-01,613.0,2078.0,VERTICAL,1969-10-01,0.03690999997374052,1.4317176502252922e-08,0.0010968225628906298,5e-45,0.5,10.0,PRODUCTOR,0.18631021144077373,0.09515316434887333,0.09515316434887243,0.6132982394786315,0.3731102732664625,0.3754324016799319,0.12853576263123392,0.2039927781780708,0.0,0.006143613686590959,0.16253455899424585,1714.99447225539,0.04069204330118164
MIQUETLA-22,0.377598,0.37564941233398275,0.9598131945980509,0.07343131224027628,0.014246327350793571,0.07367270426856408,0.3762694453441025,0.07901481243556159,0.014214946753776948,0.004368337743605752,0.37750581298828123,5.0,0.02600426269519633,0.0,aceite_Mbd,2020-02-01,612.0,2100.0,VERTICAL,1969-11-01,0.02577999999998199,0.9960810379728872,1.0767405515645653e-15,5e-45,0.5,10.0,PRODUCTOR,0.26372645454510407,0.0790011681958952,0.07905632633275442,2.7252585982433972,2.1510966215499994,2.1510966406361125,0.22183569662685093,0.4856604734048059,0.0,0.014675622988434302,0.30277910886098586,2366.7195765861643,0.08240074675216054
MIQUETLA-23,0.5113,0.5112375540467116,0.9999999999999999,0.12498970824471174,0.0023585829747997077,8.960295644832428,0.5112375440435106,0.12498970575409046,0.00227860764984034,0.00916625543620476,0.5112375854492188,5.0,0.008475805702414173,0.0,aceite_Mbd,2012-06-01,517.0,669.0,VERTICAL,1969-12-01,0.008487955550380458,0.9999999999967242,2.2890089118325864e-11,5e-45,0.5,10.0,INACTIVO,0.0010775892345761494,7.788079108621068e-05,7.788079233449528e-05,0.0019695466333476564,0.0004303299680715538,0.0004303301528825103,0.01914003,0.00488454,0.0,0.00364662,0.019954120000000002,1169.2362128877494,0.08891859901508202
MIQUETLA-23A,0.293592,0.29359199999856667,0.8189938444287985,0.04175984998569617,0.01265287052742621,0.08983693005029858,0.2935919999414051,0.057141597352809506,0.012677463166268773,0.0034175082618285797,0.293520322265625,5.0,0.023424155546671814,0.0,aceite_Mbd,2020-02-01,610.0,2108.0,VERTICAL,1970-01-01,0.050929860730331004,0.9999999978110473,0.0016455164293968604,5e-45,0.5,10.0,PRODUCTOR,0.20136962014840604,0.058609577264764505,0.059079185432755144,0.6793997816188273,0.2440578312396434,0.2440578312274808,0.20596590969687284,0.37677282268252216,0.0,0.011217228154690057,0.2687613801439598,2703.9337551385815,0.045626330127331555
MIQUETLA-24,0.171622,0.16394055921191514,0.9999999999999999,0.057085085555839236,0.011085365514494037,0.11666911609267076,0.16393954840849245,0.057084479593073785,0.011031452834379809,0.005369342028775547,0.1715382001953125,5.0,0.016411294872308208,0.0,aceite_Mbd,2020-02-01,609.0,2040.0,VERTICAL,1970-02-01,0.01963474567633015,0.9999999999999999,4.191225208771123e-17,5e-45,0.5,10.0,PRODUCTOR,0.09184173439057475,0.04181668092277949,0.04181668092310469,0.3347802789154493,0.20254580363140057,0.20254580363242397,0.14270883525002362,0.20204153303494318,0.0,0.019179335948271984,0.1763824240891805,1569.9562455587118,0.17556161955317562
MIQUETLA-25,0.168404,0.1681243876527358,0.9999999999999999,0.033019988116686015,0.014118881893505495,0.31842147124353504,0.1681243957357831,0.03301999018257127,0.014073316316730769,0.004051382849980312,0.168321771484375,5.0,0.020014398517216404,0.0,aceite_Mbd,2020-02-01,608.0,1995.0,VERTICAL,1970-03-01,0.027005543182121068,4.267408974800713e-09,2.5711165968258775e-13,5e-45,0.5,10.0,PRODUCTOR,0.07410658738110154,0.0366804272713224,0.036680427271322154,0.350099990708179,0.21372099810667372,0.21372099810667589,0.08074126690470917,0.1515011019941993,0.0,0.016939758773445526,0.10599145057040907,3236.95800179989,0.2917908569838542
MIQUETLA-26,0.313861,0.3099404065204883,0.9999999999999999,0.022224773794748243,0.01872927091513952,0.32342314403214006,0.3099404073077822,0.022224773879846383,0.0186869222225396,0.0017899219760473624,0.3137843737792969,5.0,0.033834359074633114,0.0,aceite_Mbd,2020-02-01,607.0,2005.0,VERTICAL,1970-04-01,0.07127999451133354,2.5162124868988387e-09,0.0004409191055268909,5e-45,0.5,10.0,PRODUCTOR,0.2964938381837229,0.09050333784848073,0.09050333784848062,1.8346624552749669,0.9375943367389057,0.9381010991030563,0.23987468838302997,0.4578387869477866,0.0,0.035661949099147064,0.31618115287432774,2496.504860345839,0.16363630870084914
MIQUETLA-27,0.361156,0.36115599834514756,0.8787518055536023,0.026592900097163166,0.01194453936030466,0.18729642319943804,0.36114426741291905,0.033446910227832735,0.011929344490734545,0.0016238354351961388,0.3610678271484375,5.0,0.02593106747164194,0.0,aceite_Mbd,2020-02-01,606.0,2004.0,VERTICAL,1970-05-01,0.03204099999894793,9.68414240909432e-07,7.900326422050077e-15,5e-45,0.5,10.0,PRODUCTOR,0.18760525260105826,0.03966294773029206,0.03971089633580191,0.7756123365155352,0.40439053687586834,0.40439053691123517,0.20058991700257958,0.30884036644632684,0.0,0.279602308593055,0.25206331141030053,2067.1713808098434,1.7346045386892919
MIQUETLA-28,0.222449,0.22085554130608695,0.9999999999999999,0.015354906531276045,0.015815878912059374,0.30847565392187126,0.22085558032503194,0.015354910040508141,0.015763029927752203,0.0014141119709145987,0.2223946911621094,5.0,0.03286782519150769,0.0,aceite_Mbd,2020-02-01,605.0,2049.7,VERTICAL,1970-06-01,0.06185799999893084,1.4557354322389748e-06,0.0009929601725989464,5e-45,0.5,10.0,PRODUCTOR,0.2592705438766817,0.05978569195792309,0.059785691957892434,0.8214565698863188,0.3965140949605819,0.40075853994649185,0.21505017426315326,0.29603441040062656,0.0,0.19448126104397306,0.26438924266325753,1917.208046542548,0.9490370008871589
MIQUETLA-29,0.25747600000000004,0.24987739901714115,0.9999999999999994,0.06497906455957879,0.01659820061673272,0.12026282129346834,0.2498788067498088,0.06497969182407635,0.016521211457918423,0.006001874348501403,0.25741313964843754,5.0,0.02555462289704053,0.0,aceite_Mbd,2018-07-01,584.0,2020.0,VERTICAL,1970-07-01,0.1940602157311881,0.8133416215448617,0.012631019208041269,5e-45,0.5,10.0,INACTIVO,0.2063602454455436,0.0868413593655322,0.08684135936070386,2.9154422254477046,2.108607028691306,2.1104161931090384,0.19111691791961768,0.4250489873193121,0.0,0.021097179280667303,0.2619584158061696,2369.412685434879,0.7888505570000427
MIQUETLA-30,0.268838,0.26356824238940035,0.9999999999999999,0.04866468675742112,0.012715489228202426,0.07908437851073537,0.26356780799767954,0.048664569109510704,0.012585559754239806,0.0030640216228288732,0.2687723657226563,5.0,0.03230226044225109,0.0,aceite_Mbd,2018-03-01,579.0,2028.0,VERTICAL,1970-08-01,0.13210491595799567,2.6567056349664166e-13,0.00523894665476265,5e-45,0.5,10.0,INACTIVO,0.324508605230175,0.050207022809702184,0.050207022810157174,1.2954290807868052,0.4648578441965735,0.5016889630099167,0.2598834302422996,0.4220581569054866,0.0,0.013486336237596567,0.3302264563932141,1614.285062469092,0.18228416570427386
MIQUETLA-31,0.25222100000000003,0.25073878906938246,0.9999999999999999,0.0803369491702259,0.011056410239124173,0.11115774601484396,0.2507387851867342,0.08033694727439337,0.011023964911804246,0.005322818587079528,0.2521594226074219,5.0,0.02070724115255259,0.0,aceite_Mbd,2020-02-01,602.0,2030.0,VERTICAL,1970-09-01,0.018397999999938505,5.68212459639561e-07,8.789973706688967e-15,5e-45,0.5,10.0,PRODUCTOR,0.10419593018444209,0.029588779373535105,0.0295887793735376,0.3480361612876171,0.20118668339789464,0.20118668340633647,0.12277187560918316,0.18733990790170957,0.0,0.012916464345321118,0.1539951935928016,2192.7197865570724,0.19955811480653918
MIQUETLA-32,0.320983,0.32045994262882177,0.9999999999999999,0.04264154553116138,0.010127303337119005,0.2884106386164559,0.3204599460277015,0.04264154638489898,0.010101189015440482,0.0024348531136549746,0.3209046350097656,5.0,0.019252655017456367,0.0,aceite_Mbd,2020-02-01,601.0,2029.0,VERTICAL,1970-10-01,0.05235508184978055,0.7503873996572397,4.622467618462861e-19,5e-45,0.5,10.0,PRODUCTOR,0.07265028614335281,0.01999964965986705,0.019999649659866968,0.9468406689199607,0.4041118498456354,0.4041118498456355,0.11098952752039144,0.3109891861861589,0.0,0.015848320925207104,0.16282105855141796,3132.8282500717187,0.14424484171269109
MIQUETLA-33,0.27738,0.27737999999999996,2.225669968136722e-12,0.01223798274716241,0.008760588848941842,1.954032469713083e-05,0.2773799999998479,0.040199609986391265,0.020758693718101205,0.004026037997723683,0.2773122802734375,5.0,0.03858422269150419,0.0,aceite_Mbd,2015-12-01,549.0,2066.5,VERTICAL,1970-11-01,0.1683709989903502,2.638031927209043e-09,0.00577950765100464,5e-45,0.5,10.0,INACTIVO,0.3260345507149614,0.06709379390846658,0.09488221383374018,1.164255251270879,0.3996958984491805,0.4673980830173175,0.18925250999999998,0.32849465999999994,0.0,0.005960759999999998,0.2440016199999999,2018.53588812366,0.0454435584838639
MIQUETLA-34,0.26782399999999995,0.2677586051756353,0.9999999999999999,0.4507419844574286,inf,inf,0.2677586131011969,0.4507419978635268,0.00034227348082044475,0.060548769715366185,0.26775861328124995,5.0,0.0025881710575209075,0.0,aceite_Mbd,1998-04-01,333.0,2032.0,VERTICAL,1970-12-01,0.003038660619010672,0.9999999999996427,1.0595636041598689e-11,5e-45,0.5,10.0,INACTIVO,6.698629422988892e-06,1.171521721838522e-07,1.1715113567320474e-07,7.15398334572754e-05,4.383501072672699e-05,4.3835010968563564e-05,0.008143859999999998,0.00027347999999999994,0.0,0.0017396700000000002,0.008189439999999997,1844.8438926168337,0.09961381813433486
MIQUETLA-35,0.292171,0.2862314166433963,0.9999999999999999,0.040735726982122446,0.015358745377910968,0.058864395990858215,0.2862302675667975,0.040735491062653284,0.014639391362903816,0.0028277084086249338,0.2920996691894532,5.0,0.042232561864467416,0.0,aceite_Mbd,2020-02-01,598.0,2000.0,VERTICAL,1971-01-01,0.19878699999999996,0.5818062335795748,0.007602017635604155,5e-45,0.5,10.0,PRODUCTOR,0.738405962597332,0.09950093939310767,0.09950093939506613,3.660190011495909,1.324058693200226,1.3388693358620205,0.4203736201075073,0.8102214512510791,0.0,0.027762752931302606,0.5554105286493537,2237.06740648104,0.08817836026392863
MIQUETLA-36,0.266418,0.25415184456603795,0.9999999999983178,0.03918504070035568,0.02008779412156665,0.1275773046562353,0.2541473259000958,0.039184023135643474,0.019940411873064553,0.003989087861036591,0.26635295654296876,5.0,0.03202437167293861,0.0,aceite_Mbd,2020-02-01,597.0,2001.0,VERTICAL,1971-02-01,0.0131229999822631,9.537006619209087e-06,1.6206434343544327e-13,5e-45,0.5,10.0,INACTIVO,0.39381518632186086,0.15473920331762242,0.15473920330003843,1.3371452383250357,0.9954358479410528,0.995435847557594,0.2827344589823911,0.46656670266165273,0.0,0.02033078326380356,0.36049557609266675,2280.792779671318,0.10462858059220638
MIQUETLA-37,0.266809,0.25801750488478253,1.1856975845053185e-08,0.011752416891590471,0.02294407466407211,0.07724666815525086,0.2668089999999968,0.02858077889892944,0.034572731472801786,0.005197378486196617,0.2667438610839844,5.0,0.06787494710321322,0.0,aceite_Mbd,1999-08-01,346.0,2030.0,VERTICAL,1971-03-01,0.253695997459188,5.120563179097189e-09,0.00575355533901422,5e-45,0.5,10.0,INACTIVO,1.0135418577380784,0.23128088246712014,0.29355280561651115,5.4368968960720165,2.330022812983881,2.546088846807588,0.3204242400000002,0.6730037099999997,0.0,0.004132200000000002,0.43259152500000014,1973.451229314751,0.022005182920377907
MIQUETLA-38,0.290589,0.29058899999999993,1.4076285578951915e-07,0.01352775140900703,0.02438119183605981,0.11775289424677074,0.29058899999999993,0.043610275379314244,0.027199964320843536,0.005663134534915374,0.2905180554199219,5.0,0.045928545793085744,0.0,aceite_Mbd,1999-03-01,340.0,2020.0,VERTICAL,1971-04-01,0.2027392844341575,2.7194723428901178e-09,0.007524390337733582,5e-45,0.5,10.0,INACTIVO,0.31008640384413344,0.08774741729190971,0.10910383453570673,1.0224708504700635,0.4291361492716636,0.4846049657501799,0.1538194199999999,0.24484572000000004,0.0,0.00347505,0.19462704000000008,2150.904655908168,0.011374917443180099
MIQUETLA-39,0.387533,0.3872057381234859,0.9999999999999999,0.07196510102864505,0.013118529535324533,0.30809626748276153,0.387205778928868,0.07196511004951872,0.013071784451419929,0.006431295462916804,0.3874383874511719,5.0,0.019089240416283525,0.0,aceite_Mbd,2020-02-01,594.0,2045.0,VERTICAL,1971-05-01,0.014135947422797942,0.9967008038556553,5.745240896696146e-16,5e-45,0.5,10.0,PRODUCTOR,0.05138027305356481,0.02409341890404327,0.024093418904006902,0.07244390635452248,0.043868909816228416,0.04386890981628106,0.0765798750570537,0.0606432317252517,0.0,0.057956167636637086,0.0866870803445956,1385.6982139956122,0.7462406723363395
MIQUETLA-40,0.222659,0.22018982349216337,0.9999999999999999,0.05920733488273668,0.012066667285739532,0.15253922455163135,0.22018982214067026,0.05920733413385298,0.012036901647847952,0.004851556945608399,0.22260463989257812,5.0,0.018461032173922982,0.0,aceite_Mbd,2020-02-01,593.0,2060.0,VERTICAL,1971-06-01,0.02977473384034535,0.999999999999981,0.0010848192288292753,5e-45,0.5,10.0,PRODUCTOR,0.09338186024589373,0.03975240351021598,0.03975240351021618,0.2840706249006364,0.14621282216024736,0.14621282216522777,0.12948584456507983,0.18439126720925028,0.0,0.017536366431683558,0.16021772243328838,1693.238811425466,0.1612882122893645
MIQUETLA-41,0.197419,0.1639678946119797,0.9999999999999999,0.02810620970931744,0.016919105024815893,0.12435786381595,0.16394684732165957,0.028100948603849027,0.015678862943727376,0.0037244903124443833,0.19732260400390628,5.0,0.03379793924802238,0.0,aceite_Mbd,2020-02-01,592.0,2040.4,VERTICAL,1971-07-01,0.07945799998466446,1.8458061231332455e-10,0.0017953902263184035,5e-45,0.5,10.0,PRODUCTOR,0.3929514399100759,0.1008612876980799,0.10086128781679848,2.942435088474336,1.4952268639532487,1.5111191448335943,0.2923580690642849,0.6234777101577242,0.0,0.015485220039657598,0.3962710207572391,2087.044303097092,0.07510039041776637
MIQUETLA-42,0.164549,0.1640381463695215,0.9999999999999999,0.03550512396347823,0.006384198629863682,0.25881865957729033,0.1640381581558304,0.03550512856811403,0.006361424987511099,0.002370736678550342,0.16446865380859374,5.0,0.012639344059424797,0.0,aceite_Mbd,2020-02-01,591.0,2025.0,VERTICAL,1971-08-01,0.02365626829414109,1.7516045345278286e-06,4.4066889983695066e-16,5e-45,0.5,10.0,PRODUCTOR,0.023004434628362436,0.005828405245625374,0.005828405245624436,0.17435158333624917,0.09264719617170818,0.09264719617189693,0.0539868751751578,0.1036144554896565,0.0,0.01010193536450283,0.07125595109010052,2114.937855014935,0.17571537477387236
MIQUETLA-43,0.187017,0.1864914604466202,0.9999999999999999,0.03263707298125784,0.012299718323358941,0.6335706884563315,0.18649147074537667,0.03263707731715962,0.012225711832526772,0.00472165191582382,0.18692568310546873,5.0,0.016558444487406954,0.0,aceite_Mbd,2020-02-01,590.0,3117.0,VERTICAL,1971-09-01,0.002121999940066882,0.0039813369055531345,1.2590320065504054e-13,5e-45,0.5,10.0,PRODUCTOR,0.023031295042773167,0.01255649875459828,0.012556498754597025,0.058012800685898286,0.051614243396688325,0.05161424329921444,0.03664712166976512,0.04796749118327822,0.0,0.009481235542943998,0.044641703533644835,2121.548672109731,0.6966991508304633
MIQUETLA-44,0.145477,0.029198019958979003,0.9999999999999999,0.002808187925486087,0.0051472531970925585,1.5199487014906101,0.029196851542644786,0.002807814064938881,0.003658659320280933,0.0010490882140036415,0.14522100211074984,0.6669233278474497,0.022763949306966732,0.5436442273101124,aceite_Mbd,2020-02-01,588.0,2035.0,VERTICAL,1971-10-01,0.037926772241419174,9.827916466198516e-07,4.722606504868888e-12,5e-45,0.5,10.0,PRODUCTOR,0.12126781968923157,0.05980358236702611,0.059803582242470815,0.41417353753928193,0.4141735375940049,0.4141735375391311,0.13138930352207845,0.2685216012622699,0.0,0.012603128698121698,0.17614290373245695,2135.373357380203,0.1490339817319413
MIQUETLA-45,0.196032,0.19603199999988782,0.5697958521762827,0.020772861987438367,0.01873273580891245,0.1388719994298417,0.19603199999999998,0.036077921031696755,0.018881594935846194,0.004635486635095172,0.19593628125,5.0,0.029297966297289087,0.0,aceite_Mbd,2020-02-01,587.0,2030.0,VERTICAL,1971-11-01,0.11330416291913195,0.32583599071447106,0.006603080749137358,5e-45,0.5,10.0,INACTIVO,0.2103008531434864,0.08589167773347031,0.08805972637859878,0.6460187856385928,0.3571952064117272,0.3626366963681586,0.15176663346591884,0.2307798221509137,0.0,0.01115477836112579,0.1902299371577379,1696.152451993218,0.10850632128221424
MIQUETLA-46,0.172056,0.1652450640642832,0.9999999999998836,0.0827737193726906,0.009362548267965277,0.10420886100125037,0.16524552868382503,0.08277415654326586,0.009322239187655986,0.006822884363752459,0.17197198828125,5.0,0.01464344567498187,0.0,aceite_Mbd,2015-10-01,534.0,2076.0,VERTICAL,1971-12-01,0.02628744694428348,0.9999999999999999,3.630996225871151e-18,5e-45,0.5,10.0,INACTIVO,0.06625902488196889,0.027018762437155223,0.02701876243612197,0.47978841536193984,0.2648781239388746,0.26487812393887833,0.11716248000000005,0.24526188000000018,0.0,0.013093740000000003,0.15803945999999996,2481.411342973281,0.15176519685201872
MIQUETLA-47,0.339446,0.25428982151581875,0.1675884286429151,0.01456232582881385,0.02050279125363256,0.07658227872387587,0.24726857517598846,0.03379834263935933,0.023430707697054035,0.004211513568291995,0.18524499924535442,5.0,0.04208900612583507,0.0,aceite_Mbd,2020-02-01,585.0,2062.0,VERTICAL,1972-01-01,0.18136619412257093,0.8393306647288545,0.011795095243484878,5e-45,0.5,10.0,PRODUCTOR,0.6731640859310213,0.17634266201636395,0.2200745318331758,1.6798171298151354,0.7344606548460969,0.7355703685956116,0.302813259764011,0.5199138318299324,0.0,0.01296458262298488,0.38946556506900004,2411.1812487290667,0.07211382384010241
MIQUETLA-48,0.272413,0.27241299999992585,0.9999999999407263,1.1824160314873156,inf,inf,0.2723464929360044,1.1821151866786999,inf,inf,0.2723464929199219,5.0,inf,inf,aceite_Mbd,2013-03-01,500.0,2042.0,VERTICAL,1972-02-01,0.0011078862471623685,0.9998626841352937,1.899205172773875e-12,5e-45,0.5,10.0,INACTIVO,2.160231917005154e-07,2.059174505368556e-17,4.423189561319562e-09,4.9243282226562495e-06,2.4597644832265607e-06,2.4597645788938694e-06,0.008186190000000001,6.654e-05,0.0,0.0032684100000000002,0.008197280000000001,2410.869565217391,0.2737548278277596
MIQUETLA-49,0.231505,0.23144848022460937,0.5,10.0,inf,inf,0.23144848022460937,10.0,inf,inf,0.23144848022460937,5.0,inf,inf,aceite_Mbd,1972-03-01,0.0,2060.0,VERTICAL,1972-03-01,5e-45,0.5,5.0,5e-45,0.5,10.0,INACTIVO,3.194485010205874e-09,3.194485010205874e-09,3.194485010205874e-09,2.5e-89,2.5e-89,2.5e-89,0.00694515,0.0,0.0,0.00276954,0.00694515,0.0,0.39877324463834474
MIQUETLA-50,0.218675,0.21867488971217303,0.416337004197494,0.013843988623212521,0.003968678073706932,0.500461300141125,0.21862203817540732,0.050885270648366884,0.0039454758661211006,0.004103990605364225,0.21862161254882814,5.0,0.009062736425030249,0.0,aceite_Mbd,2020-01-01,581.0,2055.0,VERTICAL,1972-04-01,0.023161699165562703,1.4134756748840523e-09,1.5958418293874234e-13,5e-45,0.5,10.0,PRODUCTOR,0.0033674608518923727,0.0006300162358706855,0.0006382381907433888,0.042204618789589324,0.01913664893239104,0.01913664896624053,0.016659266976425398,0.029878593224013,0.0,0.006584511673910156,0.021639032513760904,3000.594833768775,0.4254162228852299
MIQUETLA-51,0.177332,0.17564543902200871,0.9999999999999999,0.09839913914577227,0.012205899311624871,0.2390099907012728,0.1756454388357701,0.09839913879975588,0.012159317029154184,0.012493403954965048,0.17724541210937497,5.0,0.016160583213701996,0.0,aceite_Mbd,2018-07-01,562.0,2070.6,VERTICAL,1972-05-01,0.020276999995737698,1.3485900179712493e-13,0.0009782827066441295,5e-45,0.5,10.0,INACTIVO,0.038913503021241025,0.022052985474411275,0.02205298547441132,0.11549544806545686,0.07253341854077518,0.07277532594003619,0.05116815010101082,0.07415533953870448,0.0,0.0068358367182760425,0.06352737335746153,2324.687552194152,0.20935591261729825
MIQUETLA-52,0.15389,0.142147948052604,0.9999999999999999,0.06889246817592729,0.015481697684587773,0.2131102183167084,0.142137549121666,0.06888180333818773,0.015373073270767593,0.011724864858059857,0.1538148583984375,5.0,0.01864309081722648,0.0,aceite_Mbd,2020-02-01,580.0,2300.0,VERTICAL,1972-06-01,0.01811299981110649,0.9999999999999379,2.8191006335114913e-12,5e-45,0.5,10.0,PRODUCTOR,0.07055566154952893,0.04851500515521362,0.04851500516519543,2.3651102853336905,2.0523630070630934,2.0523630058693385,0.09429726717139314,0.31469428079617673,0.0,0.008265087959706242,0.1467463139707558,2845.134538960025,0.07475572308353708
MIQUETLA-54,0.17063599999999998,0.15399879538206246,0.9999999999999999,0.15145963627974077,0.01778070791187318,0.18568652497518265,0.15399787538350154,0.15145765028113267,0.017589960559646504,0.02890179977606906,0.17055268164062498,5.0,0.020650766008303196,0.0,aceite_Mbd,2020-02-01,579.0,2080.3,VERTICAL,1972-07-01,0.03768070399407777,3.756414552524845e-06,5.52423360904275e-18,5e-45,0.5,10.0,PRODUCTOR,0.11130452968644927,0.08267917214826395,0.0826791721626572,0.8788201681320502,0.5054034374230303,0.5054034374230323,0.1271252552275831,0.2973007547182113,0.0,0.019844108150190484,0.17667538101395158,2433.1681201689826,0.1926152178090177
MIQUETLA-55,0.15968,0.15960203125,0.5,10.0,inf,inf,0.15960203124999997,10.0,inf,inf,0.15960203125,5.0,inf,inf,aceite_Mbd,1972-08-01,0.0,2100.0,VERTICAL,1972-08-01,5e-45,0.5,5.0,5e-45,0.5,10.0,INACTIVO,6.0791259765609984e-09,6.0791259765609984e-09,6.079125976565327e-09,2.5e-89,2.5e-89,2.5e-89,0.0047904,0.0,0.0,0.00301302,0.0047904,0.0,0.6289704408817636
MIQUETLA-92,0.05234,0.01756793413033125,0.9999999999999999,0.0006741247496214243,0.0015709706214469858,7.528072846669702,0.01756798965113651,0.0006741407295669868,0.001124908185445767,0.0002764964123942661,0.017104084618356726,0.0004980569245192729,0.0010233929951603226,0.0002004762783656502,aceite_Mbd,2020-02-01,577.0,1974.0,VERTICAL,1972-09-01,0.130317467716587,0.9999999999988598,0.03218530680528476,5e-45,0.5,10.0,PRODUCTOR,0.027008717301345662,0.02694653524832629,0.026946535249545805,0.3759272032123201,0.3217738434173909,0.3217738434170828,0.1477069129585731,0.2674976907709589,0.0,0.01836521649381827,0.1922898614203996,1741.8815058372697,0.14277377953196163
MIQUETLA-56,0.12873099999999998,0.12866814306640623,0.5,10.0,inf,inf,0.12866814306640623,10.0,inf,inf,0.12866814306640623,5.0,inf,inf,aceite_Mbd,1972-09-01,0.0,2096.0,VERTICAL,1972-09-01,5e-45,0.5,5.0,5e-45,0.5,10.0,INACTIVO,3.950994100810088e-09,3.950994100810088e-09,3.950994100810088e-09,2.5e-89,2.5e-89,2.5e-89,0.0038619299999999995,0.0,0.0,0.0022266000000000005,0.0038619299999999995,0.0,0.5765511026869986
MIQUETLA-58,0.235868,0.2356246468283867,0.9999999999999999,0.03512518890707834,0.011186762346299747,0.47741465222728807,0.23562471769096816,0.03512520107912614,0.0111457907368839,0.002980399274933491,0.2358104150390625,5.0,0.018595682764304833,0.0,aceite_Mbd,2018-11-01,560.0,2099.3,VERTICAL,1972-11-01,0.04390711116675126,0.7369449964994119,1.0570854245536917e-18,5e-45,0.5,10.0,INACTIVO,0.047720319610951606,0.017144684994168914,0.017144684994145044,0.4545319003764705,0.18463507881587893,0.18463507882306385,0.06973557962968001,0.1844098666116389,0.0,0.06249570104823288,0.1004705573982865,3567.6846165375846,1.0922491778038166
MIQUETLA-59,0.241041,0.24098215209960938,0.5,10.0,inf,inf,0.24098215209960938,10.0,inf,inf,0.24098215209960938,5.0,inf,inf,aceite_Mbd,1972-12-01,0.0,500.0,VERTICAL,1972-12-01,5e-45,0.5,5.0,5e-45,0.5,10.0,TAPONADO,3.4630753803847962e-09,3.4630753803847962e-09,3.4630753803847962e-09,2.5e-89,2.5e-89,2.5e-89,0.00723123,0.0,0.0,0.00723123,0.00723123,0.0,1.0
MIQUETLA-95,0.05744700000000001,0.02583996665814418,2.742815829632908e-12,0.0015513004695475723,0.0011426765116578004,2.927364446253472e-05,0.026626279823033738,0.0022219823976059572,0.0021855117186869045,0.0006003434366963528,0.025840562918413013,0.001551419668964691,0.0017880182336446825,0.0002904971108764913,aceite_Mbd,2020-02-01,573.0,1978.0,VERTICAL,1973-01-01,0.05961094707003034,0.3573796841935294,0.0046595948389308,5e-45,0.5,10.0,PRODUCTOR,0.0539542914974446,0.05395400122412035,0.054131280483899646,0.24977024615986515,0.2491386696040943,0.2506174891495283,0.1557526779604638,0.23120739512651522,0.0,0.006527995768680285,0.19428724381488294,1550.339547647481,0.05872144998387905
MIQUETLA-60,0.120318,0.11230148989514063,0.9999999999999999,0.013635122159228814,0.019261713558665045,0.7104297646507907,0.11229918796917385,0.013634667706834112,0.01913943018792412,0.003224561696984988,0.12025925097656248,5.0,0.024965066872807216,0.0,aceite_Mbd,2020-02-01,573.0,2112.5,VERTICAL,1973-01-01,0.0043939999519631455,0.9999999999999939,1.7685764343808603e-13,5e-45,0.5,10.0,PRODUCTOR,0.07853007505943078,0.04637756792972496,0.04637756792916076,0.02875896020732067,0.017938189143298974,0.017938189124396,0.0716363692905438,0.04537582834667132,0.0,0.030600616672220582,0.07919900734832236,982.3541633055876,0.3424926148652365
MIQUETLA-107,0.135738,0.04294999591780227,0.9999999999999999,0.005244858501601415,0.0035051623815563907,0.5014292558056036,0.04294910845454262,0.005244565562191893,0.002824304742522582,0.0007907070947645178,0.034644105995656156,0.0020897255267151847,0.001977445578375302,0.00023825290906974133,aceite_Mbd,2020-02-01,573.0,2064.0,VERTICAL,1973-01-01,0.1627799586769237,0.9999999999999999,0.025936905726085754,5e-45,0.5,10.0,PRODUCTOR,0.09949469243904986,0.09587496181492407,0.09587496173825467,0.6650109948262517,0.5674530761137011,0.5674530761884232,0.2513987804170409,0.430808068380462,0.0,0.017921112160923115,0.32320012514711804,1937.1635915828888,0.0994927978164377
MIQUETLA-61,0.115912,0.11571375800177111,0.9999999999999999,1.7274315047384516,0.009656423665434576,0.9946574295013951,0.11571376540328518,1.7274320982523652,0.009592538906843364,0.9843871330284393,0.11588762518313164,0.7942453303874244,0.009794015146521291,0.4847558732557887,aceite_Mbd,2020-02-01,572.0,2120.4,VERTICAL,1973-02-01,0.03143078418212688,0.9999998420247478,0.0022895753696241202,5e-45,0.5,10.0,PRODUCTOR,0.007290248608849495,0.006993536748668916,0.006993536748662276,0.018714379668816044,0.018726928606684713,0.0187269286062263,0.022772090010198306,0.038844615481681506,0.0,0.009528067719725255,0.029246192590478545,2733.9456258913265,0.22703066541471914
MIQUETLA-62,0.112202,0.10837481019380199,0.9999999999999999,0.07197028155740587,0.010633515857766075,0.232134347806116,0.1083751052141231,0.07197073664826753,0.010594153004573916,0.011368905104693402,0.1121472138671875,5.0,0.012745827927732845,0.0,aceite_Mbd,2020-02-01,571.0,2098.0,VERTICAL,1973-03-01,0.01480899995723948,3.0441144523996044e-06,3.672444465430168e-15,5e-45,0.5,10.0,INACTIVO,0.03330350656049178,0.023073006507240822,0.023073006506547037,0.2772185264319133,0.22167814224259524,0.221678142238749,0.06362510034380432,0.102238661394345,0.0,0.008300385842439894,0.0806648772428618,1518.7113745317433,0.09123679032069651
MIQUETLA-63,0.138376,0.13827668865272894,0.9999999999999999,0.02898706911604313,0.008783676649876643,1.2438990705822928,0.13827628683555532,0.028986972012699553,0.008715708759694352,0.0041230010137484835,0.13830843359375,5.0,0.012705876959305619,0.0,aceite_Mbd,2018-11-01,555.0,2100.0,VERTICAL,1973-04-01,0.025604974541662565,0.0001669974752804266,2.986828483336274e-19,5e-45,0.5,10.0,INACTIVO,0.01049355510482587,0.004937791999651877,0.004937791999816075,0.08595920452705345,0.04203301094085563,0.04203301094219566,0.02263187117591722,0.05146599882479486,0.0,0.014144208541712546,0.031209537646716357,3220.7528035004048,0.7115662177468459
MIQUETLA-65,0.101895,0.09302445199782462,0.9999999999999999,0.16563726552242197,0.010845425051437908,0.23798823242978148,0.0930232859662637,0.16563134265120183,0.010746842028903535,0.035891955727333,0.10179549316406249,5.0,0.012240650718558836,0.0,aceite_Mbd,2017-03-01,533.0,2101.0,VERTICAL,1973-06-01,0.030723999998972146,2.0905940568293922e-08,1.3633825077428094e-13,5e-45,0.5,10.0,INACTIVO,0.023224197152132014,0.018149342620702575,0.018149342635841795,1.4459696864735583,1.2805438629357013,1.2805438695819797,0.04320419146285545,0.153118830020259,0.0,0.010656041262206133,0.06872399646623197,5734.436278759122,0.3917819640068451
MIQUETLA-66,0.08055,0.08011914447112922,0.07533123040623159,0.006246358184616572,0.0071262137070705715,0.20407878114201816,0.08054974027218188,0.023224275399120437,0.007385670193976669,0.00369245251019254,0.080471337890625,5.0,0.01051385639309922,0.0,aceite_Mbd,2020-02-01,567.0,2120.0,VERTICAL,1973-07-01,0.016498999999879773,4.740113357382114e-08,9.44627536689943e-17,5e-45,0.5,10.0,PRODUCTOR,0.008953835276631782,0.0040651071088473245,0.004419999852664669,0.34860129913055743,0.2765468957378887,0.2765468957375481,0.019242231991209866,0.0860492244884484,0.0,0.020721683611923017,0.03358376940595127,49345.326351600495,0.916019543653022
MIQUETLA-67,0.096376,0.0962818828125,0.5,10.0,inf,inf,0.0962818828125,10.0,inf,inf,0.0962818828125,5.0,inf,inf,aceite_Mbd,1973-08-01,0.0,,,1973-08-01,5e-45,0.5,5.0,5e-45,0.5,10.0,,8.858044982911344e-09,8.858044982911344e-09,8.858044982911344e-09,2.5e-89,2.5e-89,2.5e-89,0.00289128,0.0,0.0,0.0028182299999999997,0.00289128,0.0,0.9747343737029965
MIQUETLA-67A,0.103572,0.10318574558016758,0.9999999999999999,0.051485830022070696,0.008996931116710799,0.2948664932069812,0.10318574934362992,0.05148583376364594,0.00895197675535714,0.007369404331660642,0.103521427734375,5.0,0.01259970382116899,0.0,aceite_Mbd,2018-01-01,540.0,2116.0,VERTICAL,1973-09-01,0.01565239030973042,0.7490523710637437,2.8625978900516207e-18,5e-45,0.5,10.0,INACTIVO,0.01873279929297929,0.009471504753562445,0.009471504753562314,0.19329116760002205,0.16389147954629257,0.16389147954629396,0.03265142564572293,0.05634860511252436,0.0,0.010514324184846597,0.04204285983114366,1894.0542142242082,0.20289877908473114
MIQUETLA-68,0.131274,0.1312099013671875,0.5,10.0,inf,inf,0.1312099013671875,10.0,inf,inf,0.13120990136718752,5.0,inf,inf,aceite_Mbd,1973-10-01,0.0,2117.0,VERTICAL,1973-10-01,5e-45,0.5,5.0,5e-45,0.5,10.0,INACTIVO,4.1086347284293315e-09,4.10863472843289e-09,4.10863472843289e-09,2.5e-89,2.5e-89,2.5e-89,0.00393822,0.0,0.0,0.0038895299999999996,0.00393822,0.0,0.9876365464600758
MIQUETLA-73,0.181566,0.18156599999999998,0.6861431784140938,0.02455477563032634,0.020463705265434597,0.16926556023456493,0.18156599999999998,0.03465017067506635,0.020397696889788,0.005412250514637148,0.18147734472656252,5.0,0.03241665831679369,0.0,aceite_Mbd,2020-02-01,563.0,2026.5,VERTICAL,1973-11-01,0.2127241568847337,2.1117986917936284e-07,0.009537624614878034,5e-45,0.5,10.0,PRODUCTOR,0.19860871018484463,0.07918842015401628,0.08011280341165938,0.8496771868113437,0.44281339526108815,0.4813691312104081,0.1283372939904668,0.20350910180596252,0.0,0.027670366604384086,0.16225547762479395,1468.5867446790887,0.32573224240230503
MIQUETLA-74,0.125999,0.11473558902019122,0.8174834746421573,0.020045436326359606,0.016621122253291796,0.2148271382642099,0.12293002887419077,0.025462966154262853,0.014866567439574074,0.004868283795417297,0.12092589075086248,5.0,0.037029747296245696,0.0,aceite_Mbd,2020-02-01,562.0,2020.0,VERTICAL,1973-12-01,0.070709,0.6986674242039443,0.001557187530963593,5e-45,0.5,10.0,PRODUCTOR,0.3510277593148967,0.09572232124894026,0.09596981778894373,2.5809093206301363,1.5435168244397235,1.5437178890081928,0.21119047016031162,0.4729838868709724,0.0,0.009499632667335334,0.2900211179721408,2474.893495444698,0.06989372473639437
MIQUETLA-75,0.112811,0.11281099999994436,0.9999999999999999,0.031227555058421043,0.020959081742365333,0.24363174312946395,0.11281099999999998,0.031227555139950708,0.018072270594152656,0.007711432511745039,0.11275591650390625,5.0,0.03361274587098425,0.0,aceite_Mbd,2018-11-01,546.0,2023.0,VERTICAL,1974-01-01,0.18464650338437583,0.2761074485945596,0.014130781119728634,5e-45,0.5,10.0,INACTIVO,0.288103254671779,0.12468545898730334,0.12468545898730135,1.1312558503748484,0.4405141817299003,0.4612288096108818,0.17314082109518186,0.3121993004976674,0.0,0.00826071876301113,0.22517403784479334,2270.9502157885854,0.05795141219089148
MIQUETLA-76,0.082187,0.08218699999792374,2.4356380243679377e-11,0.010416433031686385,0.0030742162906959116,0.0002332146005857585,0.08218699999999998,0.018228140361332742,0.010765174854693178,0.004290755090085051,0.05593399780221408,5.0,0.036879224884743,0.0,aceite_Mbd,1995-11-01,265.0,2069.0,VERTICAL,1974-02-01,0.177194467345205,1.3621632754484514e-08,0.010356889897508222,5e-45,0.5,10.0,INACTIVO,0.246173978286,0.0415946737227322,0.053837902850775776,1.466503535259899,0.5774195743110404,0.6512042081942933,0.15191927999999977,0.3129091200000002,0.0,0.004186529999999999,0.2040707999999999,1896.8315745410212,0.1074272330133829
MIQUETLA-112,0.11699,0.070423492912399,0.9999999999999998,0.02516962055053712,0.005525249443523305,0.19635359166742097,0.07042416974520382,0.025170204549819546,0.004599004744650497,0.003352482815602827,0.04889939308762294,0.006721721559913296,0.0026468970370480843,0.0005988182050160033,aceite_Mbd,2020-02-01,560.0,2047.0,VERTICAL,1974-02-01,0.10029399999999998,0.8608970718509431,0.014534005683627229,5e-45,0.5,10.0,PRODUCTOR,0.07191656568553997,0.06260138792127526,0.06260138794174464,0.5005010210617806,0.48380715333871194,0.4841570253126893,0.17163466450624928,0.3191461790257008,0.0,0.004515673112872472,0.22482569434386607,2242.821495513644,0.05037569970265022
MIQUETLA-77,0.19194,0.13884954876102756,0.6783667897166409,0.022826662427503145,0.019887000445850463,0.18602461882058413,0.16575175773243275,0.03849116462026716,0.020243514340678528,0.00702346058728047,0.19184627929687498,5.0,0.03983686115965143,0.0,aceite_Mbd,2017-01-01,522.0,2044.0,VERTICAL,1974-03-01,0.037102999917933754,1.8998567521303914e-05,0.000224937596426968,5e-45,0.5,10.0,INACTIVO,0.45704894603136326,0.16257552650556814,0.16343200924653684,3.133308593703794,2.348561103041058,2.3487249783166066,0.23142411833039983,0.47809524573700163,0.0,0.010161306018109752,0.31110665928656683,1831.7659016955902,0.10119054127802697
MIQUETLA-78,0.155358,0.09619079440650738,0.9999999999999999,0.03029224861307719,0.011851215108326143,0.1771957179890614,0.09618745288420713,0.030290369847611,0.009213517894827826,0.004838459078160325,0.1552821416015625,5.0,0.027062982887118513,0.0,aceite_Mbd,2018-11-01,543.0,2046.0,VERTICAL,1974-04-01,0.056958999983674284,3.92517306316791e-09,0.0040932508350408825,5e-45,0.5,10.0,INACTIVO,0.23143999350851635,0.06904194582820122,0.06904194574370515,0.7573654719448772,0.33042316340092354,0.34557251470386485,0.19378989729970617,0.2878851502548083,0.0,0.006914036019780387,0.24177075567550754,1711.6386517099495,0.04028517794806578
MIQUETLA-79,0.175912,0.16064410990613906,0.6877359400772244,0.0315001604683009,0.02260072386008117,0.17367649742901226,0.16392226803184898,0.04393845766931365,0.022288278374741954,0.008353306687720547,0.14405698206331924,5.0,0.03519347285747378,0.0,aceite_Mbd,2018-11-01,542.0,2079.0,VERTICAL,1974-05-01,0.20098442999404903,0.28879004449567036,0.013768431922549992,5e-45,0.5,10.0,INACTIVO,0.3022136497518176,0.12906125174253363,0.1307311732650479,1.8945968475165724,1.1933813679313436,1.2205281193783306,0.15958201792457624,0.305620889729554,0.0,0.00795893372668617,0.2105188328795019,3426.334046595976,0.06807125677193297
MIQUETLA-85,0.00771,0.007709999999999836,0.9999999999999999,5.0332788654804964e-14,0.002149931446185409,0.0,0.00770999999996617,7.623604183219376e-12,0.0021472356120133228,0.0008584006404993212,0.007709999992437,1.0833930624251437e-10,0.002147233197228419,0.0008583969985747938,aceite_Mbd,2020-02-01,556.0,2155.0,VERTICAL,1974-06-01,0.004442999999797409,0.999999999999803,2.7183726354819533e-11,5e-45,0.5,10.0,PRODUCTOR,0.17621397636090186,0.1762139745678181,0.17621397468867409,1.1557761232040693,1.1557761229125578,1.1557761219253018,0.23040102541176685,0.4675935160399348,0.0,0.012967735593788998,0.30833327808508953,2409.6218913829694,0.08190686720829447
MIQUETLA-80,0.268027,0.22865760211626593,4.931771706608297e-08,0.017887651562715788,0.02027537587722198,0.104308510062212,0.21186211081792783,0.03900204587065881,0.023783955378463114,0.006154391074021331,0.11678100872911312,5.0,0.04360530833064431,0.0,aceite_Mbd,2016-01-01,506.0,2064.0,VERTICAL,1974-06-01,0.13294299999999998,0.32200930251840165,0.008293573158564877,5e-45,0.5,10.0,INACTIVO,0.5780325660416097,0.15840308199217287,0.1957442013549753,1.2463853729400456,0.5041377521648334,0.5217810319880302,0.23295041758902327,0.36682189027809015,0.0,0.008429257933898319,0.29408739930203853,1815.8099096634153,0.060882860221356916
MIQUETLA-94,0.131187,0.027763627502727407,0.9493742333075009,0.0036556044458317567,0.004020603132366439,1.0736744989207165,0.027863156330431425,0.003759552950790792,0.002906111418296728,0.0011284478863901712,0.02530039696889671,0.0020385091989721113,0.0019898110550831314,0.0003912511137432587,aceite_Mbd,2020-02-01,555.0,1959.9,VERTICAL,1974-07-01,0.005353999999985553,2.877766132058923e-07,2.5080946853716356e-12,5e-45,0.5,10.0,PRODUCTOR,0.04288268984133245,0.04262377923181395,0.04262460371656861,0.20017566158337663,0.20017566151928481,0.20017566692995528,0.11030364988134259,0.15486772932964815,0.0,0.011370516672451484,0.13611493810295053,1438.404051438011,0.08913837892889918
MIQUETLA-81,0.118492,0.11838987058953346,0.9999999999999999,0.030320644083613686,0.012496219578233717,0.15688164524548454,0.11838948928080004,0.030320519885447466,0.012177105620129976,0.004185254171624518,0.118434142578125,5.0,0.022146430685722737,0.0,aceite_Mbd,2018-04-01,533.0,2050.0,VERTICAL,1974-07-01,0.13206645795745145,0.18205711803039054,0.009143382589793856,5e-45,0.5,10.0,INACTIVO,0.136349101008671,0.04348978216137005,0.043489782163025514,0.5504600355262006,0.24809760699815625,0.2640636436334962,0.14717167585013147,0.22726290845006458,0.0,0.015054776997317998,0.18504882725847566,1468.3061879635086,0.1266321454787228
MIQUETLA-96,0.024145,0.020251984874074754,0.9999999999999999,0.0012225968432991031,0.00265336504034423,4.38484543309444,0.0202519853747654,0.0012225970007062681,0.0017918692770644647,0.00047791828480296477,0.01978965078762787,0.0009235022980985738,0.0015446896349606595,0.0002848082836799172,aceite_Mbd,2020-02-01,554.0,1996.9,VERTICAL,1974-08-01,0.05275194429098331,0.9999999999983071,0.004874444312472732,5e-45,0.5,10.0,PRODUCTOR,0.032373185401672715,0.03234396235068278,0.03234396235068279,0.25888453482342877,0.2558057030887022,0.25580570308895806,0.11406841238327708,0.19352969683170634,0.0,0.007612900701424533,0.14632336185522796,1681.3720560554657,0.0803188661072013
MIQUETLA-82,0.078318,0.05343175633548526,0.826923966249044,0.006604115812311704,0.006273652373592237,0.4290870528372341,0.05433607769076379,0.007455204875625828,0.005040080434246927,0.0014104331025408738,0.078241517578125,5.0,0.029271681267430745,0.0,aceite_Mbd,2020-02-01,554.0,2065.0,VERTICAL,1974-08-01,0.00729799999989803,9.634749744691362e-07,1.6196350117033319e-13,5e-45,0.5,10.0,PRODUCTOR,0.32559590320438125,0.12019903183005388,0.12029389535817413,0.8975303403300537,0.7338139621746322,0.7338139621727631,0.24684090754788757,0.3783132406850707,0.0,0.0134375399311725,0.3098931143287327,1666.9287403967564,0.0643279782104115
MIQUETLA-102,0.104289,0.012448418939184084,0.9999999999999999,0.00023507472396732353,0.0030846307237825934,172.40939236495655,0.012448283125467245,0.00023503540562986797,0.001995418097330986,0.0004850481934712373,0.012256233973254115,0.00017359833735420361,0.001941385751200935,0.0004268828255433146,aceite_Mbd,2020-02-01,554.0,2023.0,VERTICAL,1974-08-01,0.022213999754104347,0.9999999999998237,1.5470261490761267e-10,5e-45,0.5,10.0,PRODUCTOR,0.03308428811408885,0.0330776919202714,0.033077691908720286,0.3924342531745487,0.39243426321197666,0.3924342665330578,0.06295415495624551,0.18784070928839847,0.0,0.013496952999910893,0.09426093983764522,3341.767984105221,0.19132480314984598
MIQUETLA-83,0.147303,0.14637336870872747,0.9999999999999999,0.027389846504873947,0.014474046230630635,0.12416634199978542,0.14637342216467605,0.027389881487583662,0.013912586299471617,0.0034813823987279425,0.14026298169251014,5.0,0.02725971352937234,0.0,aceite_Mbd,2020-02-01,553.0,2080.0,VERTICAL,1974-09-01,0.14705978790843074,0.5512244735152336,0.011233316151247905,5e-45,0.5,10.0,PRODUCTOR,0.26528383746813006,0.0753508186064139,0.07535081860649642,0.9068925356085057,0.45878421223234134,0.46492937251084254,0.23112699361161002,0.33197507255217845,0.0,0.014855089900794568,0.2864561723703065,1564.1163980514427,0.05566201690868005
MIQUETLA-84,0.125796,0.12450071348151634,0.9999999999999999,0.05894203749343674,0.011274933437715955,0.15793532870581242,0.12450069271680242,0.058942021579724606,0.011105801716566135,0.007485583970497437,0.125734576171875,5.0,0.019863472212440506,0.0,aceite_Mbd,2017-01-01,514.0,2079.0,VERTICAL,1974-10-01,0.08085063255244972,3.466612671270001e-08,0.009461162502247817,5e-45,0.5,10.0,INACTIVO,0.07141491262852571,0.022962546068894883,0.022962546068896698,0.2263076617340254,0.09970371172187315,0.10758747774912604,0.08203643103389699,0.11366407828668121,0.0,0.014406143589266791,0.1009804440816772,1297.9647249164318,0.2618908296393288
MIQUETLA-91,0.14081,0.13375297874933076,0.9999999999999999,0.12299074416663003,0.010670307974326635,0.1671685050753418,0.133750069110265,0.1229842964841757,0.010600125957418119,0.016403369884777367,0.1407412451171875,5.0,0.01424475697610453,0.0,aceite_Mbd,2017-01-01,512.0,2035.0,VERTICAL,1974-12-01,0.02614193987226856,1.3115886542169255e-07,0.002371795490532307,5e-45,0.5,10.0,INACTIVO,0.03490105342502393,0.01949826761043825,0.019498267610925872,0.10015696731368515,0.05088371042306279,0.05107657460022798,0.059818463884597696,0.08404855603111014,0.0,0.007064511946141461,0.07382655655644939,1595.0208585361934,0.10461830418695671
MIQUETLA-108,0.079333,0.04357864312005653,0.9999999999998909,0.015421519000804434,0.004571646802259616,0.35141029054438416,0.04357873957852025,0.015421604495127111,0.0037724196174161767,0.002851448402971406,0.03649542208407358,0.006542344773579132,0.002537018614564354,0.0007682757547228485,aceite_Mbd,2018-11-01,534.0,2000.0,VERTICAL,1975-01-01,0.10777808691272553,0.3929248460210992,0.020185403129502982,5e-45,0.5,10.0,INACTIVO,0.04132224345217742,0.038883107750819546,0.03888310775091954,0.24179684228926043,0.24023485502307254,0.24485263706423177,0.1111982114983043,0.17367090765006798,0.0,0.004543817867938094,0.14014336277331566,1316.0434908460902,0.08158376194645181
MIQUETLA-99,0.113216,0.11316071875,0.5,10.0,inf,inf,0.11316071875,10.0,inf,inf,0.11316071875,5.0,inf,inf,aceite_Mbd,1975-05-01,0.0,2029.0,VERTICAL,1975-05-01,5e-45,0.5,5.0,5e-45,0.5,10.0,INACTIVO,3.0560166015621874e-09,3.0560166015621874e-09,3.0560166015621874e-09,2.5e-89,2.5e-89,2.5e-89,0.00339648,0.0,0.0,0.0037860600000000004,0.00339648,0.0,1.1147011023176938
MIQUETLA-101,0.11091,0.022366524097780578,6.11982034957149e-14,2.44147734557865e-17,0.002292515878115982,0.0,0.022366523972169115,9.111544380313031e-14,0.009826380621482457,0.0009149729790811362,0.1108558447265625,5.0,0.028973749158505025,0.0,aceite_Mbd,2020-02-01,544.0,2071.0,VERTICAL,1975-06-01,0.004505999951503667,0.9999999999999999,6.287765596323455e-13,5e-45,0.5,10.0,PRODUCTOR,0.07387407634639741,0.04115157547257076,0.04115157547262889,0.3542016731807329,0.3192179724631491,0.3192179722002835,0.0603896150784526,0.12254014436777846,0.0,0.012486525427533566,0.08081297247308236,2986.636889744147,0.24546466356971897
MIQUETLA-113,0.0369,0.02343984268908123,0.9999999999998754,0.001940619452715852,0.0028962336995992616,4.481780395508199,0.02343967937918482,0.0019405461411717108,0.002162799285101998,0.0008078145025101996,0.022604284686225468,0.0013650203736593942,0.0018931166196206547,0.0004910291860639352,aceite_Mbd,2020-02-01,543.0,2045.0,VERTICAL,1975-07-01,0.13922925402194572,0.910389369154309,0.0229813468472747,5e-45,0.5,10.0,INACTIVO,0.03493654563297898,0.034854992503224165,0.034854992500324075,0.9284849368620615,0.9071760612356765,0.9073271091107324,0.1086867745531412,0.24958364761845847,0.0,0.0072899407632694285,0.15028404915621757,2071.6167998095652,0.05408673661389449
MIQUETLA-103,0.137158,0.11742870276443762,1.6179173271432536e-09,0.0045369076083222855,0.011931411450623406,0.017384003988813602,0.12605134529324094,0.011718802246011115,0.01855716038656127,0.0023178938140152854,0.0982019427756006,5.0,0.03202264254974947,0.0,aceite_Mbd,2020-02-01,542.0,2021.5,VERTICAL,1975-08-01,0.040449075291300256,1.0323565569070325e-07,8.321926497786608e-16,5e-45,0.5,10.0,PRODUCTOR,0.26559145569007764,0.08435736058967334,0.0944883007077228,0.8392081999610392,0.41217886871316317,0.41217886871317266,0.18320925085294862,0.31671625939472825,0.0,0.016493419378121897,0.2359952940854034,2574.498345413612,0.09217801466479424
MIQUETLA-104,0.08910599999999999,0.08830406924170381,0.8045774331893798,0.010193846079012067,0.009262260772509707,0.2740254140123172,0.08910587906970967,0.012718566194100061,0.009197505986698147,0.0017032806609862743,0.08901898242187499,5.0,0.018137796161747478,0.0,aceite_Mbd,2020-02-01,541.0,2035.0,VERTICAL,1975-09-01,0.07123899993163886,3.849666816541673e-13,0.0011484565299746657,5e-45,0.5,10.0,PRODUCTOR,0.08652164784614169,0.022487402730099502,0.022524280921317072,1.0784455782170617,0.5162975153547373,0.5185044523120114,0.12327493697908717,0.36289943447680306,0.0,0.20633887292979916,0.18375817605855424,3565.7356620096252,1.5431677302832896
MIQUETLA-105,0.162487,0.09679160284615757,0.999999999997845,0.01992706294117761,0.013382067034173021,0.43180769246875206,0.09679159191043724,0.019927059211387887,0.013305791098133792,0.003804283939894692,0.09718785629041758,5.0,0.01799378048014209,0.0,aceite_Mbd,2020-02-01,540.0,2020.0,VERTICAL,1975-10-01,0.028429851662330707,0.9884621727429086,6.229954976219899e-21,5e-45,0.5,10.0,PRODUCTOR,0.04921397266706646,0.027042192869089477,0.02704219286908783,0.3008829611707388,0.1764117732679571,0.17641177326860183,0.056762298242084994,0.13134574947544791,0.0,0.02234565776673691,0.07865325648799298,2892.9068218425355,0.4083422698815827
MIQUETLA-106,0.08931499999999999,0.08581432406395569,0.9999999999999998,0.01468910653561429,0.009145255934355584,0.2895700162275393,0.08581445872170144,0.014689142277404267,0.009048789741380521,0.0021316860869182073,0.08922777832031249,5.0,0.01648774401417109,0.0,aceite_Mbd,2020-02-01,539.0,2073.0,VERTICAL,1975-11-01,0.0217377939511997,5.815457536639812e-07,2.5352821366508855e-13,5e-45,0.5,10.0,PRODUCTOR,0.03914578118546419,0.01196090683436721,0.011960906834262689,0.11652267384245306,0.04753303534413027,0.04753303534447408,0.06325896244696921,0.09521154302383349,0.0,0.007792129212215607,0.0791275529509415,1713.3769428631665,0.07599181262509885
MIQUETLA-109,0.093479,0.08702267485657589,0.9999999999999999,0.013530600560841695,0.013501259072661554,0.4590360921888243,0.08701963745934298,0.013529901490129188,0.013346722827008854,0.0027811508366768966,0.0933877119140625,5.0,0.019361770124772144,0.0,aceite_Mbd,2020-02-01,536.0,1991.0,VERTICAL,1976-02-01,0.03124395186240525,0.16628513765430705,0.000808591090758376,5e-45,0.5,10.0,PRODUCTOR,0.06597855305615537,0.031915425868421256,0.03191542587430808,0.1611069516415753,0.06947449210625978,0.06948523769250561,0.0775849302449553,0.12080598856302549,0.0,0.015470291550896617,0.09771926167212622,2367.5291220839204,0.1548124306097199
MIQUETLA-110,0.077912,0.07791036449605226,2.332448887217495e-07,0.00481012991847184,0.006838590408064341,1.713421805965935,0.077842963538264,0.020155864360819314,0.006879590248108081,0.003871425876537496,0.0778359140625,5.0,0.009914247979424308,0.0,aceite_Mbd,2019-05-01,526.0,1980.0,VERTICAL,1976-03-01,0.007863356874802701,2.205467950178175e-05,1.672835497662563e-10,5e-45,0.5,10.0,INACTIVO,0.0040299848328982785,0.0018707014380849394,0.001940484077891073,0.006000580172976409,0.0033417795899515538,0.0033417795843251625,0.011124861037738973,0.010143734328926282,0.0,0.003148466906502834,0.012815483425893358,1878.7102004384685,0.16153927344862984
MIQUETLA-124,0.053159000000000005,0.03354885444836561,0.9999999999987621,0.005891015077890442,0.002467471274291759,0.5114679726049302,0.033548717848939306,0.00589094137934613,0.0019567017417783817,0.0008484115204665456,0.029109995187178734,0.002672081234556258,0.0014950218457990593,0.00026221262286250355,aceite_Mbd,2020-02-01,534.0,2006.0,VERTICAL,1976-04-01,0.035485999997138605,3.858721654785528e-11,0.0017924093324104635,5e-45,0.5,10.0,PRODUCTOR,0.028626930440882905,0.027064394617804275,0.027064394616191288,0.5583286902069845,0.5583285491885063,0.5596511692487309,0.13097570829995087,0.24259182213596922,0.0,0.0057183852324953315,0.17140767865594572,1868.44864576804,0.07112731172229307
MIQUETLA-111,0.090573,0.017008662805046437,0.9999999999999999,0.0014280382115634184,0.0025944067570282956,4.111109919659516,0.017008025673057377,0.0014277983292428416,0.0017263215335442566,0.0005635387629499964,0.09048454980468751,5.0,0.01531450154586819,0.0,aceite_Mbd,2020-02-01,534.0,1960.0,VERTICAL,1976-04-01,0.023006635435377808,0.9999999999999999,0.0006407617342314424,5e-45,0.5,10.0,PRODUCTOR,0.05980615918759181,0.026850515967051063,0.02685051593172187,0.21746540015095644,0.11760715087055726,0.11760715087109672,0.09668743532416946,0.1515723253141825,0.0,0.010647125125646067,0.1219494895431998,1695.7297160563744,0.1299784653073536
MIQUETLA-114,0.036521,0.015787348765559574,9.883864638386307e-09,0.002055016435142177,0.001569297245798212,0.12665964821081,0.017402321240888197,0.003684164807211872,0.002508426102928948,0.0013364049053020545,0.029419998982473185,5.0,0.012880584410261341,0.0,aceite_Mbd,2020-02-01,531.0,1991.3,VERTICAL,1976-07-01,0.06520751220667935,0.8457179230938932,0.015141820249779142,5e-45,0.5,10.0,PRODUCTOR,0.03683189895447059,0.016056628764516457,0.016183293964257005,0.41454122162398827,0.3450267772508012,0.3451250074333306,0.06256938734397098,0.10439617938821037,0.0,0.004746137917817496,0.07996875057533936,1770.6482274699206,0.06399140505045178
MIQUETLA-115,0.025565,0.025560327698526068,2.0722837819532938e-08,0.0026303406152517663,0.0037342315226327975,0.630810416093967,0.025530355112791527,0.005598051929389614,0.0036745923060926395,0.0015657591507160411,0.02546513671875,5.0,0.007733563618467561,0.0,aceite_Mbd,2020-02-01,530.0,2070.0,VERTICAL,1976-08-01,0.004201536261676248,0.00011639919972572521,5.089597893089406e-12,5e-45,0.5,10.0,PRODUCTOR,0.0007775040811315057,0.00016740174429150684,0.00017554085607725508,0.0005949904940213615,0.0003301924450305092,0.00033019245185815716,0.0034975821011058003,0.0018906918310359002,0.0,0.001189180168618431,0.0038126974062784496,584.8574431228626,0.13450436568348234
MIQUETLA-116,0.015725,0.01572499999992814,4.348594614398198e-09,0.000397993474582288,0.0011724458090768633,0.0388032540339521,0.015724999999999996,0.0004190896486028796,0.0012314940019046649,0.00029584816581983164,0.01566357421875,5.0,0.01802456476621108,0.0,aceite_Mbd,2020-02-01,529.0,2065.5,VERTICAL,1976-09-01,0.0038389999999998464,2.9418736113839827e-08,4.274127264398343e-17,5e-45,0.5,10.0,PRODUCTOR,0.11598392179904764,0.03844870848760414,0.03848365394524385,0.5911310757332212,0.5311411340220792,0.5311411352833016,0.15762128131893946,0.2550697515707952,0.0,0.005993509702216956,0.20013290658073882,1864.3166338721278,0.04834541921038279
MIQUETLA-117,0.014811,0.014810999999999038,0.9999999999999929,0.0023411101032806965,0.0027254956396790134,2.8867121379568035,0.014810999998183064,0.0023410848699835884,0.0019054728660963193,0.0011059754684313303,0.0010231940535919627,5.0,0.014665083633125894,0.0,aceite_Mbd,2018-11-01,512.0,2050.0,VERTICAL,1976-10-01,0.015799999813575154,0.999999999999996,1.5971050822353002e-12,5e-45,0.5,10.0,INACTIVO,0.04000203010178332,0.018413144609770195,0.01841314461016092,0.16277004140376145,0.10576633996123788,0.10576633986618757,0.05941306976931926,0.09867343458507648,0.0,0.005269465853463522,0.0758586422001653,1807.6741236653556,0.11822394515109196
MIQUETLA-118,0.08428300000000001,0.021391388184042938,7.231788269945749e-05,2.0083911707866206e-15,0.0025876275231059617,0.0,0.02139138827094722,3.207096336371715e-16,0.0025788733132577485,0.00034403228688287393,0.08420069238281251,5.0,0.02612553560756797,0.0,aceite_Mbd,2020-02-01,527.0,2021.0,VERTICAL,1976-11-01,0.025946073361431562,0.0030419081058211672,8.947406719952279e-17,5e-45,0.5,10.0,PRODUCTOR,0.1010164543957807,0.03948134772016988,0.03948134772017166,0.25776590229458407,0.15678608803979294,0.15678608804424038,0.09626124733587778,0.11675733068733234,0.0,0.018003014944244108,0.11572080245043316,1162.3878155314,0.18101069901391148
MIQUETLA-121,0.05742000000000001,0.05726990225744812,0.9999999999999999,0.024920300126379046,0.004774198189454984,0.5897641200627124,0.057269915171268726,0.024920309296933413,0.004724907036985974,0.004080652663887153,0.05736392578125001,5.0,0.007253513512507369,0.0,aceite_Mbd,2019-10-01,521.0,3180.0,VERTICAL,1976-12-01,0.0025649999997834822,2.3466938191274433e-08,1.2809135603590026e-15,5e-45,0.5,10.0,PRODUCTOR,0.0026306729138063493,0.001116857038559759,0.001116857038559005,0.013099943258541422,0.0109440593211136,0.010944059321100149,0.010033625567988242,0.014608170833663824,0.0,0.00412713468390533,0.01246832070693221,3156.982314642897,0.25299226981582473
MIQUETLA-125,0.036927,0.036854876953125,0.5,10.0,inf,inf,0.036854876953125004,10.0,inf,inf,0.036854876953125004,5.0,inf,inf,aceite_Mbd,1977-03-01,0.0,2045.0,VERTICAL,1977-03-01,5e-45,0.5,5.0,5e-45,0.5,10.0,INACTIVO,5.201733890533053e-09,5.201733890534054e-09,5.201733890533053e-09,2.5e-89,2.5e-89,2.5e-89,0.0011078099999999999,0.0,0.0,0.0013391100000000001,0.0011078099999999999,0.0,1.208790316028922
MIQUETLA-126,0.033755,0.028474455431623594,2.1849479029500745e-09,0.0021716276492368247,0.005169171196789932,0.029781109148773844,0.031794570493885434,0.004086543080307016,0.008353258880416043,0.0018938606104857592,0.033689072265625,5.0,0.016379787727164103,0.0,aceite_Mbd,2020-02-01,522.0,2002.0,VERTICAL,1977-04-01,0.010934999224108758,0.00010646886838272529,9.854367992326929e-12,5e-45,0.5,10.0,PRODUCTOR,0.04400078114186076,0.015749733634553377,0.016071777838723364,0.09043309959274155,0.051583276912677056,0.05158327804673356,0.06403898623079111,0.08052007974385922,0.0,0.006850958158649117,0.07745899952143438,1537.594157942347,0.11852552895348877
MIQUETLA-127,0.034898,0.034829839843749995,0.5,10.0,inf,inf,0.034829839843749995,10.0,inf,inf,0.034829839843749995,5.0,inf,inf,aceite_Mbd,1977-05-01,0.0,2042.0,VERTICAL,1977-05-01,5e-45,0.5,5.0,5e-45,0.5,10.0,INACTIVO,4.6458069000249126e-09,4.6458069000249126e-09,4.6458069000249126e-09,2.5e-89,2.5e-89,2.5e-89,0.00104694,0.0,0.0,0.0012660899999999999,0.00104694,0.0,1.2093243165797467
ADULARIA-1,0.046058,0.04031214095042068,3.544209202706544e-09,0.002389917027634701,0.0026641917828371304,0.032635660589632055,0.04076931502450366,0.003683803077585664,0.0035328415704203135,0.0007686746444786269,0.0028416222031125375,5.0,0.025221576636094763,0.0,aceite_Mbd,2019-01-01,480.0,1883.0,VERTICAL,1979-08-01,0.017528884885124375,4.7766201716502093e-14,2.355050196714669e-15,5e-45,0.5,10.0,INACTIVO,0.09923595676962259,0.020884051083122773,0.022216410361750608,0.10841285867957687,0.0598680372101575,0.0598680372325673,0.09742328714368009,0.08308691457324935,0.0,0.005603121128001625,0.11127110623922157,1175.1277489322765,0.1142157179668296
CAMPANA-101,0.0317133142542,0.01994940833537076,1.8471720175661233e-07,2.624791426186528e-12,0.004480182700641017,0.0,0.019949409658486444,1.018663908038678e-15,0.00442389634287218,0.00818648639645306,0.019949409541134142,4.5757760127402776e-14,0.0044238960100902456,0.00818648365236513,aceite_Mbd,2020-02-01,46.0,3309.0,VERTICAL,2016-05-01,0.08684816680886913,2.6045637314675574e-06,9.393448674228797e-16,5e-45,0.5,10.0,PRODUCTOR,0.009076892766843663,0.009076892766837978,0.009076892766838032,0.13841267425803708,0.13841267425801934,0.1384126742607386,0.025136256185338914,0.10942869055015253,0.0,0.00770873040886464,0.043374371277031004,5737.42347726541,0.26115033640232327
MIQUETLA-1,0.009876,0.005386114440654377,5.897203439909525e-06,0.00021790873140004464,0.001901516296059086,338.8204388875257,0.005386547448399992,0.00022304229293923397,0.0017765086022785083,0.0039622747166019505,0.005386391905079528,0.00021892561283691928,0.0017743857605674188,0.0038208368603149167,aceite_Mbd,2009-10-01,162.0,3472.0,VERTICAL,1996-06-01,0.009296496883010966,0.9999999999999999,1.9087866730198472e-12,5e-45,0.5,10.0,INACTIVO,0.00016484567906715597,0.0001648456775261981,0.0001648471335116916,0.0016296348564144338,0.0016296348466185648,0.001629634846501043,0.00159789,0.00278895,0.0,0.00010847999999999998,0.0020627149999999997,1449.7669812865838,0.07466892527459093
CASTILLO DE TEAYO-13,0.0271941770924,0.024707416738608375,0.999879593420255,0.037845198749814075,0.0020776300320645112,2.883489545199322,0.02470737407725377,0.03784569938923899,0.00154582575799972,0.009874519264567339,0.024184233845278184,0.028698728888563365,0.0013677381218470523,0.0059808801513087035,aceite_Mbd,2017-08-01,19.0,2237.0,VERTICAL,2016-01-01,0.01565153891769721,0.6540407080633637,0.3231201824480058,5e-45,0.5,10.0,INACTIVO,0.000143635850243949,0.00014336191781814036,0.00014336181633087882,8.393718974002219e-05,6.621824141747227e-05,6.956239653405155e-05,0.011198807839360501,0.0027386405668845004,0.0,0.0031110296381819825,0.01165524793384125,224.5248696501698,0.3031546741770966
CASTILLO DE TEAYO-26,0.0193626358784,0.016049269189254634,0.03352344563971563,0.00012164745910603442,0.001973935210025943,201593.94004277556,0.016058381569466783,0.00018171409714109083,0.0013828668526289123,0.007776776157725975,0.01606564087938935,0.0002293949099184536,0.0013820659045917663,0.007750100282696218,aceite_Mbd,2017-08-01,19.0,2273.0,VERTICAL,2016-01-01,0.004415680017006743,0.9999999999999999,0.0496354169169576,5e-45,0.5,10.0,INACTIVO,0.00018476154888140834,0.00018475757187222773,0.00018475937375496117,4.4074070986351405e-05,4.2752295699128994e-05,4.275229293375832e-05,0.009618440551419005,0.0018992904441510001,0.0,0.0127694930638269,0.009934988958777497,196.2825773360707,1.3125177584214671
CASTILLO DE TEAYO-25,0.0168662516071,0.01435185818290255,1.4243875084503012e-06,0.0026343015135613956,0.0026127567183456277,689.6065160244019,0.01430481149513618,0.0023186464481027296,0.0019566471238230683,0.012871692435160327,0.014351480788729519,0.0026314630434880223,0.00193988201201159,0.01232957900422783,aceite_Mbd,2017-08-01,19.0,2335.0,VERTICAL,2016-01-01,0.0087856023267102,0.999999971219758,0.13839292889831886,5e-45,0.5,10.0,INACTIVO,0.0003564749400613681,0.00035647494383146574,0.0003566313553277624,0.00010873074883130515,0.00010188592155069531,0.00010188591957054772,0.008399066122947,0.0026672080989256796,0.0,0.0027612061351840805,0.008843600806101281,326.2300936286081,0.3402731932114588
LAS CANAS-2,0.0131610655252,0.013161065524548767,3.096625722509572e-08,2.687808939001901e-11,0.0025487670763697894,0.0,0.013161063859453235,6.89468417484657e-08,0.0025155662093912516,0.007426123542619613,0.013161063992083713,1.1745339022697587e-08,0.002515557207294553,0.007426070543380149,aceite_Mbd,2020-02-01,46.0,853.0,VERTICAL,2016-05-01,0.005842951992528406,0.9999999992231798,2.737383817230356e-08,5e-45,0.5,10.0,PRODUCTOR,0.0026606604479780544,0.002660657446543799,0.0026606717933091834,0.0010230210334220915,0.0010230225535273808,0.0010230210414737867,0.021698902439592004,0.010617722577788398,0.0,0.015730678297178103,0.023468522869223414,471.9034831959303,0.6673900074363815
CASTILLO DE TEAYO-16,0.0212246167998,0.021224616799224046,5.284915974811574e-08,0.10219272623419663,0.004786856969738532,1.2970261447764544,0.021223499018196562,0.11085158552312223,0.003492247712104354,0.12461469982873533,0.02122429880009288,0.10217923613152409,0.0032745828748809015,0.09281623326867319,aceite_Mbd,2016-04-01,3.0,2280.0,VERTICAL,2016-01-01,0.0069576798315660925,0.0034160454899175297,0.0022806428777669497,5e-45,0.5,10.0,INACTIVO,2.8299246171469502e-05,2.8298248444442508e-05,3.0230267985386798e-05,5.205803234170721e-06,5.201845610498917e-06,5.204390732228144e-06,0.002244695415762,0.0008320806202970999,0.0,0.002680527236823,0.0023833755191448504,380.36927467053704,1.1211918417736113
CASTILLO DE TEAYO-24,0.0696139147711,0.06270842530360103,0.9999999999999998,0.17104250821390965,0.009288934974782495,1.1220881940176923,0.06270846325086855,0.17104284776102638,0.00777637703966772,0.05271615950048453,0.0562984894399082,0.08739793415795137,0.006626742111897688,0.019940990658367748,aceite_Mbd,2017-05-01,16.0,2360.0,VERTICAL,2016-01-01,0.0880868031173998,0.9999999999999997,0.33668885162576806,5e-45,0.5,10.0,INACTIVO,0.0018119304010648283,0.0015090230319750853,0.0015090230319791558,0.00247700867767026,0.001564068577458404,0.0015640685774584015,0.015859346926938,0.016548417718809,0.0,0.014298283946255999,0.018617416546739495,984.5752263851731,0.9315115106044835
CASTILLO DE TEAYO-14,0.024314090607,0.023189345914154648,0.9999999331697706,9.824811747500604e-08,0.003312849406737622,14724605.960318223,0.023189444313420692,5.9568309279135e-09,0.0032163394160526293,0.012480678560742687,0.023189386699353914,4.66654627919328e-08,0.0032163402218774993,0.012480712848248553,aceite_Mbd,2017-08-01,19.0,2302.0,VERTICAL,2016-01-01,0.012349878701325872,4.7990397991945335e-08,0.020902138480671198,5e-45,0.5,10.0,INACTIVO,0.001002653675785284,0.0010026540083023332,0.0010026534134005044,0.00025038771877863305,0.000250387978516093,0.00025442013648564754,0.013913682988286104,0.006114606228332401,0.0,0.0030951874262548505,0.0149327840263415,451.05723789595106,0.2264837259412728
MIQUETLA-677,0.067328,0.041855287651369616,0.9999999999999701,0.026451070142342704,0.004528953651706664,0.6374731302832374,0.041855621404272375,0.02645165771228994,0.0035066463162691176,0.00526297303900385,0.034916069343862,0.011385867481696392,0.0024671309913852375,0.0016143776921050865,aceite_Mbd,2020-02-01,115.0,2241.0,VERTICAL,2010-09-01,0.25339599477507546,6.946826952276917e-08,0.037621167606742056,5e-45,0.5,10.0,PRODUCTOR,0.0106348708477868,0.009755403179627925,0.009755403181860946,0.9382201082496342,0.9382201310561709,1.0692641438178663,0.06380208003843242,0.20816324193489233,0.0,0.008794707386977886,0.09849595369424774,2753.977520184136,0.1605669298541452
MIQUETLA-356,0.020068,0.016384249841845857,1.3177377342737066e-07,0.0031725623910086927,0.0014937157368106072,1.2019467106061654,0.016199391141218895,0.003144379437418413,0.0015664570097029052,0.002424863633169006,0.016391358633010413,0.0031786051894632543,0.0014798701158854584,0.001903172758408138,aceite_Mbd,2018-10-01,94.0,2369.0,VERTICAL,2011-01-01,0.01144099798352924,0.9999999999851416,2.6932580129963368e-09,5e-45,0.5,10.0,INACTIVO,0.0037143331054527895,0.003714334325304281,0.0037320431044354225,0.010118825080879865,0.010118825339484824,0.010118824202970273,0.03729918661852203,0.03255749182984695,0.0,0.01550903652954848,0.04272543525682984,1023.8251962213094,0.3899950303207855
CASTILLO DE TEAYO-23,0.020774667886,0.019972037622032625,3.8866019173220646e-05,0.032530753461928956,0.0026624086335602214,4.3206091272552865,0.019985796293302164,0.03926407917125071,0.0022013244780956,0.018219905199354413,0.019974048231490047,0.03253921042969899,0.0019301922277371853,0.010928956634935686,aceite_Mbd,2017-07-01,18.0,2305.0,VERTICAL,2016-01-01,0.0590707977214605,0.0001339948484764264,6.361571149412264e-11,5e-45,0.5,10.0,INACTIVO,0.0002539359860354076,0.0002539364068768636,0.0002642984912736738,0.009330273109393597,0.009330273110499594,0.009330273109459166,0.00862012082984652,0.033670355910938705,0.0,0.0017538165782684403,0.014231846815002969,4106.126684722716,0.2509648757746154
CASTILLO DE TEAYO-19,0.0141830115012,0.012430796071683218,0.9999999933373073,0.2056101471160105,0.007243953134615265,30.448923397509493,0.0124310045547761,0.20563176926104973,0.0047982584909021814,0.37008370029328885,0.012026732597542882,0.14277113969360347,0.00459536304388832,0.242015406932647,aceite_Mbd,2016-04-01,3.0,2218.0,VERTICAL,2016-01-01,0.008567894804146227,0.9999646921323959,0.12106122710588108,5e-45,0.5,10.0,INACTIVO,5.423247270906857e-05,5.317448880522324e-05,5.317448982752024e-05,3.721394942956934e-05,3.708859446874134e-05,3.708857541003382e-05,0.0011809981185936,0.0008824585164056999,0.0,9.7390451613e-07,0.00132807453799455,739.7327102291906,0.0006112962299735706
MIQUETLA-744,0.022905,0.00995093557594017,0.9999999999999999,0.01297859956351632,0.0014105026483604054,2.1566475008923196,0.009950917143098509,0.012978482960647273,0.0010891211346523131,0.005684627241149266,0.008710363944532312,0.005256606436909534,0.0008007384583334582,0.002402414819281199,aceite_Mbd,2020-02-01,108.0,1850.0,DIRECCIONAL,2011-04-01,0.006283367368368111,0.9999999999999754,3.4452388537856314e-10,5e-45,0.5,10.0,PRODUCTOR,0.0006523790815661861,0.000630472933546044,0.000630472933372344,0.0012976455114026835,0.0012976455289683273,0.0012976455101940025,0.012240389287430695,0.010556105380267201,0.0,0.00575072116768635,0.013999740184141898,1060.0662227913056,0.436637284030998
MIQUETLA-3371,0.024049,0.016360845087395208,0.9999999999999999,0.004299734575189474,0.0019278284528084877,7.904175577965265,0.016360788956328517,0.004299639967273074,0.0013518519452241252,0.0019467991488734536,0.015565772340423379,0.002744293330435393,0.001215449843970294,0.001350313024927211,aceite_Mbd,2020-02-01,108.0,2239.0,VERTICAL,2011-04-01,0.019876146838875414,0.9999999999999998,6.824443739522365e-11,5e-45,0.5,10.0,PRODUCTOR,0.0033483581252801934,0.0033147783562685555,0.003314778355371338,0.0228822703106273,0.022882270324767192,0.022882270307993634,0.0404677184216172,0.059628461353448105,0.0,0.003701951455197492,0.05040579531385855,1539.8337773965561,0.08615440712760757
CASTILLO DE TEAYO-22A,0.0180290670095,0.01802890946013454,1.3325711656146453e-07,0.25304046781482664,inf,inf,0.01802812785679511,0.2937557338034686,0.0050055540518786825,0.3947230947016752,0.01802902602932454,0.2529690586814553,0.004578967545796063,0.2483210486907491,aceite_Mbd,2016-03-01,2.0,2259.7,VERTICAL,2016-01-01,0.05579890417281325,2.0414755556372728e-07,0.17064397190181407,5e-45,0.5,10.0,INACTIVO,2.3201053745519764e-05,2.3201311433287864e-05,2.648260102219969e-05,0.00027585073138199306,0.0002758507659455723,0.00029213165675893445,0.0013156163454485998,0.004269439414746,0.0,0.0037569970333704,0.0020271895812396,3347.402349184655,2.503105474340156
MIQUETLA-3134,0.035017,0.021865265155687236,0.9999999999999998,0.018203625347773856,0.0028836356640313046,1.8141587545418387,0.02186518989339221,0.018203398135544096,0.002122855391338042,0.005440053246482946,0.019634751729067153,0.009736539383313363,0.0016843114649473419,0.002452631700420161,aceite_Mbd,2019-03-01,76.0,1870.0,DIRECCIONAL,2012-12-01,0.01681316517689841,0.9999999998274309,8.561492185562344e-10,5e-45,0.5,10.0,INACTIVO,0.00270093521287037,0.002591100177948154,0.002591100177336966,0.015908673762149796,0.015908673815195555,0.015908673855610213,0.029441846033967677,0.035307709236632255,0.0,0.007036634471700603,0.03532646424007304,1289.6168965312272,0.21991949215540058
MIQUETLA-829,0.209887,0.20988699997037064,2.6913988711319423e-11,0.012225757593940548,0.026479660503878164,0.0008157825712880992,0.20988699999999985,0.013940215598804212,0.04675306611170721,0.011802749328470617,0.20988699999999996,0.01222638120569378,0.04034620902398758,0.006668031216463446,aceite_Mbd,2020-02-01,64.0,2114.0,DIRECCIONAL,2014-11-01,0.18434558712833607,5.596855248788529e-09,6.458303104009516e-18,5e-45,0.5,10.0,PRODUCTOR,1.0301052638435197,1.030103857634462,1.0611828627015212,1.4360520000875505,1.4360520000860426,1.4360520000944796,0.260395102059234,0.30970058004503487,0.0,0.01741230036927165,0.31201186540007314,2187.6015076173317,0.05138087623970119
MIQUETLA-553,0.110849,0.08311833297353406,0.8816604606427382,0.05527348302812078,0.00911935337109536,0.5547415661116083,0.08379372186733798,0.059749671119730285,0.0075222239912486714,0.012010092696205357,0.07333673088974742,0.028183608841171326,0.005410167325640826,0.0035518871523529012,aceite_Mbd,2020-02-01,62.0,2142.0,DIRECCIONAL,2015-01-01,0.1037991143467648,0.18042450572450902,0.027698626984913637,5e-45,0.5,10.0,PRODUCTOR,0.01428951003794043,0.013205032944194594,0.01322472359121534,0.0622040056426148,0.062105609996676185,0.06357611928602552,0.0665140331044626,0.09893423192636586,0.0,0.004281378140833528,0.08300307175885688,1623.189938090552,0.08013537531860711
MIQUETLA-815,0.04382,0.026489739901549115,0.5456921794642348,0.04038752211384782,0.0033763043510902087,0.6734854014019725,0.02724355541314823,0.05321320546589456,0.0030117355526402194,0.013180586251587084,0.024698867652958843,0.027575532897940496,0.002121650388855825,0.004009235034488678,aceite_Mbd,2020-02-01,61.0,2120.0,DIRECCIONAL,2015-02-01,0.05914548863582903,5.200260037989782e-11,0.014413729815018242,5e-45,0.5,10.0,PRODUCTOR,0.0019338909766780483,0.001892878663535622,0.0019200016920003465,0.03431458293508895,0.034314562848884116,0.035824975496993414,0.02175141405699211,0.07075423963166398,0.0,0.00189073251913044,0.0335437873289361,4068.1504066786465,0.08137190468624658
MIQUETLA-852,0.118363,0.06709582584959392,0.26561173389236536,0.08224332665401217,0.00865335484994415,0.35093145119424424,0.06774971462749545,0.135598064809115,0.009479978393129689,0.038270117460811,0.0645854229558933,0.06636813944617918,0.006549980259515057,0.009924240203047816,aceite_Mbd,2020-02-01,61.0,2123.0,DIRECCIONAL,2015-02-01,0.07366491742613224,0.8010578606956982,0.04872004809731074,5e-45,0.5,10.0,PRODUCTOR,0.010951312074472159,0.010754138583075987,0.011892385403663558,0.02499987620211684,0.02394756315448352,0.023998680667672016,0.031892141949372295,0.061171742147127006,0.0,0.0033110923282927813,0.04208743230722681,2662.263854390599,0.09914438099591526
MIQUETLA-502,0.08061499999999999,0.03943953815253057,0.9999999989968079,0.03380379807830769,0.006900702288750801,1.559007733720622,0.039439515156151024,0.03380373615096015,0.005305803280842589,0.012090221138308696,0.03547478905005023,0.018197773273460095,0.004042803784371416,0.004658989622766121,aceite_Mbd,2020-02-01,61.0,2129.0,DIRECCIONAL,2015-02-01,0.04503410119542322,0.9999999999999999,0.002654731938679111,5e-45,0.5,10.0,PRODUCTOR,0.00890038459535339,0.008567288935327048,0.008567288935153987,0.04013229235919389,0.040097582097329915,0.040097582032385365,0.03836840617411171,0.072859660428663,0.0,0.003197586695393491,0.050511682912222196,2026.8212938840547,0.09572299061627876
PALO BLANCO-8396,0.0243080064516,0.016750602962121535,5.682578106862721e-07,0.006113597167377891,0.0011915843002784435,4.058638427746338,0.016803204291827342,0.0069045829284677274,0.0012559582769542134,0.003484808240837623,0.016751802904711406,0.006110055552969894,0.0011676213972211347,0.00261452232051992,aceite_Mbd,2020-02-01,50.0,1671.0,DIRECCIONAL,2016-01-01,0.02206862275302063,0.9999999999987603,0.0024264598665226303,5e-45,0.5,10.0,PRODUCTOR,0.0007596881743472351,0.0007596884488220016,0.0007619633791983885,0.005024129348160329,0.005022115534865995,0.005022115533738732,0.0220911170943753,0.0318759604466274,0.0,0.004011050273549249,0.027403777168813193,1522.0368711727394,0.18898533728481257
MIQUETLA-1606,0.239337354839,0.2041888328115558,2.4064692997493807e-08,0.018004448362185257,0.023853088923370985,0.3222564343706652,0.19871608002381144,0.021588342338675216,0.028335642204811405,0.010085972275160726,0.20410234427831775,0.017980883376161095,0.023225511580852277,0.004969178664119889,aceite_Mbd,2020-02-01,51.0,2118.0,DIRECCIONAL,2015-12-01,0.16256961830070746,9.100566447296878e-08,0.005048961585319544,5e-45,0.5,10.0,PRODUCTOR,0.20921839584637236,0.20921852380730036,0.22197720636088963,0.37364958421911254,0.37364963336349977,0.3756652807628061,0.19755003542341718,0.22578929559374408,0.0,0.017724924513300693,0.23518158468904105,1209.742533446312,0.152075759655704
MIQUETLA-847,0.0927851034483,0.09278509953968207,1.6618120830028607e-08,0.011199342058924977,0.011743524907150249,0.2608850412464249,0.09278510344829835,0.01275062253064417,0.012321613644798021,0.007501855339534858,0.09278510344829999,0.011197746231923609,0.01088304219157746,0.004676166185382141,aceite_Mbd,2020-02-01,51.0,2172.0,DIRECCIONAL,2015-12-01,0.04849310731785285,0.0064918169924190056,5.3348316480759245e-20,5e-45,0.5,10.0,PRODUCTOR,0.05873152381776661,0.05873152491862655,0.060397743585048555,0.03825230333808982,0.038252302033221997,0.038252303376507625,0.10937959355408126,0.07273966097292033,0.0,0.09286360284565054,0.12150287038290139,779.1508165491271,1.231039517168429
MIQUETLA-10,0.00258641459581,0.002536523865148375,0.999999999999683,1.0149135773345996,0.00021244341433483444,0.3693597521019016,0.002536536116553535,1.014946333928686,0.00020711726875374036,0.25850050313524475,0.00256449341803481,0.9675486576841686,0.0002907593205090916,0.39295634544588387,aceite_Mbd,2018-07-01,30.0,2173.9,VERTICAL,2016-01-01,0.0762079435161502,0.9999999999999999,2.358991260048016,5e-45,0.5,10.0,INACTIVO,1.8601602108776367e-06,9.482591651406822e-07,9.482591472916046e-07,0.0005021426785849535,0.00032703735751110646,0.0003270373565564266,0.0002501578668375479,0.0038489860822422855,0.0,1.9596015346379997e-06,0.0008916555472112619,7081.945714682945,0.011098340728462322
MIQUETLA-805,0.0467907586207,0.030066598772613223,0.5762147478674452,0.032748108374710254,0.0031160061528867624,0.9457061423347053,0.030781101844881014,0.040749662677268955,0.0026365265658739724,0.009120663987500655,0.02878571462001369,0.0240710155207366,0.0020278363494877173,0.00350678923679305,aceite_Mbd,2020-02-01,50.0,2163.0,DIRECCIONAL,2016-01-01,0.036805030022996114,0.9999999999999999,2.595069832746284e-13,5e-45,0.5,10.0,PRODUCTOR,0.0015911330985195463,0.0015735639858784891,0.0015833734721773394,0.04802345318977572,0.04802345318913936,0.04802345318906321,0.0257421541001121,0.05631169643668981,0.0,0.00288696702032004,0.035127436839560405,2400.0095721248067,0.1151707715421497
MIQUETLA-1616,0.105502193548,0.09807346524561893,9.234804758229092e-09,0.015167086417492953,0.005361470609758439,0.07174170767417365,0.09871868705510375,0.019426973532253883,0.006338108372772902,0.004500908846833025,0.09806395394170897,0.015161629311682535,0.005256747613580434,0.0023789829189936555,aceite_Mbd,2020-02-01,48.0,1586.0,DIRECCIONAL,2016-03-01,0.18727203224292047,0.9999999999996498,4.526593696156822e-11,5e-45,0.5,10.0,PRODUCTOR,0.011863819500715479,0.01186382085175488,0.012743804286498748,0.6290564972390525,0.6290564995358353,0.6290564972526086,0.10236084333011398,0.3880429374812789,0.0,0.004490906492635829,0.16703466624366045,4320.74804841094,0.04377628275832058
MIQUETLA-1608,0.114626548387,0.07485468887357591,3.1618104739839517e-09,0.003654505859198263,0.008084406179014583,0.043663855575851215,0.07497516191701152,0.003949000719083361,0.008306535241893889,0.0048422763037213904,0.07485405028003152,0.003654116372340511,0.007975437522805733,0.004097050186751762,aceite_Mbd,2020-02-01,47.0,2101.0,DIRECCIONAL,2016-04-01,0.04802483326349024,3.961372183117873e-09,0.0009753169331821951,5e-45,0.5,10.0,PRODUCTOR,0.03170995268715905,0.03170995234567713,0.031713557974927635,0.022976044551348235,0.022976044206259403,0.022976882603491962,0.09497604001368604,0.0647879810365269,0.0,0.0410655264575022,0.10577403685310716,706.4526437475433,0.48984648338822045
MIQUETLA-833,0.030093716129,0.01322259091476002,0.9999999999999981,0.03764498512025661,0.0024766438439678953,1.9602526956323911,0.013222493274515502,0.037644084448096256,0.0018877695059816223,0.014821594220180905,0.01159070912315438,0.0188203773722502,0.0014521588640032752,0.006001040107223007,aceite_Mbd,2020-02-01,47.0,2095.0,DIRECCIONAL,2016-04-01,0.008301329432311112,0.9999999997698683,7.474244098098793e-09,5e-45,0.5,10.0,PRODUCTOR,0.0007972465788665556,0.0007648669329716569,0.0007648669327645384,0.003710691679057066,0.003710693021418706,0.003710691598673697,0.010942447132084804,0.01981040718178869,0.0,0.0011304078010414558,0.014244181662382912,2031.4944201218407,0.09210648635212793
MIQUETLA-1044,0.026657577419400003,0.026657355134191284,0.37231896112688295,3.055450864837391,inf,inf,0.026605006758712815,19.99999999978437,inf,inf,0.026609715511289052,1.0203174080012616,inf,inf,aceite_Mbd,2016-10-01,5.0,2090.0,DIRECCIONAL,2016-05-01,0.006842307316878862,0.5000095143633383,4.999994746017348,5e-45,0.5,10.0,INACTIVO,2.2908069899389395e-09,6.154927885601938e-14,1.3096804542312754e-08,5.951662704929456e-10,2.9543340038701027e-09,1.0966506868861423e-08,0.0008045802396787801,0.00020823123000003003,0.0,0.000201579348386961,0.0008392854446787852,268.0569924694154,0.2506966464791135
MIQUETLA-3275,0.094113,0.08928574006694245,1.0092019398175524e-08,0.09059619133411179,0.009191550284813506,0.1285669530260186,0.09185474913644331,0.16851417580126166,0.011110995866910023,0.044652839505541345,0.08928468842123041,0.09059380691647803,0.007142969593050307,0.011288355695890318,aceite_Mbd,2018-11-01,30.0,2162.0,DIRECCIONAL,2016-05-01,0.030732736411915016,9.741559680688554e-08,0.014113233396174405,5e-45,0.5,10.0,INACTIVO,0.00448865974609173,0.0044886597072804485,0.006262639813946634,0.014206842984506753,0.014206856702329376,0.014298980388102914,0.028827879276306596,0.02284791644280828,0.0,0.05634171375874469,0.03263586535010797,1261.0139916941712,3.634054937219781
MIQUETLA-849DES,0.140881709677,0.1038298660859973,2.0062019248244971e-10,0.049592744434530246,0.0086461158861853,0.004098376437130792,0.10571123573413087,0.07209933759916189,0.015186250903553702,0.02930790485975418,0.10384126456064717,0.049606546727460316,0.012062470583046455,0.012467897355456036,aceite_Mbd,2020-02-01,23.0,2124.5,DIRECCIONAL,2018-03-01,0.1389082560632476,0.9996712358535076,2.456107292594258e-17,5e-45,0.5,10.0,PRODUCTOR,0.01366622487995143,0.013666212891452428,0.014466698407202366,0.08951899974414089,0.08951899973188585,0.08951899973255069,0.046775264913399,0.104181175470429,0.0,0.0033194386033977004,0.0641387941584705,2619.525704439561,0.07959791007006747
MIQUETLA-1604DES,0.129192,0.0976043400227395,4.445210300738104e-06,0.007821970978410576,0.022147097487287933,69.96891203658156,0.09763664223736473,0.008312067538490639,0.016503183329278935,0.015869562660633465,0.09759939906834375,0.00781693009100045,0.015847936010340822,0.013455150825462637,aceite_Mbd,2020-02-01,22.0,2124.0,DIRECCIONAL,2018-04-01,0.06728248590688642,3.021256860143151e-10,7.548726279993804e-12,5e-45,0.5,10.0,PRODUCTOR,0.03265029432399013,0.032650294597874455,0.03266271013658012,0.022215765007609568,0.022215765004619997,0.0222157650180606,0.064647830600943,0.048443391154806587,0.0,0.06892389505036771,0.07272172912674411,765.1669143873751,1.1472641785736388
MIQUETLA-865DES,0.0989105666667,0.04451657776644268,1.5627119925507287e-11,7.137015997796786e-09,0.017519623145666283,0.20893176698783175,0.044516589394585755,1.7931604803550244e-10,0.01775271071942889,0.0931369713690139,0.04451658225276103,3.312159162786383e-09,0.017752710636921045,0.09313698248544879,aceite_Mbd,2019-01-01,7.0,2165.0,DIRECCIONAL,2018-06-01,0.03858755352119053,0.9999999999987795,4.12853700353378e-11,5e-45,0.5,10.0,INACTIVO,0.005294666587708328,0.005294666580759574,0.005294666581134276,0.00715653690002251,0.007156536901023571,0.007156536900013921,0.012019479551615999,0.010418641657425003,0.0,0.011933381709687899,0.0137559198278535,960.7457187198618,1.2564429613909402
MIQUETLA-827DES,0.0929294516129,0.07081690682462213,0.15434701846042442,0.05202216790169652,0.011698363426649013,2.2074277951527095,0.07229184416473637,0.07072452319637264,0.010192699506158998,0.03039951305651176,0.0703232974707839,0.04883160211014225,0.008324810114059951,0.014026772816171583,aceite_Mbd,2020-02-01,20.0,2142.0,DIRECCIONAL,2018-06-01,0.042226358992770316,4.3047142547945733e-07,0.035990952088250545,5e-45,0.5,10.0,PRODUCTOR,0.005508875473522838,0.005505590495230434,0.005597387305612736,0.0033870214398936454,0.0033870214840095118,0.00347170267180255,0.030070295377119003,0.02002160400524099,0.0,0.023360127151517102,0.03340722937799251,700.5201716289716,0.8654233996306698
MIQUETLA-1636DES,0.0506611935484,0.038638043432987226,0.9999999999999597,0.04411525431470815,0.006575507356700419,4.707319206180739,0.038638043959151866,0.044115257137657515,0.00477664177084593,0.021479634483186006,0.03680328479376918,0.029408680753209064,0.0041615083810455,0.012312167378781784,aceite_Mbd,2020-02-01,19.0,2112.0,DIRECCIONAL S,2018-07-01,0.036620016572463034,0.0038112824616869743,0.00010305902114635273,5e-45,0.5,10.0,PRODUCTOR,0.0014192948043691986,0.0013702641425643028,0.0013702641425647518,0.00771683652612288,0.007716836013067014,0.007716837101369076,0.017100825819360004,0.021951077824788,0.0,0.0183251008681041,0.020759338790157997,1363.0381499835073,1.125526575676068
MIQUETLA-1618DES,0.0475833548387,0.04019555733562599,0.36630620143846304,0.10025884569835095,0.005970509304581948,1.0205693342536077,0.041560845800407135,0.14196169443999507,0.0055098979698820875,0.04687426456358594,0.03885015245416346,0.08021280439094869,0.004197824422496689,0.016464823987500574,aceite_Mbd,2020-02-01,19.0,2098.0,DIRECCIONAL,2018-07-01,0.0755749113799752,0.9999999999999989,5.2686037048459815e-11,5e-45,0.5,10.0,PRODUCTOR,0.0010708638815166338,0.001060158579614649,0.0010910523691707002,0.008771102151339123,0.008771102140853833,0.00877110213709481,0.012975922781246098,0.04761219731482501,0.0,0.0064894666864068005,0.020911289000383606,4551.86684924724,0.7503810684351366
MIQUETLA-1614DES,0.0536394516129,0.031892042350406456,4.442483052585823e-05,0.07910728916360613,0.009081501579208158,2.220351262236288,0.03139943789618674,0.10943806006893689,0.00849189880680195,0.08156871210160874,0.031892024789701386,0.07910588710004295,0.006792638755417377,0.033450388686559335,aceite_Mbd,2020-02-01,18.0,2077.0,DIRECCIONAL,2018-08-01,0.013812422354219908,0.9999999999999999,4.765939820086442e-12,5e-45,0.5,10.0,PRODUCTOR,0.0027132742544253336,0.0027132782153872323,0.002852316422816099,0.0008333411045354911,0.00083334110144898,0.000833341121850538,0.010480249127824201,0.008287453708411769,0.0,0.0131579082416748,0.011861491412559494,1118.3270209571738,1.5466968940705847
