pozo,fecha,cuenca,contrato,aceite_Mbd,gas_asociado_MMpcd,gas_no_asociado_MMpcd,agua_Mbd,condensado_Mbd,ano_de_perforacion,campo,clasificacion,disponible,entidad,estado_actual,profundidad_total,profundidad_vertical,tipo_de_hidrocarburo,trayectoria,ubicacion,tiempo_perforacion,dias_perforacion,first_oil,days_online,Qi_hist,mes,pct_cambio_Qo,exponencial,hiperbolica,harmonica,residual_exponencial,residual_hiperbolica,residual_harmonica,gas_exponencial,gas_hiperbolica,gas_harmonica,residual_gas_exponencial,residual_gas_hiperbolica,residual_gas_harmonica,condensado,Np_MMb,Gp_MMMpc,Cp_MMb,Wp_MMb,RGA,corte_agua,Mbpced,acum_BOE,liquidos_Mbd
MIQUETLA-122,2020-02-01,TAMPICO-MISANTLA,CNH-M5-MIQUETLA/2018,0.013455556690200002,0.0130461432075,0.0,0.00267691485055,0.0,1962.0,MIQUETLA,DESARROLLO,Disponible,VERACRUZ DE IGNACIO DE LA LLAVE,PRODUCTOR,2060.0,,ACEITE-GAS,VERTICAL,TERRESTRE,0.0,29.0,1966-01-01,19754,0.06695599999999999,658.0,-0.5951793810028437,0.019739282090905856,0.018719126915016468,0.01871887205162538,3.948520491147595e-05,2.7705171511574464e-05,2.7702488593816346e-05,0.0,2.0522000898371112e-52,5.065342923715935e-49,0.00017020185259059836,0.00017020185259059836,0.00017020185259059836,4.6165148802739176e-52,0.38936775273993585,0.32574644287746585,0.0,0.09011172836084193,969.5729064113574,0.1989449349575897,0.015629913891450003,0.44365882655284644,0.016132471540750003
MIQUETLA-64,2020-02-01,TAMPICO-MISANTLA,CNH-M5-MIQUETLA/2018,0.00516554053433,0.0234274492128,0.0,0.000936099133671,0.0,1961.0,MIQUETLA,DESARROLLO,Disponible,VERACRUZ DE IGNACIO DE LA LLAVE,PRODUCTOR,2156.0,,ACEITE-GAS,VERTICAL,TERRESTRE,1.0,33.0,1966-03-01,19695,0.102666,656.0,0.0386108403384009,0.0045684903097073445,0.00594409953099221,0.005944126204354185,3.5646897072196343e-07,6.061541112836667e-07,6.061956455670085e-07,0.004669764622378507,0.011482206668442926,0.011704593239013399,0.00035185073119373594,0.00014268881944351825,0.0001374253521821442,4.6446986663490926e-52,0.14595970809778755,0.3150133330140757,0.0,0.042171105049472656,4535.333535203527,0.18121997638963785,0.00907011540313,0.19846193026680026,0.006101639668001
MIQUETLA-2,2020-02-01,TAMPICO-MISANTLA,CNH-M5-MIQUETLA/2018,0.0161894834521,0.0350221465069,0.0,7.17769728426e-05,0.0,1960.0,MIQUETLA,DESARROLLO,Disponible,VERACRUZ DE IGNACIO DE LA LLAVE,PRODUCTOR,2414.6,,ACEITE-GAS,VERTICAL,TERRESTRE,2.0,72.0,1968-03-01,18964,0.015826,632.0,0.15165536571061589,0.0,0.015825999982591203,0.015825993563606224,0.00026209937444581974,1.3212023260615305e-07,1.3212489903721818e-07,0.0,0.01583499992610969,0.015834999891518254,0.0012265507459507678,0.00036814659391273314,0.00036814659524015515,5.004042766150773e-52,0.17289077367712682,0.2560279419039619,0.0,0.020630419696329998,2163.2652215569697,0.004433555465495073,0.022026507869916667,0.21556209732778736,0.0162612604249426
MIQUETLA-3,2020-02-01,TAMPICO-MISANTLA,CNH-M5-MIQUETLA/2018,0.0152584808478,0.0352245866602,0.0,4.05081692391e-05,0.0,1960.0,MIQUETLA,DESARROLLO,Disponible,VERACRUZ DE IGNACIO DE LA LLAVE,PRODUCTOR,2100.4,,ACEITE-GAS,VERTICAL,TERRESTRE,1.0,37.0,1968-04-01,18933,0.214692,631.0,0.18660291085465586,0.0,0.011351133186633748,0.01135123142754214,0.0002328212377826794,1.5267365745221383e-05,1.526659803210538e-05,0.0,0.010593999999999682,0.010593999769580966,0.00124077150538194,0.000606665799225638,0.0006066658105763342,5.0199109748908066e-52,0.3239930036133431,0.9024469307223516,0.0,0.021140492323695467,2308.525141628287,0.0026547970039193353,0.021129245291166665,0.47440082540040185,0.0152989890170391
MIQUETLA-9,2020-02-01,TAMPICO-MISANTLA,CNH-M5-MIQUETLA/2018,0.0111713758813,0.0208738291319,0.0,0.000325826578662,0.0,1960.0,MIQUETLA,EXPLORATORIO,Disponible,VERACRUZ DE IGNACIO DE LA LLAVE,PRODUCTOR,2145.0,,ACEITE,VERTICAL,TERRESTRE,1.0,48.0,1968-10-01,18750,0.127419,625.0,0.15987762007744633,0.0,0.005128053930205738,0.005128055890336663,0.00012479963908129137,3.652174020457776e-05,3.652171651317712e-05,0.0,0.015460597777001548,0.015460707366262361,0.00043571674262775714,2.9303073701655748e-05,2.930188724961996e-05,5.116724772193179e-52,0.06643874363936814,0.09833085504218556,0.0,0.022206897359093387,1868.5101417848755,0.029166199591171928,0.014650347403283335,0.0828272194797324,0.011497202459962
MIQUETLA-13,2020-02-01,TAMPICO-MISANTLA,CNH-M5-MIQUETLA/2018,0.00613412417953,0.0217748127768,0.0,0.0005995543456039999,0.0,1960.0,MIQUETLA,DESARROLLO,Disponible,VERACRUZ DE IGNACIO DE LA LLAVE,INACTIVO,2075.5,,ACEITE-GAS,VERTICAL,TERRESTRE,1.0,40.0,1969-02-01,18627,0.239686,621.0,1.0397394150876802,0.0,0.005340979713396507,0.005340982890658738,3.762747944989459e-05,6.290781441581835e-07,6.290731041123663e-07,0.0,0.004573737075619685,0.0141661444150385,0.0004741424714646925,0.0002958770052777359,5.789183423927043e-05,5.1828316421408164e-52,0.14247102092416,0.2395197476269458,0.0,0.015305712459319281,3549.783496308091,0.09774082298574173,0.00976325964233,0.1823909788619844,0.0067336785251339995
MIQUETLA-14,2020-02-01,TAMPICO-MISANTLA,CNH-M5-MIQUETLA/2018,0.00595041328526,0.035415780138199994,0.0,0.000929995669488,0.0,1961.0,MIQUETLA,DESARROLLO,Disponible,VERACRUZ DE IGNACIO DE LA LLAVE,PRODUCTOR,2032.0,,ACEITE-GAS,VERTICAL,TERRESTRE,0.0,24.0,1969-03-01,18599,0.116666,620.0,-0.011910502037188908,0.0,0.0021311291239086766,0.006902932641521658,3.540741826539871e-05,1.4586931505149085e-05,9.072931240531233e-07,0.0,0.0010540443075809632,0.01702461183377657,0.0012542774827973213,0.0011807288892932476,0.00033823507160162875,5.199558536682001e-52,0.12025576883652182,0.27341228482239704,0.0,0.006007882179050367,5951.818544424435,0.15629093726846308,0.011853043308293332,0.16582448297358804,0.0068804089547480005
MIQUETLA-15,2020-02-01,TAMPICO-MISANTLA,CNH-M5-MIQUETLA/2018,0.00966208167971,0.0221851914578,0.0,0.0015280010851199998,0.0,1960.0,MIQUETLA,DESARROLLO,Disponible,VERACRUZ DE IGNACIO DE LA LLAVE,PRODUCTOR,2054.0,,ACEITE-GAS,VERTICAL,TERRESTRE,1.0,34.0,1969-04-01,18568,0.16008599999999998,619.0,0.2922128257870249,0.0,0.0008118795118266071,0.011899265834077116,9.33558223853876e-05,7.832607841240791e-05,5.004992940551308e-06,0.0,0.001685604622095641,0.018319372249093042,0.000492182720019242,0.0004202330604345835,1.4944558154407687e-05,5.216366537801548e-52,0.1657730241348808,0.24857098488004054,0.0,0.010650026441465867,2296.1088710715467,0.15814408693405516,0.013359613589343332,0.2072015216148876,0.011190082764829998
MIQUETLA-16,2020-01-01,TAMPICO-MISANTLA,CNH-M5-MIQUETLA/2018,0.00761432210354,0.0341502911847,0.0,0.000269185598352,0.0,1960.0,MIQUETLA,DESARROLLO,Disponible,VERACRUZ DE IGNACIO DE LA LLAVE,PRODUCTOR,2071.5,,ACEITE-GAS,VERTICAL,TERRESTRE,0.0,27.0,1969-05-01,18507,0.094753,617.0,2.0446540933059034,0.0,0.006594898030994764,0.017357301977215075,5.797790109645781e-05,1.0392254396847145e-06,9.492565681883759e-05,0.0,0.07092984706374046,0.07092984676188098,0.0011662423879997984,0.00135273573065946,0.0013527357084549448,5.250227964898236e-52,0.34903501662449665,0.7575307667354546,0.0,0.005599294782330111,4485.007426836208,0.03535253627198829,0.01330603730099,0.4752901444137386,0.007883507701892
MIQUETLA-17,2020-02-01,TAMPICO-MISANTLA,CNH-M5-MIQUETLA/2018,0.0107774577171,0.06140793990330001,0.0,9.60475642082e-05,0.0,1960.0,MIQUETLA,DESARROLLO,Disponible,VERACRUZ DE IGNACIO DE LA LLAVE,PRODUCTOR,2092.4,,ACEITE-GAS,VERTICAL,TERRESTRE,1.0,55.0,1969-06-01,18507,0.06499500000000001,617.0,0.1435493999009272,0.0,0.012321488325244443,0.012321693154281874,0.00011615359484387833,2.384030518886898e-06,2.3846630854482927e-06,0.0,0.029097129991020404,0.0290971829725481,0.003770935083167306,0.0010439884371874662,0.001043985013438133,5.250227964898236e-52,0.11056617084766805,0.22870385816470193,0.0,0.006885311038048414,5697.813112814853,0.00891189431954872,0.02101211436765,0.1486834805417849,0.0108735052813082
MIQUETLA-19,2020-02-01,TAMPICO-MISANTLA,CNH-M5-MIQUETLA/2018,0.017332974712599997,0.130234624125,0.0,0.00236968170343,0.0,1960.0,MIQUETLA,DESARROLLO,Disponible,VERACRUZ DE IGNACIO DE LA LLAVE,PRODUCTOR,2064.0,,ACEITE-GAS,VERTICAL,TERRESTRE,1.0,32.0,1969-08-01,18446,0.336809,615.0,0.02839230207929333,0.0,0.015715250708982272,0.015715245559803585,0.00030043201238763096,2.6170309518809615e-06,2.617047611807399e-06,0.0,0.073189636847678,0.0731895901710942,0.016961057320980032,0.0032541305734698294,0.0032541358988022666,5.284420176508089e-52,0.4367053477654963,0.8975444147160487,0.0,0.018483456823272876,7513.691462915914,0.13671523455851972,0.039038745400099994,0.5862960835515052,0.019702656416029998
MIQUETLA-21,2020-02-01,TAMPICO-MISANTLA,CNH-M5-MIQUETLA/2018,0.0140444847442,0.046966115546900014,0.0,0.00017593901404099998,0.0,1960.0,MIQUETLA,DESARROLLO,Disponible,VERACRUZ DE IGNACIO DE LA LLAVE,PRODUCTOR,2078.0,,ACEITE-GAS,VERTICAL,TERRESTRE,1.0,33.0,1969-10-01,18385,0.363997,613.0,0.16874852668569473,0.0,0.006109092587969066,0.006109092492596329,0.00019724755173006653,6.297044867317143e-05,6.297045018681159e-05,0.0,0.018855317117466304,0.02165347185195533,0.0022058160095647632,0.0007902169883402528,0.0006407299308272228,5.3189474951799694e-52,0.12853576263123392,0.2039927781780708,0.0,0.006143613686590959,3344.096732797248,0.012527267268644948,0.021872170668683334,0.16253455899424585,0.014220423758240999
MIQUETLA-22,2020-02-01,TAMPICO-MISANTLA,CNH-M5-MIQUETLA/2018,0.00535340310984,0.052950283965,0.0,1.04139227202e-05,0.0,1960.0,MIQUETLA,DESARROLLO,Disponible,VERACRUZ DE IGNACIO DE LA LLAVE,PRODUCTOR,2100.0,,ACEITE-GAS,VERTICAL,TERRESTRE,1.0,33.0,1969-11-01,18354,0.377598,612.0,0.15270868482794242,0.0,0.007263468548863977,0.007623416095905886,2.8658924856444578e-05,3.6483499813538605e-06,5.152958956907761e-06,0.0,0.025779999755848885,0.025779999999987334,0.0028037325719741358,0.0007382243440060463,0.0007382243307394242,5.336338189792417e-52,0.22183569662685093,0.4856604734048059,0.0,0.014675622988434302,9890.957747544357,0.0019452902212908916,0.014178450437339998,0.30277910886098586,0.005363817032560199
MIQUETLA-23A,2020-02-01,TAMPICO-MISANTLA,CNH-M5-MIQUETLA/2018,0.0144587079707,0.034637197808199995,0.0,5.49702647791e-05,0.0,1960.0,MIQUETLA,DESARROLLO,Disponible,VERACRUZ DE IGNACIO DE LA LLAVE,PRODUCTOR,2108.0,,ACEITE-GAS,VERTICAL,TERRESTRE,0.0,28.0,1970-01-01,18293,0.293592,610.0,0.14552570314657176,0.0,0.006791305131872294,0.008188000180555908,0.00020905423618198374,5.878906629286317e-05,3.9321776189373814e-05,0.0,0.02541685518201381,0.025416779643102277,0.0011997354720043746,8.501471814426596e-05,8.501611113926397e-05,5.371376429175555e-52,0.20596590969687284,0.37677282268252216,0.0,0.011217228154690057,2395.5942590714817,0.003801879454962025,0.020231574272066667,0.2687613801439598,0.0145136782354791
MIQUETLA-24,2020-02-01,TAMPICO-MISANTLA,CNH-M5-MIQUETLA/2018,0.00931637209767,0.0145520730139,0.0,0.0021401496224600003,0.0,1960.0,MIQUETLA,EXPLORATORIO,Disponible,VERACRUZ DE IGNACIO DE LA LLAVE,PRODUCTOR,2040.0,,ACEITE,VERTICAL,TERRESTRE,0.0,30.0,1970-02-01,18262,0.171622,609.0,-0.040575006113753864,0.0,0.004583850065183206,0.004583869100493203,8.679478906224413e-05,2.2396764787972942e-05,2.2396584618287368e-05,0.0,0.019634745640296717,0.019634745469070843,0.0002117628290018766,2.5833561027122506e-05,2.5833559286552412e-05,5.389025099492181e-52,0.14270883525002362,0.20204153303494318,0.0,0.019179335948271984,1561.9892444548702,0.2297192082951738,0.011741717599986667,0.1763824240891805,0.011456521720130002
MIQUETLA-25,2020-02-01,TAMPICO-MISANTLA,CNH-M5-MIQUETLA/2018,0.0003289949304140001,0.00170949462719,0.0,3.06240787964e-05,0.0,1960.0,MIQUETLA,DESARROLLO,Disponible,VERACRUZ DE IGNACIO DE LA LLAVE,PRODUCTOR,1995.0,,ACEITE-GAS,VERTICAL,TERRESTRE,1.0,31.0,1970-03-01,18234,0.168404,608.0,-0.9103774374944578,0.0,0.007976996060518613,0.007976995969490494,1.0823766423811279e-07,5.849192128608143e-05,5.849191989371512e-05,0.0,0.027005543970446914,0.02700554401146431,2.9223718803914773e-06,0.0006398901123764885,0.0006398901144516447,5.4067608949746424e-52,0.08074126690470917,0.1515011019941993,0.0,0.016939758773445526,5196.112368779692,0.09308374070647021,0.0006139107016123334,0.10599145057040907,0.0003596190092104001
MIQUETLA-26,2020-02-01,TAMPICO-MISANTLA,CNH-M5-MIQUETLA/2018,0.0502528542882,0.0247876720942,0.0,0.00937573361427,0.0,1961.0,MIQUETLA,DESARROLLO,Disponible,VERACRUZ DE IGNACIO DE LA LLAVE,PRODUCTOR,2005.0,,ACEITE-GAS,VERTICAL,TERRESTRE,0.0,26.0,1970-04-01,18203,0.313861,607.0,0.05500310491780125,0.0,0.021389306043308617,0.021389306021429785,0.002525349364111061,0.0008331044172851723,0.0008331044185481738,0.0,0.05454470290183307,0.05505006982791273,0.0006144286878495813,0.0008854808824864236,0.0009158127165934215,5.424584390042372e-52,0.23987468838302997,0.4578387869477866,0.0,0.035661949099147064,493.25898887340327,0.1865711658983625,0.05438413297056666,0.31618115287432774,0.05962858790247
MIQUETLA-27,2020-02-01,TAMPICO-MISANTLA,CNH-M5-MIQUETLA/2018,0.0154122969424,0.0182383582484,0.0,0.0401825759999,0.0,1960.0,MIQUETLA,DESARROLLO,Disponible,VERACRUZ DE IGNACIO DE LA LLAVE,PRODUCTOR,2004.0,,ACEITE-GAS,VERTICAL,TERRESTRE,0.0,26.0,1970-05-01,18173,0.361156,606.0,0.05816978510684723,0.0,0.016369729913860223,0.016979980008541878,0.0002375388970407124,9.166778948391511e-07,2.4576301958679965e-06,0.0,0.03204099999624636,0.032040999969080934,0.0003326377115969804,0.00019051291921939108,0.0001905129184694819,5.442496163856578e-52,0.20058991700257958,0.30884036644632684,0.0,0.279602308593055,1183.364057710656,2.607176344322547,0.018452023317133335,0.25206331141030053,0.055594872942300005
MIQUETLA-28,2020-02-01,TAMPICO-MISANTLA,CNH-M5-MIQUETLA/2018,0.0606298903448,0.0247876720942,0.0,0.0273202596061,0.0,1960.0,MIQUETLA,DESARROLLO,Disponible,VERACRUZ DE IGNACIO DE LA LLAVE,PRODUCTOR,2049.7,,ACEITE-GAS,VERTICAL,TERRESTRE,0.0,0.0,1970-06-01,18142,0.222449,605.0,-0.0390020482939224,0.0,0.02146371082368045,0.02146371018734982,0.0036759836032224723,0.001533989618280564,0.0015339896681258443,0.0,0.03394009038451452,0.0357700436609372,0.0006144286878495813,8.376676056088372e-05,0.00012061248522987778,5.460496800367295e-52,0.21505017426315326,0.29603441040062656,0.0,0.19448126104397306,408.83583910895106,0.4506071089809114,0.06476116902716667,0.26438924266325753,0.0879501499509
MIQUETLA-31,2020-02-01,TAMPICO-MISANTLA,CNH-M5-MIQUETLA/2018,0.0201029960118,0.05601781462,0.0,0.00406868787618,0.0,1961.0,MIQUETLA,DESARROLLO,Disponible,VERACRUZ DE IGNACIO DE LA LLAVE,PRODUCTOR,2030.0,,ACEITE-GAS,VERTICAL,TERRESTRE,0.0,22.0,1970-09-01,18050,0.25222100000000003,602.0,0.030683006031441584,0.0,0.005079504579159027,0.00507950461741578,0.0004041304486504467,0.00022570529482663672,0.0002257052936771367,0.0,0.01839799999992252,0.018397999991099454,0.003137995554800686,0.001415250452048995,0.0014152504527128393,5.5150377984145586e-52,0.12277187560918316,0.18733990790170957,0.0,0.012916464345321118,2786.540602560873,0.2023921147769105,0.029439298448466666,0.1539951935928016,0.02417168388798
MIQUETLA-32,2020-02-01,TAMPICO-MISANTLA,CNH-M5-MIQUETLA/2018,0.0172107678517,0.07630869108850001,0.0,0.0066670300954,0.0,1960.0,MIQUETLA,DESARROLLO,Disponible,VERACRUZ DE IGNACIO DE LA LLAVE,PRODUCTOR,2029.0,,ACEITE-GAS,VERTICAL,TERRESTRE,0.0,25.0,1970-10-01,18020,0.320983,601.0,0.058897129718555874,0.0,0.01203489301867165,0.012034892913986834,0.00029621053004511027,2.678968028717625e-05,2.6789681370847274e-05,0.0,0.052355081838291004,0.052355081849724774,0.005823016335640121,0.0005737753961116985,0.0005737753955639384,5.533399822665602e-52,0.11098952752039144,0.3109891861861589,0.0,0.015848320925207104,4433.776095641345,0.3873755170511734,0.02992888303311667,0.16282105855141796,0.023877797947100002
MIQUETLA-35,2020-02-01,TAMPICO-MISANTLA,CNH-M5-MIQUETLA/2018,0.00920573083375,0.0691989179296,0.0,0.00102438852844,0.0,1960.0,MIQUETLA,DESARROLLO,Disponible,VERACRUZ DE IGNACIO DE LA LLAVE,PRODUCTOR,2000.0,,ACEITE-GAS,VERTICAL,TERRESTRE,1.0,38.0,1971-01-01,17928,0.292171,598.0,0.10307867994097486,0.0,0.011286743481088744,0.011286760960556839,8.474548018345547e-05,4.330613638383806e-06,4.330686388677687e-06,0.0,0.02152643965323153,0.029398962455496093,0.004788490242627517,0.002272665185010824,0.001584036455740654,5.5890394911470174e-52,0.4203736201075073,0.8102214512510791,0.0,0.027762752931302606,7516.939087106838,0.11127726271165701,0.02073888382201667,0.5554105286493537,0.01023011936219
MIQUETLA-36,2020-02-01,TAMPICO-MISANTLA,CNH-M5-MIQUETLA/2018,0.00607384425237,0.072677577044,0.0,0.0006495888408080001,0.0,1960.0,MIQUETLA,DESARROLLO,Disponible,VERACRUZ DE IGNACIO DE LA LLAVE,INACTIVO,2001.0,,ACEITE-GAS,VERTICAL,TERRESTRE,1.0,32.0,1971-02-01,17897,0.266418,597.0,0.13288126582873017,0.0,0.010418847825065048,0.010418922053835262,3.6891584002048086e-05,1.887905604673273e-05,1.887970110078619e-05,0.0,0.013122999982106625,0.013122999991149088,0.005282030204986556,0.003546747649020997,0.003546747647943957,5.607772642054975e-52,0.2827344589823911,0.46656670266165273,0.0,0.02033078326380356,11965.663593636169,0.1069485508382162,0.01818677375970333,0.36049557609266675,0.006723433093178
MIQUETLA-39,2020-02-01,TAMPICO-MISANTLA,CNH-M5-MIQUETLA/2018,0.0109665782067,0.011239364840000002,0.0,0.0483709940216,0.0,1960.0,MIQUETLA,DESARROLLO,Disponible,VERACRUZ DE IGNACIO DE LA LLAVE,PRODUCTOR,2045.0,,ACEITE-GAS,VERTICAL,TERRESTRE,1.0,38.0,1971-05-01,17808,0.387533,594.0,-0.011977878106313344,0.0,0.00885096916925212,0.008850969017249561,0.00012026583756366739,4.475801599331148e-06,4.475802242487143e-06,0.0,0.01413595144945249,0.014135951297544991,0.00012632332200662827,8.39021398605946e-06,8.39021310603303e-06,5.664540689018869e-52,0.0765798750570537,0.0606432317252517,0.0,0.057956167636637086,1024.8743617342138,4.410764516505967,0.012839805680033334,0.0866870803445956,0.0593375722283
MIQUETLA-40,2020-02-01,TAMPICO-MISANTLA,CNH-M5-MIQUETLA/2018,0.000342936864339,0.000179946802862,0.0,0.00014536592959900002,0.0,1961.0,MIQUETLA,DESARROLLO,Disponible,VERACRUZ DE IGNACIO DE LA LLAVE,PRODUCTOR,2060.0,,ACEITE-GAS,VERTICAL,TERRESTRE,0.0,23.0,1971-06-01,17777,0.222659,593.0,-0.8825110484725402,0.0,0.0060977604792635115,0.006097760516339641,1.176056929226657e-07,3.3117994838892826e-05,3.3117995265626e-05,0.0,0.018119230184671924,0.01811698358740308,3.2380851860255495e-08,0.0003218178882528817,0.0003217372886099799,5.683655035786565e-52,0.12948584456507983,0.18439126720925028,0.0,0.017536366431683558,524.7228326089753,0.4238853990783063,0.00037292799814933337,0.16021772243328838,0.000488302793938
MIQUETLA-41,2020-02-01,TAMPICO-MISANTLA,CNH-M5-MIQUETLA/2018,0.0310207644156,0.0833378630753,0.0,0.00801320102033,0.0,1961.0,MIQUETLA,DESARROLLO,Disponible,VERACRUZ DE IGNACIO DE LA LLAVE,PRODUCTOR,2040.4,,ACEITE-GAS,VERTICAL,TERRESTRE,0.0,28.0,1971-07-01,17747,0.197419,592.0,0.08064370013365019,0.0,0.009295824360714836,0.009296272610012713,0.0009622878249281553,0.0004719730203883538,0.0004719535442110293,0.0,0.027442233270746016,0.03501001356105581,0.006945199421957452,0.0031243214312477435,0.002335581038671432,5.702866294816973e-52,0.2923580690642849,0.6234777101577242,0.0,0.015485220039657598,2686.5186801583236,0.25831732941759,0.044910408261483334,0.3962710207572391,0.039033965435930004
MIQUETLA-42,2020-02-01,TAMPICO-MISANTLA,CNH-M5-MIQUETLA/2018,0.013009322033,0.08610454516930001,0.0,0.00111111488572,0.0,1961.0,MIQUETLA,DESARROLLO,Disponible,VERACRUZ DE IGNACIO DE LA LLAVE,PRODUCTOR,2025.0,,ACEITE-GAS,VERTICAL,TERRESTRE,0.0,21.0,1971-08-01,17716,0.164549,591.0,0.07862073185674023,0.0,0.007461866194130424,0.007461865806334843,0.00016924245975829928,3.077426628420816e-05,3.077427058676603e-05,0.0,0.02365626837414852,0.023656267904055936,0.007413992698812026,0.003899787274683856,0.0038997873333968,5.722175122362992e-52,0.0539868751751578,0.1036144554896565,0.0,0.01010193536450283,6618.680431684568,0.08540913069116889,0.027360079561216666,0.07125595109010052,0.014120436918720001
MIQUETLA-43,2020-02-01,TAMPICO-MISANTLA,CNH-M5-MIQUETLA/2018,0.0104541115754,0.0180546625538,0.0,0.00152994265419,0.0,1961.0,MIQUETLA,EXPLORATORIO,Disponible,VERACRUZ DE IGNACIO DE LA LLAVE,PRODUCTOR,3117.0,,ACEITE,VERTICAL,TERRESTRE,3.0,103.0,1971-09-01,17685,0.187017,590.0,0.02582463518655409,0.0,0.009206784616307835,0.009206783961124381,0.00010928844883091228,1.5558245428781075e-06,1.5558261773345083e-06,0.0,0.002121999940051519,0.0021219999489858862,0.000325970839931588,0.00025384973796353864,0.0002538497376788421,5.741582180241815e-52,0.03664712166976512,0.04796749118327822,0.0,0.009481235542943998,1727.0393972344018,0.14634841451187214,0.013463222001033334,0.044641703533644835,0.01198405422959
MIQUETLA-44,2020-02-01,TAMPICO-MISANTLA,CNH-M5-MIQUETLA/2018,0.018763625466,0.034313605970700004,0.0,0.00265526881085,0.0,1961.0,MIQUETLA,DESARROLLO,Disponible,VERACRUZ DE IGNACIO DE LA LLAVE,PRODUCTOR,2035.0,,ACEITE-GAS,VERTICAL,TERRESTRE,0.0,28.0,1971-10-01,17655,0.145477,588.0,0.011598831035610768,0.0,0.011013073427027328,0.011013545923432408,0.0003520736406283238,6.007105690882346e-05,6.006373291612471e-05,0.0,0.037926778260866,0.03792677980887316,0.0011774235547124588,1.3055013998423368e-05,1.3055025184858915e-05,5.780693662428994e-52,0.13138930352207845,0.2685216012622699,0.0,0.012603128698121698,1828.7300624752302,0.14151150137063814,0.02448255979445,0.17614290373245695,0.021418894276850002
MIQUETLA-45,2020-02-01,TAMPICO-MISANTLA,CNH-M5-MIQUETLA/2018,0.00994403027101,0.051524767886,0.0,0.00301419498834,0.0,1961.0,MIQUETLA,DESARROLLO,Disponible,VERACRUZ DE IGNACIO DE LA LLAVE,INACTIVO,2030.0,,ACEITE-GAS,VERTICAL,TERRESTRE,0.0,20.0,1971-11-01,17624,0.196032,587.0,10.655917065211293,0.0,0.005156686017742524,0.008839133434291088,9.888373803076322e-05,2.291866499929313e-05,1.2207970197914586e-06,0.0,0.009241843461332895,0.016184791219152412,0.002654801705706177,0.0017878456979021102,0.0012489139508133319,5.800399438706947e-52,0.15176663346591884,0.2307798221509137,0.0,0.01115477836112579,5181.477377056165,0.3031160310450114,0.018531491585343333,0.1902299371577379,0.01295822525935
MIQUETLA-47,2020-02-01,TAMPICO-MISANTLA,CNH-M5-MIQUETLA/2018,0.00360449828172,0.0579428705214,0.0,2.59697144209e-05,0.0,1960.0,MIQUETLA,DESARROLLO,Disponible,VERACRUZ DE IGNACIO DE LA LLAVE,PRODUCTOR,2062.0,,ACEITE-GAS,VERTICAL,TERRESTRE,0.0,30.0,1972-01-01,17563,0.339446,585.0,-0.5181551496353707,0.0,0.001279065495010369,0.011903919341835096,1.2992407862922432e-05,5.407637645504121e-06,6.888038993308196e-05,0.0,0.01850729193865009,0.020784448758462554,0.0033573762442597253,0.0015551648581562435,0.0013807483079123432,5.8401144849322704e-52,0.302813259764011,0.5199138318299324,0.0,0.01296458262298488,16075.155539747057,0.007204806991476143,0.01326164336862,0.38946556506900004,0.0036304679961409
MIQUETLA-50,2020-01-01,TAMPICO-MISANTLA,CNH-M5-MIQUETLA/2018,0.007167920200810002,0.0631406974191,0.0,0.00123123513978,0.0,1961.0,MIQUETLA,DESARROLLO,Disponible,VERACRUZ DE IGNACIO DE LA LLAVE,PRODUCTOR,2055.0,,ACEITE-GAS,VERTICAL,TERRESTRE,2.0,83.0,1972-04-01,17441,0.218675,581.0,-0.15023681683624712,0.0,0.0064048911988007695,0.007152846163139647,5.13790800051801e-05,5.82213257907205e-07,2.272266116872822e-10,0.0,0.023161699788190014,0.02316168480405834,0.003986747670570341,0.0015983202515723063,0.0015983214496736605,5.9207780944473044e-52,0.016659266976425398,0.029878593224013,0.0,0.006584511673910156,8808.789111793525,0.17177020743630292,0.01769136977066,0.021639032513760904,0.008399155340590003
MIQUETLA-52,2020-02-01,TAMPICO-MISANTLA,CNH-M5-MIQUETLA/2018,0.0196110421923,0.230916734772,0.0,3.46741122562e-05,0.0,1962.0,MIQUETLA,DESARROLLO,Disponible,VERACRUZ DE IGNACIO DE LA LLAVE,PRODUCTOR,2300.0,,ACEITE-GAS,VERTICAL,TERRESTRE,0.0,30.0,1972-06-01,17411,0.15389,580.0,0.15675126530494232,0.0,0.0034706095723228358,0.00347087986532459,0.00038459297586817084,0.000260513565160023,0.00026050483994111633,0.0,0.01811299986319155,0.018112999785285914,0.053322538397762194,0.04528542959113842,0.045285429624295645,5.941205121176225e-52,0.09429726717139314,0.31469428079617673,0.0,0.008265087959706242,11774.832388187213,0.0017680912577820215,0.058097164654299996,0.1467463139707558,0.0196457163045562
MIQUETLA-54,2020-02-01,TAMPICO-MISANTLA,CNH-M5-MIQUETLA/2018,0.0131420037588,0.06481458905569999,0.0,0.000164633393531,0.0,1962.0,MIQUETLA,DESARROLLO,Disponible,VERACRUZ DE IGNACIO DE LA LLAVE,PRODUCTOR,2080.3,,ACEITE-GAS,VERTICAL,TERRESTRE,0.0,29.0,1972-07-01,17381,0.17063599999999998,579.0,0.19626828637222693,0.0,0.0017362711613341868,0.0017362832988578986,0.00017271226279631333,0.00013009073608489423,0.00013009045921034187,0.0,0.037680703971343675,0.03768070400647485,0.004200930954459265,0.0007362477197710543,0.0007362477178645637,5.9617380421843045e-52,0.1271252552275831,0.2973007547182113,0.0,0.019844108150190484,4931.865052336451,0.012527267268567021,0.023944435268083333,0.17667538101395158,0.013306637152331
MIQUETLA-92,2020-02-01,TAMPICO-MISANTLA,CNH-M5-MIQUETLA/2018,0.012110200672,0.0326584702735,0.0,0.00154578632545,0.0,1962.0,MIQUETLA,DESARROLLO,Disponible,VERACRUZ DE IGNACIO DE LA LLAVE,PRODUCTOR,1974.0,,ACEITE-GAS,VERTICAL,TERRESTRE,0.0,22.0,1972-09-01,17319,0.05234,577.0,-0.009215795951693528,0.0,0.01264817409754098,0.01264813010813641,0.00014665696031610927,2.8941540658829616e-07,2.8936807826203543e-07,0.0,0.00665879690264229,0.006658664111818555,0.0010665756806050833,0.0006759830153912876,0.0006759899204450085,6.003124506243009e-52,0.1477069129585731,0.2674976907709589,0.0,0.01836521649381827,2696.7736669310248,0.12764332873723663,0.017553279050916668,0.1922898614203996,0.013655986997450001
MIQUETLA-95,2020-02-01,TAMPICO-MISANTLA,CNH-M5-MIQUETLA/2018,0.00975451145889,0.023415577722400004,0.0,0.00344032966049,0.0,1961.0,MIQUETLA,DESARROLLO,Disponible,VERACRUZ DE IGNACIO DE LA LLAVE,PRODUCTOR,1978.0,,ACEITE-GAS,VERTICAL,TERRESTRE,0.0,23.0,1973-01-01,17197,0.05744700000000001,573.0,0.0322332650172501,0.01062258950853952,0.010621664194119279,0.011713147846599103,7.535595002833148e-07,7.519538662156213e-07,3.836256499258168e-06,0.007129368392576551,0.009144747899573894,0.012414292217948169,0.0002652406143348285,0.0002036565838320631,0.00012102828275046208,6.0872008566882995e-52,0.1557526779604638,0.23120739512651522,0.0,0.006527995768680285,2400.486976829545,0.3526911291241117,0.013657107745956666,0.19428724381488294,0.01319484111938
MIQUETLA-60,2020-02-01,TAMPICO-MISANTLA,CNH-M5-MIQUETLA/2018,0.0246417751951,0.00634531165438,0.0,0.0245163168368,0.0,1961.0,MIQUETLA,DESARROLLO,Disponible,VERACRUZ DE IGNACIO DE LA LLAVE,PRODUCTOR,2112.5,,ACEITE-GAS,VERTICAL,TERRESTRE,1.0,33.0,1973-01-01,17197,0.120318,573.0,0.2174812750901507,0.0,0.012742816934379633,0.012742932259500725,0.0006072170847658457,0.00014158520769036546,0.00014158246320606076,0.0,0.004393999952169925,0.00439399994337664,4.0262979991210653e-05,3.8076173591819793e-06,3.807617393498861e-06,6.0872008566882995e-52,0.0716363692905438,0.04537582834667132,0.0,0.030600616672220582,257.50221338119184,0.9949087126513131,0.025699327137496668,0.07919900734832236,0.0491580920319
MIQUETLA-107,2020-02-01,TAMPICO-MISANTLA,CNH-M5-MIQUETLA/2018,0.00861858885707,0.0175525609886,0.0,0.00210167660732,0.0,1961.0,MIQUETLA,DESARROLLO,Disponible,VERACRUZ DE IGNACIO DE LA LLAVE,PRODUCTOR,2064.0,,ACEITE-GAS,VERTICAL,TERRESTRE,1.0,36.0,1973-01-01,17197,0.135738,573.0,0.04243567089378675,0.010461479802657415,0.010723280119930264,0.010723507947858545,3.3962470373280783e-06,4.429725311960331e-06,4.4306843787660766e-06,0.0028094465049581983,0.010262358179698904,0.01026219608008568,0.00021735942467776862,5.314705699490941e-05,5.3149420499296985e-05,6.0872008566882995e-52,0.2513987804170409,0.430808068380462,0.0,0.017921112160923115,2036.5933773718982,0.24385391183800964,0.011544015688503332,0.32320012514711804,0.01072026546439
MIQUETLA-61,2020-02-01,TAMPICO-MISANTLA,CNH-M5-MIQUETLA/2018,0.00622003686767,0.00299137931035,0.0,0.00015808473942899998,0.0,1962.0,MIQUETLA,DESARROLLO,Disponible,VERACRUZ DE IGNACIO DE LA LLAVE,PRODUCTOR,2120.4,,ACEITE-GAS,VERTICAL,TERRESTRE,0.0,28.0,1973-02-01,17166,0.115912,572.0,0.23468578853995248,0.0,0.00011699001924680084,0.00011698999196279549,3.868885863517403e-05,3.724718083404834e-05,3.724718116707947e-05,0.0,0.01360853791974464,0.013608515898712868,8.948350178390043e-06,0.00011272405693704274,0.00011272358933595352,6.108495928259869e-52,0.022772090010198306,0.038844615481681506,0.0,0.009528067719725255,480.92629899001844,0.025415402318703276,0.006718600086061666,0.029246192590478545,0.006378121607099
MIQUETLA-62,2020-02-01,TAMPICO-MISANTLA,CNH-M5-MIQUETLA/2018,0.00373014493791,0.0141633129419,0.0,6.16899193882e-05,0.0,1962.0,MIQUETLA,DESARROLLO,Disponible,VERACRUZ DE IGNACIO DE LA LLAVE,INACTIVO,2098.0,,ACEITE-GAS,VERTICAL,TERRESTRE,0.0,28.0,1973-03-01,17138,0.112202,571.0,0.05877606708216021,0.0,0.002574527403176009,0.0025745185157524304,1.3913981257815598e-05,1.3354518865846665e-06,1.3354724275887053e-06,0.0,0.014808999962503207,0.014808999945413712,0.00020059943349019202,4.1691172857544667e-07,4.1691170650651706e-07,6.129902941568784e-52,0.06362510034380432,0.102238661394345,0.0,0.008300385842439894,3796.987296111797,0.016538209751915126,0.006090697094893334,0.0806648772428618,0.0037918348572982
MIQUETLA-66,2020-02-01,TAMPICO-MISANTLA,CNH-M5-MIQUETLA/2018,0.000644094572115,0.14520357389900002,0.0,7.3843016842e-05,0.0,1961.0,MIQUETLA,DESARROLLO,Disponible,VERACRUZ DE IGNACIO DE LA LLAVE,PRODUCTOR,2120.0,,ACEITE-GAS,VERTICAL,TERRESTRE,1.0,43.0,1973-07-01,17016,0.08055,567.0,0.15364171889346423,0.0,0.003469918947353097,0.005685263060379336,4.1485781782800495e-07,7.98528339968978e-06,2.5413379727069337e-05,0.0,0.016498999999994293,0.016498999999991618,0.02108407787304236,0.016564867342524624,0.016564867342525318,6.216666235644474e-52,0.019242231991209866,0.0860492244884484,0.0,0.020721683611923017,225438.28217989486,0.11464623370372957,0.024844690221948334,0.03358376940595127,0.000717937588957
MIQUETLA-73,2020-02-01,TAMPICO-MISANTLA,CNH-M5-MIQUETLA/2018,0.0116705492741,0.0257923750768,0.0,0.0126166022261,0.0,1962.0,MIQUETLA,DESARROLLO,Disponible,VERACRUZ DE IGNACIO DE LA LLAVE,PRODUCTOR,2026.5,,ACEITE-GAS,VERTICAL,TERRESTRE,0.0,16.0,1973-11-01,16893,0.181566,563.0,0.04134857309494344,0.0,0.005910267856502965,0.008853403156990125,0.00013620172035919603,3.318084200991371e-05,7.936312245147246e-06,0.0,0.0009886937807237642,0.01779691357812961,0.0006652466121023338,0.0006152226058373221,6.392740457672054e-05,6.305284736570247e-52,0.1283372939904668,0.20350910180596252,0.0,0.027670366604384086,2210.0395166524013,1.0810632755820275,0.015969278453566667,0.16225547762479395,0.0242871515002
MIQUETLA-74,2020-02-01,TAMPICO-MISANTLA,CNH-M5-MIQUETLA/2018,0.00589388325338,0.08678122012589999,0.0,0.0006950453358270001,0.0,1961.0,MIQUETLA,DESARROLLO,Disponible,VERACRUZ DE IGNACIO DE LA LLAVE,PRODUCTOR,2020.0,,ACEITE-GAS,VERTICAL,TERRESTRE,0.0,16.0,1973-12-01,16863,0.125999,562.0,0.03169377507765825,0.0,0.0066899480462765505,0.008029296375516137,3.4737859804473214e-05,6.337191544894278e-07,4.559989202191205e-06,0.0,0.0357202306082177,0.03687519548808938,0.00753098016653991,0.002607224650524861,0.0024906112951497594,6.327735438899956e-52,0.21119047016031162,0.4729838868709724,0.0,0.009499632667335334,14723.946232924287,0.11792655299515958,0.02035741994103,0.2900211179721408,0.006588928589207
MIQUETLA-112,2020-02-01,TAMPICO-MISANTLA,CNH-M5-MIQUETLA/2018,0.0129092222899,0.115610197501,0.0,0.0024759675563000003,0.0,1961.0,MIQUETLA,DESARROLLO,Disponible,VERACRUZ DE IGNACIO DE LA LLAVE,PRODUCTOR,2047.0,,ACEITE-GAS,VERTICAL,TERRESTRE,0.0,23.0,1974-02-01,16801,0.11699,560.0,0.28967274833830436,0.0011344483405071478,0.004665356156264876,0.004665299919614731,0.00013864530155930052,6.79613288292961e-05,6.796225604728988e-05,0.0006297561967210855,0.008948024851292922,0.010185860547611192,0.013220501882526731,0.01137681907435592,0.01111429082206166,6.372998066050006e-52,0.17163466450624928,0.3191461790257008,0.0,0.004515673112872472,8955.628379832908,0.1917983516510645,0.032177588540066665,0.22482569434386607,0.0153851898462
MIQUETLA-85,2020-02-01,TAMPICO-MISANTLA,CNH-M5-MIQUETLA/2018,0.00428847162421,0.0299630171223,0.0,0.00318460731115,0.0,1961.0,MIQUETLA,DESARROLLO,Disponible,VERACRUZ DE IGNACIO DE LA LLAVE,PRODUCTOR,2155.0,,ACEITE-GAS,VERTICAL,TERRESTRE,0.0,29.0,1974-06-01,16681,0.00771,556.0,0.02929767940826644,0.007709999991584247,0.007709999999784072,0.00770999996728561,1.1706856368746682e-05,1.1706856424858548e-05,1.1706856202469727e-05,0.00444299996095393,0.004442999848246869,0.004442999999996544,0.000651271275915398,0.0006512712816679703,0.0006512712739226617,6.464992518064159e-52,0.23040102541176685,0.4675935160399348,0.0,0.012967735593788998,6986.875453051327,0.7425972677938967,0.00928230781126,0.30833327808508953,0.007473078935360001
MIQUETLA-94,2020-02-01,TAMPICO-MISANTLA,CNH-M5-MIQUETLA/2018,0.006972579058720001,0.016735052666100002,0.0,0.000614895124,0.0,1962.0,MIQUETLA,DESARROLLO,Disponible,VERACRUZ DE IGNACIO DE LA LLAVE,PRODUCTOR,1959.9,,ACEITE-GAS,VERTICAL,TERRESTRE,0.0,14.0,1974-07-01,16651,0.131187,555.0,0.03194939992064261,0.008161638776224873,0.00896013407682586,0.009027276178613526,1.413863011792767e-06,3.950374949997782e-06,4.221780254498747e-06,0.0053539999999698785,0.00535399999637235,0.0053539968380593795,0.00012952835978922756,0.00012952835987111488,0.00012952843176097743,6.488302369424212e-52,0.11030364988134259,0.15486772932964815,0.0,0.011370516672451484,2400.1237598261323,0.08818761591967952,0.00976175450307,0.13611493810295053,0.007587474182720001
MIQUETLA-96,2020-02-01,TAMPICO-MISANTLA,CNH-M5-MIQUETLA/2018,0.0140876170104,0.0220828467137,0.0,0.00175953023323,0.0,1961.0,MIQUETLA,DESARROLLO,Disponible,VERACRUZ DE IGNACIO DE LA LLAVE,PRODUCTOR,1996.9,,ACEITE-GAS,VERTICAL,TERRESTRE,0.0,28.0,1974-08-01,16620,0.024145,554.0,0.02910207512352958,0.011864389036618801,0.012074023536881764,0.012074023208057878,4.9427426234032566e-06,4.054558676595235e-06,4.054560000830607e-06,0.01194942090465379,0.014255562366952836,0.014255341855613267,0.00010268631862744387,6.126638024483321e-05,6.126983230337143e-05,6.5117385156700426e-52,0.11406841238327708,0.19352969683170634,0.0,0.007612900701424533,1567.5359925953144,0.12489906787862345,0.017768091462683336,0.14632336185522796,0.01584714724363
MIQUETLA-82,2020-02-01,TAMPICO-MISANTLA,CNH-M5-MIQUETLA/2018,0.0104205060938,0.0259798196631,0.0,0.0023937904099,0.0,1961.0,MIQUETLA,DESARROLLO,Disponible,VERACRUZ DE IGNACIO DE LA LLAVE,PRODUCTOR,2065.0,,ACEITE-GAS,VERTICAL,TERRESTRE,0.0,26.0,1974-08-01,16620,0.078318,554.0,0.030490876848052517,0.0,0.009917373738484385,0.010591449150526306,0.00010858694725092294,2.531421669654386e-07,2.922152864293298e-08,0.0,0.007297999999783622,0.0072979999999602235,0.0006749510297271974,0.0003490103859326744,0.0003490103859260759,6.5117385156700426e-52,0.24684090754788757,0.3783132406850707,0.0,0.0134375399311725,2493.1437522557076,0.22971920829490797,0.01475047603765,0.3098931143287327,0.012814296503700001
MIQUETLA-102,2020-02-01,TAMPICO-MISANTLA,CNH-M5-MIQUETLA/2018,0.00721725517824,0.0696394127074,0.0,0.000918342368619,0.0,1962.0,MIQUETLA,DESARROLLO,Disponible,VERACRUZ DE IGNACIO DE LA LLAVE,PRODUCTOR,2023.0,,ACEITE-GAS,VERTICAL,TERRESTRE,0.0,17.0,1974-08-01,16620,0.104289,554.0,0.02030202611272891,0.011132363054606888,0.011014044531836591,0.011014136637086088,1.5328069683590044e-05,1.4415609395584421e-05,1.4416308812529199e-05,0.022213999773342777,0.022213997513405054,0.02221399999999862,0.002249169791965842,0.0022491700063228064,0.0022491697704673476,6.5117385156700426e-52,0.06295415495624551,0.18784070928839847,0.0,0.013496952999910893,9649.016279396992,0.12724260760348327,0.018823823962806664,0.09426093983764522,0.008135597546859
MIQUETLA-83,2020-02-01,TAMPICO-MISANTLA,CNH-M5-MIQUETLA/2018,0.0120010110323,0.031310743697900004,0.0,0.0017563289371099998,0.0,1961.0,MIQUETLA,DESARROLLO,Disponible,VERACRUZ DE IGNACIO DE LA LLAVE,PRODUCTOR,2080.0,,ACEITE-GAS,VERTICAL,TERRESTRE,0.0,30.0,1974-09-01,16589,0.147303,553.0,0.054157168865961,0.0,0.009065283320983863,0.009065275766643309,0.00014402426579738633,8.618497194989484e-06,8.618541550020363e-06,0.0,0.009906340906782538,0.015113248685086109,0.0009803626709155848,0.0004581484588443972,0.000262358844690131,6.535301870821654e-52,0.23112699361161002,0.33197507255217845,0.0,0.014855089900794568,2609.0088254755387,0.1463484145113229,0.017219468315283336,0.2864561723703065,0.01375733996941
MIQUETLA-101,2020-02-01,TAMPICO-MISANTLA,CNH-M5-MIQUETLA/2018,0.0160245271777,0.039528314361900005,0.0,0.00185278066699,0.0,1962.0,MIQUETLA,EXPLORATORIO,Disponible,VERACRUZ DE IGNACIO DE LA LLAVE,PRODUCTOR,2071.0,,,VERTICAL,TERRESTRE,0.0,26.0,1975-06-01,16316,0.11091,544.0,-0.0061178945808582075,0.0,0.022366524089784286,0.02236652397121232,0.00025678547126884593,4.0220924832886615e-05,4.022092332892056e-05,0.0,0.004505999951301965,0.004505999960638973,0.0015624876362931902,0.0012265625066747831,0.0012265625060207757,6.753251454211401e-52,0.0603896150784526,0.12254014436777846,0.0,0.012486525427533566,2466.7382646339956,0.11562154979326694,0.022612579571350003,0.08081297247308236,0.01787730784469
MIQUETLA-113,2020-02-01,TAMPICO-MISANTLA,CNH-M5-MIQUETLA/2018,0.00159789648862,0.00548462859555,0.0,0.00133389110774,0.0,1962.0,MIQUETLA,DESARROLLO,Disponible,VERACRUZ DE IGNACIO DE LA LLAVE,INACTIVO,2045.0,,ACEITE-GAS,VERTICAL,TERRESTRE,0.0,27.0,1975-07-01,16286,0.0369,543.0,25.3412036251257,0.01077189207775368,0.011413156454389856,0.011413298162805681,8.416219506944422e-05,9.633932819564448e-05,9.634211002560707e-05,0.0001764890192590206,0.008797986768783118,0.009770642679939226,2.8176345761386576e-05,1.0978342384130703e-05,1.8369916731582816e-05,6.778139037525946e-52,0.1086867745531412,0.24958364761845847,0.0,0.0072899407632694285,3432.405437154893,0.8347794223466851,0.002512001254545,0.15028404915621757,0.0029317875963600004
MIQUETLA-103,2020-02-01,TAMPICO-MISANTLA,CNH-M5-MIQUETLA/2018,0.0127802414029,0.0278390804598,0.0,0.000277271801196,0.0,1961.0,MIQUETLA,DESARROLLO,Disponible,VERACRUZ DE IGNACIO DE LA LLAVE,PRODUCTOR,2021.5,,ACEITE-GAS,VERTICAL,TERRESTRE,0.0,23.0,1975-08-01,16255,0.137158,542.0,0.1516553657121309,0.0,0.009295083067895275,0.01714613182777602,0.00016333457031639934,1.2146328620052899e-05,1.906099920202412e-05,0.0,0.04044907526423162,0.040449075249517595,0.0007750144008472181,0.0001590119689677924,0.00015901196859670493,6.803164451125454e-52,0.18320925085294862,0.31671625939472825,0.0,0.016493419378121897,2178.290658381692,0.021695349286053666,0.017420088146199997,0.2359952940854034,0.013057513204095999
MIQUETLA-104,2020-02-01,TAMPICO-MISANTLA,CNH-M5-MIQUETLA/2018,0.00362696123223,0.0492191994744,0.0,0.00033841220443599993,0.0,1962.0,MIQUETLA,DESARROLLO,Disponible,VERACRUZ DE IGNACIO DE LA LLAVE,PRODUCTOR,2035.0,,ACEITE-GAS,VERTICAL,TERRESTRE,0.0,29.0,1975-09-01,16224,0.08910599999999999,541.0,0.023550221314722064,0.0,0.010764581364166552,0.011306784683384705,1.315484778009936e-05,5.0945621147825945e-05,5.897968824090575e-05,0.0,0.03827216854657256,0.03999540908565244,0.0024225295969007767,0.00011983748613481042,8.507830913555182e-05,6.828328714651791e-52,0.12327493697908717,0.36289943447680306,0.0,0.20633887292979916,13570.368229201633,0.09330461032469614,0.01183016114463,0.18375817605855424,0.003965373436666
MIQUETLA-105,2020-02-01,TAMPICO-MISANTLA,CNH-M5-MIQUETLA/2018,0.00744133078875,0.046536867444199985,0.0,0.000843296492584,0.0,1962.0,MIQUETLA,DESARROLLO,Disponible,VERACRUZ DE IGNACIO DE LA LLAVE,PRODUCTOR,2020.0,,ACEITE-GAS,VERTICAL,TERRESTRE,1.0,31.0,1975-10-01,16194,0.162487,540.0,0.10355125545372212,0.0,0.008230148775398146,0.008230149257462547,5.537340390759869e-05,6.222338160596357e-07,6.222345765820079e-07,0.0,0.0284298158995639,0.02842981487488925,0.0021656800315190405,0.00032786531564010806,0.00032786535274778253,6.853632857193182e-52,0.056762298242084994,0.13134574947544791,0.0,0.02234565776673691,6253.836681276909,0.11332603220097645,0.01519747536278333,0.07865325648799298,0.008284627281334
MIQUETLA-106,2020-02-01,TAMPICO-MISANTLA,CNH-M5-MIQUETLA/2018,0.00681133999653,0.050319499196,0.0,0.00320348521081,0.0,1962.0,MIQUETLA,DESARROLLO,Disponible,VERACRUZ DE IGNACIO DE LA LLAVE,PRODUCTOR,2073.0,,ACEITE-GAS,VERTICAL,TERRESTRE,0.0,25.0,1975-11-01,16163,0.08931499999999999,539.0,-0.0149914098135282,0.0,0.009623214226229188,0.009623208538239546,4.639435254832929e-05,7.906636683646404e-06,7.906604695855771e-06,0.0,0.021737795042403932,0.021737794639977052,0.0025320519993362444,0.0008169138123236906,0.0008169138353277828,6.879077917389428e-52,0.06325896244696921,0.09521154302383349,0.0,0.007792129212215607,7387.6064359780885,0.4703164446998679,0.015197923195863331,0.0791275529509415,0.010014825207339999
MIQUETLA-109,2020-02-01,TAMPICO-MISANTLA,CNH-M5-MIQUETLA/2018,0.00441646377882,0.0191193478041,0.0,0.000412076431895,0.0,1961.0,MIQUETLA,DESARROLLO,Disponible,VERACRUZ DE IGNACIO DE LA LLAVE,PRODUCTOR,1991.0,,ACEITE-GAS,VERTICAL,TERRESTRE,0.0,20.0,1976-02-01,16071,0.093479,536.0,0.029971000671342507,0.0,0.010545132908566061,0.010545243654901412,1.950515230962903e-05,3.756058530190235e-05,3.756194276946049e-05,0.0,0.02055922180299026,0.020764329820991193,0.0003655494604541435,2.0732371326802284e-06,2.705965835895417e-06,6.95626913582686e-52,0.0775849302449553,0.12080598856302549,0.0,0.015470291550896617,4329.107802443779,0.09330461032448442,0.00760302174617,0.09771926167212622,0.004828540210714999
MIQUETLA-124,2020-02-01,TAMPICO-MISANTLA,CNH-M5-MIQUETLA/2018,0.00297304509651,0.00940222044952,0.0,0.00205396956416,0.0,1962.0,MIQUETLA,DESARROLLO,Disponible,VERACRUZ DE IGNACIO DE LA LLAVE,PRODUCTOR,2006.0,,ACEITE-GAS,VERTICAL,TERRESTRE,0.0,21.0,1976-04-01,16011,0.053159000000000005,534.0,-0.6063696167306769,0.006988260918809022,0.00809224705618974,0.008092290925491774,1.6121958099640413e-05,2.6206228703988896e-05,2.6206677857547287e-05,0.013631003677731075,0.013628537592658443,0.015765467734239917,1.788260759119928e-05,1.7861756594385884e-05,4.0490916006495394e-05,7.008454017743443e-52,0.13097570829995087,0.24259182213596922,0.0,0.0057183852324953315,3162.488339163467,0.6908639114055535,0.004540081838096666,0.17140767865594572,0.00502701466067
MIQUETLA-111,2020-02-01,TAMPICO-MISANTLA,CNH-M5-MIQUETLA/2018,0.00975495754935,0.0390259628706,0.0,0.00187098477839,0.0,1961.0,MIQUETLA,DESARROLLO,Disponible,VERACRUZ DE IGNACIO DE LA LLAVE,PRODUCTOR,1960.0,,ACEITE-GAS,VERTICAL,TERRESTRE,0.0,19.0,1976-04-01,16011,0.090573,534.0,0.04021348500854449,0.0,0.009649908711584438,0.009650248576832478,9.515919678962054e-05,1.1035258315895308e-08,1.0963968925675095e-08,0.0,0.0171410249219728,0.017141457665033125,0.0015230257779774497,0.00047895050901526284,0.00047893156809248363,7.008454017743443e-52,0.09668743532416946,0.1515723253141825,0.0,0.010647125125646067,4000.6286724641263,0.19179835165091713,0.01625928469445,0.1219494895431998,0.011625942327739999
MIQUETLA-114,2020-02-01,TAMPICO-MISANTLA,CNH-M5-MIQUETLA/2018,0.00560236484986,0.0310858101944,0.0,0.00144718792644,0.0,1961.0,MIQUETLA,DESARROLLO,Disponible,VERACRUZ DE IGNACIO DE LA LLAVE,PRODUCTOR,1991.3,,ACEITE-GAS,VERTICAL,TERRESTRE,0.0,19.0,1976-07-01,15920,0.036521,531.0,1.895019034248238,0.0,0.005301528824730245,0.005886537632346496,3.1386491910946866e-05,9.050231401587091e-08,8.075417030611726e-08,0.0,0.005742712357765309,0.00659631739495562,0.0009663275954422631,0.0006422726079572381,0.0005997352575740382,7.087839309043402e-52,0.06256938734397098,0.10439617938821037,0.0,0.004746137917817496,5548.694350953743,0.2583173294178019,0.010783333215593334,0.07996875057533936,0.007049552776300001
MIQUETLA-115,2020-02-01,TAMPICO-MISANTLA,CNH-M5-MIQUETLA/2018,0.00417305738038,0.0016551724137899998,0.0,0.0,0.0,1962.0,MIQUETLA,DESARROLLO,Disponible,VERACRUZ DE IGNACIO DE LA LLAVE,PRODUCTOR,2070.0,,ACEITE-GAS,VERTICAL,TERRESTRE,0.0,27.0,1976-08-01,15889,0.025565,530.0,-0.017983797907396903,0.0,0.006345013542281954,0.006435735853014971,1.7414407899943988e-05,4.7173935692238655e-06,5.1197138705257246e-06,0.0,0.004201530188479608,0.00420151966513598,2.739595719371414e-06,6.483937916722215e-06,6.48388432443723e-06,7.114600996812516e-52,0.0034975821011058003,0.0018906918310359002,0.0,0.001189180168618431,396.633034947456,0.0,0.0044489194493449995,0.0038126974062784496,0.00417305738038
MIQUETLA-116,2020-02-01,TAMPICO-MISANTLA,CNH-M5-MIQUETLA/2018,0.00986415240101,0.0219647566243,0.0,0.000833904483476,0.0,1962.0,MIQUETLA,DESARROLLO,Disponible,VERACRUZ DE IGNACIO DE LA LLAVE,PRODUCTOR,2065.5,,ACEITE-GAS,VERTICAL,TERRESTRE,0.0,27.0,1976-09-01,15858,0.015725,529.0,0.04666704834574964,0.0,0.01275299208724511,0.012871425295835253,9.730150259035136e-05,8.345394732766964e-06,9.043690263950652e-06,0.0,0.003838999999999878,0.0038389997317749124,0.0004824505335647307,0.00032854305320335973,0.00032854306292692077,7.141514538123976e-52,0.15762128131893946,0.2550697515707952,0.0,0.005993509702216956,2226.7251894902806,0.08453888885482098,0.013524945171726668,0.20013290658073882,0.010698056884486001
MIQUETLA-118,2020-02-01,TAMPICO-MISANTLA,CNH-M5-MIQUETLA/2018,0.0262350392789,0.03,0.0,9.29581761236e-05,0.0,1962.0,MIQUETLA,DESARROLLO,Disponible,VERACRUZ DE IGNACIO DE LA LLAVE,PRODUCTOR,2021.0,,ACEITE-GAS,VERTICAL,TERRESTRE,0.0,25.0,1976-11-01,15797,0.08428300000000001,527.0,0.15364171889049816,0.0,0.021391388183841,0.021391388271069522,0.0006882772859654258,2.3460955930666248e-05,2.3460955085657194e-05,0.0,0.025946072378396398,0.025946071126548016,0.0009,1.6434329161200628e-05,1.6434339311007662e-05,7.195801796532659e-52,0.09626124733587778,0.11675733068733234,0.0,0.018003014944244108,1143.5088654175577,0.003543283283679445,0.0312350392789,0.11572080245043316,0.026327997455023597
MIQUETLA-126,2020-02-01,TAMPICO-MISANTLA,CNH-M5-MIQUETLA/2018,0.00907464131079,0.0208438379981,0.0,0.00208461941747,0.0,1962.0,MIQUETLA,DESARROLLO,Disponible,VERACRUZ DE IGNACIO DE LA LLAVE,PRODUCTOR,2002.0,,ACEITE-GAS,VERTICAL,TERRESTRE,0.0,16.0,1977-04-01,15646,0.033755,522.0,0.12780364764803176,0.0,0.009165288601386835,0.010147714551613268,8.234911491949644e-05,8.216931292547193e-09,1.1514861801709522e-06,0.0,0.010934999999998996,0.010934997512342073,0.0004344655824910374,9.81850704726103e-05,9.818511977219536e-05,7.334259308018502e-52,0.06403898623079111,0.08052007974385922,0.0,0.006850958158649117,2296.932438896081,0.22971920829436313,0.012548614310473332,0.07745899952143438,0.01115926072826
CAMPANA-101,2020-02-01,TAMPICO-MISANTLA,CNH-M5-MIQUETLA/2018,0.0283056529338,0.148275862069,0.0,0.005857967822960001,0.0,1983.0,PALO BLANCO,EXPLORATORIO,Disponible,VERACRUZ DE IGNACIO DE LA LLAVE,PRODUCTOR,3309.0,,ACEITE,VERTICAL,TERRESTRE,4.0,147.0,2016-05-01,1371,0.0317133142542,46.0,0.1833247044954971,0.019949396664756106,0.019949408282983205,0.019949409659300598,6.982701883393538e-05,6.98268246643043e-05,6.982680166261648e-05,0.08684816626597636,0.08684816698173581,0.08684816269066513,0.0037733618116688097,0.0037733617237339025,0.003773362250915083,9.37013924026911e-50,0.025136256185338914,0.10942869055015253,0.0,0.00770873040886464,5238.383386378014,0.20695399030929812,0.053018296611966664,0.043374371277031004,0.03416362075676
LAS CANAS-2,2020-02-01,TAMPICO-MISANTLA,A-0217-M - CAMPO MIQUETLA,0.024916506794,0.0130862756468,0.0,0.021001642200000004,0.0,1956.0,LAS CANAS,EXPLORATORIO,Disponible,VERACRUZ DE IGNACIO DE LA LLAVE,PRODUCTOR,853.0,,ACEITE,VERTICAL,TERRESTRE,0.0,22.0,2016-05-01,1371,0.0131610655252,46.0,0.0,0.013161064160182246,0.013161065522287668,0.013161022118551682,0.00013819043151698008,0.00013819039949267763,0.00013819141995470024,0.005842952012838871,0.00584294657036734,0.005842951418679556,5.246573726629986e-05,5.2465816109494816e-05,5.246574587367663e-05,9.37013924026911e-50,0.021698902439592004,0.010617722577788398,0.0,0.015730678297178103,525.2050680696233,0.8428806804113202,0.027097552735133333,0.023468522869223414,0.045918148994
MIQUETLA-677,2020-02-01,TAMPICO-MISANTLA,CNH-M5-MIQUETLA/2018,0.0136164,0.016504979310299997,0.0,0.0007396813793099999,0.0,2010.0,MIQUETLA,DESARROLLO,Disponible,VERACRUZ DE IGNACIO DE LA LLAVE,PRODUCTOR,2241.0,2122.0,ACEITE-GAS,VERTICAL,TERRESTRE,0.0,24.0,2010-09-01,3440,0.067328,115.0,0.18072543938196572,0.009427110704742855,0.010355418628217164,0.01035532808529968,1.7550144799356112e-05,1.0633999507114672e-05,1.063459003284722e-05,0.003346740505230908,0.003346714686743222,0.029323184179745995,0.000173139248451226,0.00017313992790354572,0.0001643063760750891,1.5070408950617284e-50,0.06380208003843242,0.20816324193489233,0.0,0.008794707386977886,1212.139721974971,0.05432282977218647,0.01636722988505,0.09849595369424774,0.01435608137931
MIQUETLA-744,2020-02-01,TAMPICO-MISANTLA,CNH-M5-MIQUETLA/2018,0.00551745517241,0.0120614241379,0.0,0.000377684137931,0.0,2010.0,MIQUETLA,DESARROLLO,Disponible,VERACRUZ DE IGNACIO DE LA LLAVE,PRODUCTOR,1850.0,1847.0,ACEITE-GAS,DIRECCIONAL,TERRESTRE,0.0,24.0,2011-04-01,3228,0.022905,108.0,0.08000408121157676,0.004937107493236528,0.004143307729222993,0.004143321780785425,3.368034287220351e-07,1.8882811956173865e-06,1.888242577977656e-06,0.006283396038770803,0.006283378473109076,0.006283388834657201,3.3385608714326564e-05,3.3385811704409185e-05,3.33856919655201e-05,1.7083445799351512e-50,0.012240389287430695,0.010556105380267201,0.0,0.00575072116768635,2186.0484156197726,0.06845259746188917,0.007527692528726666,0.013999740184141898,0.005895139310340999
MIQUETLA-3371,2020-02-01,TAMPICO-MISANTLA,A-0217-M - CAMPO MIQUETLA,0.0159453172414,0.0177271034483,0.0,5.61993793103e-05,0.0,2010.0,MIQUETLA,DESARROLLO,Disponible,VERACRUZ DE IGNACIO DE LA LLAVE,PRODUCTOR,2239.0,2141.0,ACEITE,VERTICAL,TERRESTRE,1.0,33.0,2011-04-01,3228,0.024049,108.0,6.976343347453451e-08,0.011573094299743526,0.01117260677397471,0.011172646400447689,1.91163334515472e-05,2.2778765205870935e-05,2.2778386956076456e-05,0.019876153821402807,0.019876150279299596,0.019876152107893154,4.618417506133321e-06,4.618402281829411e-06,4.618410141299136e-06,1.7083445799351512e-50,0.0404677184216172,0.059628461353448105,0.0,0.003701951455197492,1111.7435407477385,0.003524506816608541,0.018899834482783335,0.05040579531385855,0.0160015166207103
MIQUETLA-829,2020-02-01,TAMPICO-MISANTLA,CNH-M5-MIQUETLA/2018,0.0158510689655,0.0926276206897,0.0,0.000233178827586,0.0,2014.0,MIQUETLA,DESARROLLO,Disponible,VERACRUZ DE IGNACIO DE LA LLAVE,PRODUCTOR,2114.0,,ACEITE-GAS,DIRECCIONAL,TERRESTRE,0.0,14.0,2014-11-01,1918,0.209887,64.0,-0.11348320696371639,0.09597688992939465,0.09598056627146333,0.11092374293306782,0.006420147185138101,0.006420736338506385,0.009038813335343449,0.18434558337519175,0.18434556261600124,0.1843455817861223,0.008412184679177256,0.008412180871196367,0.008412184387684832,4.85243737929562e-50,0.260395102059234,0.30970058004503487,0.0,0.01741230036927165,5843.619814619751,0.014710605833178566,0.03128900574711667,0.31201186540007314,0.016084247793086
MIQUETLA-553,2020-02-01,TAMPICO-MISANTLA,CNH-M5-MIQUETLA/2018,0.018511555172400003,0.0435921034483,0.0,0.00345372413793,0.0,2014.0,MIQUETLA,DESARROLLO,Disponible,VERACRUZ DE IGNACIO DE LA LLAVE,PRODUCTOR,2142.0,,ACEITE,DIRECCIONAL,TERRESTRE,0.0,13.0,2015-01-01,1857,0.110849,62.0,0.06602104508130546,0.012777738698343049,0.017147330445176318,0.01781147519355141,3.287665135816692e-05,1.8611091063685371e-06,4.901119767846446e-07,0.02168676577336829,0.023253946746111476,0.02999580836636318,0.00047984381865278264,0.00041364061804277603,0.00018485923995509936,5.169508172992421e-50,0.0665140331044626,0.09893423192636586,0.0,0.004281378140833528,2354.8590619384645,0.18657125810150008,0.02577690574711667,0.08300307175885688,0.021965279310330002
MIQUETLA-815,2020-02-01,TAMPICO-MISANTLA,CNH-M5-MIQUETLA/2018,0.006432603448279999,0.02,0.0,0.000440328275862,0.0,2014.0,MIQUETLA,DESARROLLO,Disponible,VERACRUZ DE IGNACIO DE LA LLAVE,PRODUCTOR,2120.0,,ACEITE-GAS,DIRECCIONAL,TERRESTRE,0.0,11.0,2015-02-01,1826,0.04382,61.0,0.20239493415365994,0.004593561033890189,0.005558858189247264,0.006416278830076563,3.382077001924704e-06,7.634307776821811e-07,2.664931594879609e-10,0.024558664925366607,0.02455775517425263,0.028503016828756302,2.078142590176773e-05,2.077313222842662e-05,7.230129519011287e-05,5.339826562433252e-50,0.02175141405699211,0.07075423963166398,0.0,0.00189073251913044,3109.161035777475,0.06845257591306028,0.009765936781613332,0.0335437873289361,0.0068729317241419995
MIQUETLA-852,2020-02-01,TAMPICO-MISANTLA,CNH-M5-MIQUETLA/2018,0.00487655172414,0.0127649655172,0.0,0.00027462596551700003,0.0,2014.0,MIQUETLA,DESARROLLO,Disponible,VERACRUZ DE IGNACIO DE LA LLAVE,PRODUCTOR,2123.0,,ACEITE-GAS,DIRECCIONAL,TERRESTRE,0.0,13.0,2015-02-01,1826,0.118363,61.0,0.47858124301413607,0.0011270901394690707,0.002766071153903323,0.00730732314380341,1.405846217492304e-05,4.4541282373465314e-06,5.908649694652469e-06,0.012051904322286254,0.016100685282947697,0.017207448076753094,5.08456267691819e-07,1.112702635559987e-05,1.973565129193341e-05,5.339826562433252e-50,0.031892141949372295,0.061171742147127006,0.0,0.0033110923282927813,2617.621269966362,0.05631560599624962,0.007004045977006667,0.04208743230722681,0.005151177689657001
MIQUETLA-502,2020-02-01,TAMPICO-MISANTLA,CNH-M5-MIQUETLA/2018,0.0176423827586,0.07441858620689999,0.0,0.000993541034483,0.0,2014.0,MIQUETLA,DESARROLLO,Disponible,PUEBLA,PRODUCTOR,2129.0,,ACEITE-GAS,DIRECCIONAL,TERRESTRE,0.0,17.0,2015-02-01,1826,0.08061499999999999,61.0,0.11797144230250645,0.011690467527336686,0.012880186166748733,0.012880194563685915,3.5425294920144235e-05,2.2678516379439827e-05,2.2678436403779076e-05,0.04017875721300619,0.03875767396779109,0.03875855737629339,0.0011723658895310906,0.001271700661725427,0.001271637656199694,5.339826562433252e-50,0.03836840617411171,0.072859660428663,0.0,0.003197586695393491,4218.1709367247295,0.056315580955111404,0.030045480459749998,0.050511682912222196,0.018635923793083
PALO BLANCO-8396,2020-02-01,TAMPICO-MISANTLA,CNH-M5-MIQUETLA/2018,0.0145877689655,0.0183084275862,0.0,0.0024515165517199995,0.0,2015.0,PALO BLANCO,DESARROLLO,Disponible,VERACRUZ DE IGNACIO DE LA LLAVE,PRODUCTOR,1671.0,,ACEITE-GAS,DIRECCIONAL,TERRESTRE,0.0,8.0,2016-01-01,1492,0.0243080064516,50.0,0.14446709803629365,0.01234193109180001,0.012341924843669342,0.012490960619186468,5.043787754945291e-06,5.043815819561323e-06,4.396605241170089e-06,0.019770720725178846,0.01968092303550585,0.019680948584927704,2.138301224304606e-06,1.8837437583652694e-06,1.8838138919484922e-06,7.936381962191076e-50,0.0220911170943753,0.0318759604466274,0.0,0.004011050273549249,1255.0533004395215,0.1680528775522716,0.0176391735632,0.027403777168813193,0.01703928551722
MIQUETLA-1606,2020-02-01,TAMPICO-MISANTLA,CNH-M5-MIQUETLA/2018,0.0505199655172,0.129156827586,0.0,0.0213632172414,0.0,2015.0,MIQUETLA,DESARROLLO,Disponible,VERACRUZ DE IGNACIO DE LA LLAVE,PRODUCTOR,2118.0,,ACEITE-GAS,DIRECCIONAL,TERRESTRE,0.0,11.0,2015-12-01,1523,0.239337354839,51.0,0.01747568965690971,0.08158125478704743,0.08159834921830629,0.09458142015802368,0.0009648036911051395,0.0009658659334731893,0.0019414117850653624,0.0,0.1256703253728935,0.12918394796640836,0.01668148611207973,1.2155697681996571e-05,7.355150334943232e-10,7.62939453125e-50,0.19755003542341718,0.22578929559374408,0.0,0.017724924513300693,2556.550192854493,0.4228668215168653,0.0720461034482,0.23518158468904105,0.0718831827586
MIQUETLA-847,2020-02-01,TAMPICO-MISANTLA,CNH-M5-MIQUETLA/2018,0.0164269344828,0.0518096896552,0.0,0.118471241379,0.0,2015.0,MIQUETLA,DESARROLLO,Disponible,VERACRUZ DE IGNACIO DE LA LLAVE,PRODUCTOR,2172.0,,ACEITE-GAS,DIRECCIONAL,TERRESTRE,0.0,12.0,2015-12-01,1523,0.0927851034483,51.0,-0.5892391856279167,0.05241542518062214,0.05241329874681489,0.0562237954222321,0.0012951714627072305,0.0012950184129423682,0.0015837901406324968,0.04849291009142955,0.04849310630157412,0.0484929760974152,1.1001026674645269e-05,1.0999725141548266e-05,1.1000588824393483e-05,7.62939453125e-50,0.10937959355408126,0.07273966097292033,0.0,0.09286360284565054,3153.9475432526924,7.212011559615497,0.025061882758666665,0.12150287038290139,0.1348981758618
MIQUETLA-805,2020-02-01,TAMPICO-MISANTLA,CNH-M5-MIQUETLA/2018,0.0108904551724,0.0284953275862,0.0,0.00183017241379,0.0,2015.0,MIQUETLA,DESARROLLO,Disponible,VERACRUZ DE IGNACIO DE LA LLAVE,PRODUCTOR,2163.0,,ACEITE-GAS,DIRECCIONAL,TERRESTRE,0.0,14.0,2016-01-01,1492,0.0467907586207,50.0,0.1893138853672547,0.008639369599037387,0.009489805293988475,0.010133752348982223,5.06738625860129e-06,1.961820081894223e-06,5.725991629684371e-07,0.036805026722970785,0.036805030124206176,0.036805030328092826,6.905109974364914e-05,6.905115627014629e-05,6.905115965862116e-05,7.936381962191076e-50,0.0257421541001121,0.05631169643668981,0.0,0.00288696702032004,2616.541470040347,0.16805288528511275,0.015639676436766666,0.035127436839560405,0.012720627586190001
MIQUETLA-1616,2020-02-01,TAMPICO-MISANTLA,CNH-M5-MIQUETLA/2018,0.0461879310345,0.358424137931,0.0,0.0007469558620689997,0.0,2016.0,MIQUETLA,DESARROLLO,Disponible,VERACRUZ DE IGNACIO DE LA LLAVE,PRODUCTOR,1586.0,,ACEITE-GAS,DIRECCIONAL,TERRESTRE,1.0,38.0,2016-03-01,1432,0.105502193548,48.0,0.07800922146388145,0.047364044965260414,0.04735175036360296,0.051083547888625215,1.3832439781287088e-06,1.354475430793656e-06,2.396706438239485e-05,0.18727203225796185,0.18727203211607538,0.18727203224408484,0.02929304327631481,0.029293043324883146,0.029293043281064968,8.608667206143145e-50,0.10236084333011398,0.3880429374812789,0.0,0.004490906492635829,7760.1254246109365,0.016172100489001386,0.10592528735633333,0.16703466624366045,0.046934886896569
MIQUETLA-1608,2020-02-01,TAMPICO-MISANTLA,CNH-M5-MIQUETLA/2018,0.0606982413793,0.0312807517241,0.0,0.0280825172414,0.0,2016.0,MIQUETLA,DESARROLLO,Disponible,VERACRUZ DE IGNACIO DE LA LLAVE,PRODUCTOR,2101.0,,ACEITE-GAS,DIRECCIONAL,TERRESTRE,0.0,11.0,2016-04-01,1401,0.114626548387,47.0,0.1716216647366413,0.06304172196953581,0.06304143739431299,0.06323799769510048,5.491901276811965e-06,5.490567564772755e-06,6.450362143648428e-06,0.045873084262872274,0.04587306204473873,0.045924350674823665,0.00021293616892211216,0.00021293552049381974,0.0002144349902296353,8.977305372019534e-50,0.09497604001368604,0.0647879810365269,0.0,0.0410655264575022,515.348567162404,0.4626578398855723,0.06591169999998334,0.10577403685310716,0.0887807586207
MIQUETLA-833,2020-02-01,TAMPICO-MISANTLA,CNH-M5-MIQUETLA/2018,0.00656213448276,0.017676724137900002,0.0,0.00021621,0.0,2015.0,MIQUETLA,DESARROLLO,Disponible,VERACRUZ DE IGNACIO DE LA LLAVE,PRODUCTOR,2095.0,,ACEITE-GAS,DIRECCIONAL,TERRESTRE,0.0,8.0,2016-04-01,1401,0.030093716129,47.0,0.13444746001067842,0.004785923798358335,0.00477468047363779,0.00477471820363379,3.154924395382631e-06,3.194991834727061e-06,3.1948569548853854e-06,0.008301329997470016,0.008301326040268887,0.008301329877227662,8.789801528840892e-05,8.789808948906513e-05,8.789801754304786e-05,8.977305372019534e-50,0.010942447132084804,0.01981040718178869,0.0,0.0011304078010414558,2693.746095015301,0.032948120854277764,0.00950825517241,0.014244181662382912,0.00677834448276
MIQUETLA-849DES,2020-02-01,TAMPICO-MISANTLA,CNH-M5-MIQUETLA/2018,0.0340336793103,0.111698241379,0.0,0.00119481551724,0.0,2018.0,MIQUETLA,DESARROLLO,Confidencial,VERACRUZ DE IGNACIO DE LA LLAVE,PRODUCTOR,2124.5,2006.0,,DIRECCIONAL,TERRESTRE,0.0,13.0,2018-03-01,702,0.140881709677,23.0,0.23895300350772675,0.033178783358636624,0.03318581824329402,0.039766708639631436,7.308470881704267e-07,7.188683889445113e-07,3.286762529097448e-05,0.13890823388557277,0.1389082338700464,0.13890823130744476,0.0007403836922077464,0.0007403836913628007,0.0007403835519060651,3.715814506539833e-49,0.046775264913399,0.104181175470429,0.0,0.0033194386033977004,3281.99135804854,0.03510685713249932,0.05265005287346666,0.0641387941584705,0.03522849482754
MIQUETLA-1604DES,2020-02-01,TAMPICO-MISANTLA,CNH-M5-MIQUETLA/2018,0.0552511724138,0.0246452137931,0.0,0.164121551724,0.0,2018.0,MIQUETLA,DESARROLLO,Confidencial,VERACRUZ DE IGNACIO DE LA LLAVE,PRODUCTOR,2124.0,2075.0,ACEITE,DIRECCIONAL,TERRESTRE,0.0,13.0,2018-04-01,671,0.129192,22.0,-0.2995389201790346,0.08217904880315587,0.08220251394015955,0.08254247284916669,0.000725110526840429,0.0007263748100704727,0.0007448150794534458,0.0672824874436871,0.06728248771241208,0.0672824784941124,0.001817937104355049,0.0018179371272704495,0.0018179363411841977,4.058112166220274e-49,0.064647830600943,0.048443391154806587,0.0,0.06892389505036771,446.05775255810505,2.9704627893653095,0.05935870804598334,0.07272172912674411,0.2193727241378
MIQUETLA-827DES,2020-02-01,TAMPICO-MISANTLA,CNH-M5-MIQUETLA/2018,0.0333920310345,0.0239329241379,0.0,0.0250964413793,0.0,2018.0,MIQUETLA,DESARROLLO,Confidencial,VERACRUZ DE IGNACIO DE LA LLAVE,PRODUCTOR,2142.0,,,DIRECCIONAL,TERRESTRE,0.0,14.0,2018-06-01,610,0.0929294516129,20.0,-0.005437137476982712,0.02648217477080366,0.02698301155405135,0.02994082818545096,4.774611358494356e-05,4.1075530700770305e-05,1.1910801105284234e-05,0.020557652966526663,0.020574866159006635,0.022259368056415648,1.1392455480303948e-05,1.1276553389609404e-05,2.8007899578732645e-06,4.9014802470346045e-49,0.030070295377119003,0.02002160400524099,0.0,0.023360127151517102,716.7256197496033,0.7515697788304893,0.037380851724150004,0.03340722937799251,0.05848847241380001
MIQUETLA-1636DES,2020-02-01,TAMPICO-MISANTLA,CNH-M5-MIQUETLA/2018,0.0284668965517,0.0364242413793,0.0,0.0409782413793,0.0,2018.0,MIQUETLA,DESARROLLO,Confidencial,VERACRUZ DE IGNACIO DE LA LLAVE,PRODUCTOR,2112.0,2067.0,ACEITE Y GAS,DIRECCIONAL S,TERRESTRE,0.0,13.0,2018-07-01,580,0.0506611935484,19.0,0.15032666741346468,0.021048480365859705,0.021019615476792538,0.021019615161147913,5.503289870633727e-05,5.546199540867485e-05,5.546200011006343e-05,0.03654623128445963,0.036547570945278635,0.036545812015283105,1.4881536960855694e-08,1.5210181844479067e-08,1.4779419533337318e-08,5.425347222222222e-49,0.017100825819360004,0.021951077824788,0.0,0.0183251008681041,1279.5297623381007,1.439505051240046,0.03453760344825,0.020759338790157997,0.069445137931
MIQUETLA-1618DES,2020-02-01,TAMPICO-MISANTLA,CNH-M5-MIQUETLA/2018,0.012035437931,0.0806221724138,0.0,0.0206125689655,0.0,2018.0,MIQUETLA,DESARROLLO,Confidencial,VERACRUZ DE IGNACIO DE LA LLAVE,PRODUCTOR,2098.0,2073.0,ACEITE Y GAS,DIRECCIONAL,TERRESTRE,0.0,17.0,2018-07-01,580,0.0475833548387,19.0,0.1214807084449081,0.008462697510463716,0.009475660083202725,0.011240948349807862,1.2764474112533785e-05,6.552462630073654e-06,6.312136946228595e-07,0.07557491627279958,0.07557491346347114,0.07557491354804158,2.5474794552866447e-05,2.5474822911674747e-05,2.5474822057976995e-05,5.425347222222222e-49,0.012975922781246098,0.04761219731482501,0.0,0.0064894666864068005,6698.731934476544,1.712656330718773,0.02547246666663333,0.020911289000383606,0.0326480068965
MIQUETLA-1614DES,2020-02-01,TAMPICO-MISANTLA,CNH-M5-MIQUETLA/2018,0.00912792413793,0.0115053482759,0.0,0.0229211103448,0.0,2018.0,MIQUETLA,DESARROLLO,Confidencial,VERACRUZ DE IGNACIO DE LA LLAVE,PRODUCTOR,2077.0,2068.0,,DIRECCIONAL,TERRESTRE,0.0,13.0,2018-08-01,549,0.0536394516129,18.0,0.2180225877037607,0.007678773766979407,0.0076785555937406635,0.010572610396917098,2.100036797626241e-06,2.1006691768855163e-06,2.0871183869061362e-06,0.01381238880275673,0.013812422303228248,0.013812397355053676,5.322435992559378e-06,5.322590567572583e-06,5.322475453623829e-06,6.037918125830213e-49,0.010480249127824201,0.008287453708411769,0.0,0.0131579082416748,1260.456167475242,2.5110978135274,0.011045482183913333,0.011861491412559494,0.03204903448273
